Référence du projet;Méthode;Nom du projet;RE potentielles (tCO2);RE vérifiées (tCO2);Région administrative;Demandeur;Date de notification;Date de labelisation;Financé à
32151724;Boisement;Alliance Forêts Bois / GCF n°828 - Lonlay-l'Abbaye 1 (61) ;636;0;Normandie;Alliance Forêts bois;24/06/2026;11/08/2026;0.00 %
29449100;Boisement;Alliance Forêts Bois / GCF n°817 - Livarot-Pays-d'Auge 2 (14) ;192;0;Normandie;Alliance Forêts bois;18/02/2026;11/08/2026;0.00 %
30002178;Boisement;CNPF C+for n° 260 Audinghen (Deloitte France n° 9);671;0;Hauts-de-France;Olivier GLEIZES;19/03/2026;05/08/2026;0.00 %
30488933;Boisement;CNPF C+for n° 264 Tortefontaine;434;0;Hauts-de-France;Olivier GLEIZES;08/04/2026;04/08/2026;0.00 %
22326485;Reboisement;CNPF C+for n° 218 Saint-Méry (Eurofred, Gree Products France & Rolesco France n° 1);825;0;Ile de France;Olivier GLEIZES;05/02/2025;31/07/2026;0.00 %
26480867;Rénovation;CB3;628;0;Ile de France;WO2 HOLDING;17/09/2025;31/07/2026;0.00 %
28315554;Boisement;CNPF C+for n° 243 Castelsagrat (Pierre Fabre n° 8);1028;0;Occitanie;Olivier GLEIZES;22/01/2026;27/07/2026;0.00 %
22244016;Reboisement;SF²X4C_LE MONT;1664;0;Occitanie;SOCIETE FORESTIERE DE LA CAISSE DES DEPOTS ET CONSIGNATIONS;31/01/2025;27/07/2026;0.00 %
26969416;Boisement;Alliance Forêts Bois / GCF n°716 - Aussos 1 (32);410;0;Occitanie;Alliance Forêts bois;07/10/2025;27/07/2026;0.00 %
22244744;Reboisement;SF²X4C_LES ESCAUNELLES;3623;0;Occitanie;SOCIETE FORESTIERE DE LA CAISSE DES DEPOTS ET CONSIGNATIONS;31/01/2025;27/07/2026;0.00 %
26969747;Boisement;Alliance Forêts Bois / GCF n°719 - Lafitte 2 (82);581;0;Occitanie;Alliance Forêts bois;07/10/2025;27/07/2026;0.00 %
10821519;Vergers collectifs;VERGERS CDA 2;2597;0;Occitanie;CO2RESPONSABLES;08/12/2022;27/07/2026;0.00 %
26417854;Boisement;Alliance Forêt Bois / GCF n°673 - Garrigues 1 (81) ;508;0;Occitanie;Alliance Forêts bois;15/09/2025;27/07/2026;0.00 %
26430128;Reboisement;Reboisement de Boron ;2667;0;Pays de la Loire;Kloros;18/12/2025;24/07/2026;0.00 %
22167778;Boisement;Saint-Mars-d'Outille - Fransylva Services;632;0;Pays de la Loire;Fransylva Services ;28/01/2025;24/07/2026;0.00 %
29425820;Boisement;Boisement de terres agricoles - la Perrine;399;0;Pays de la Loire;SELARL PLAI-LEBLANC-LELIEVRE;04/03/2026;23/07/2026;0.00 %
26435928;Boisement;Fransylva services - Vieillevigne 2 ;7381;0;Pays de la Loire;FRANSYLVA SERVICES;15/09/2025;23/07/2026;0.00 %
29788330;Haies;Haies de la Cour Pean;597;0;Pays de la Loire;Le Printemps des Terres S.A.S;06/03/2026;23/07/2026;0.00 %
26372936;Boisement;Ecotree - Pays de la Loire (53) - 07;1971;0;Pays de la Loire;Ecotree;12/09/2025;23/07/2026;0.00 %
28320531;Boisement;Beauchamps sur Huillard - Fransylva Services;309;0;Centre Val de Loire;FRANSYLVA SERVICES;18/12/2025;22/07/2026;0.00 %
27962825;CarbonAgri;Projet de transition bas carbone en élevages bovins, Nouvelle Aquitaine - Oklima;23520;0;Nouvelle Aquitaine;Oklima;28/11/2025;21/07/2026;0.00 %
28595755;Reboisement;ONF - REBOISEMENT EN FORET COMMUNALE DE CLUNY;1307;0;Bourgogne Franche Comté;OFFICE NATIONAL DES FORETS BOURGOGNE FRANCHE COMTE;18/11/2025;21/07/2026;0.00 %
23412221;Reboisement;SYLVO/Coopérative CFBL n°21 - SAINT AGNAN - 2 (58);867;0;Bourgogne Franche Comté;CFBL Coopérative Forestière;02/04/2025;21/07/2026;0.00 %
27378344;Boisement;Oklima - Boisement à Gaujacq;888;0;Nouvelle Aquitaine;Oklima;27/10/2025;17/07/2026;0.00 %
31400180;Boisement;Projet Néosylva - Nouvelle-Aquitaine (64) - 2LEBR-125;2093;0;Nouvelle Aquitaine;NEOSYLVA INVESTISSEMENT FORESTIER;20/05/2026;17/07/2026;0.00 %
30137397;Boisement;CNPF C+for n° 236 Lamonzie-Saint-Martin (Suez n° 1);727;0;Nouvelle Aquitaine;Olivier GLEIZES;23/03/2026;17/07/2026;100.00 %
25964179;Boisement;P0069 _ SOCOGEF _ BOISEMENT ANCIENNES VIGNES _ LOUPIAC & GABARNAC (33);2367;0;Nouvelle Aquitaine;SASU SOCOGEF;11/04/2025;17/07/2026;0.00 %
30589352;Boisement;Carbonapp n°382 Boisement Beauronne (24);1115;0;Nouvelle Aquitaine;Carbonapp SAS;10/04/2026;17/07/2026;0.00 %
26968937;Boisement;Alliance Forêts Bois / GCF n°765 - La Roche-Chalais 6 (24);5927;0;Nouvelle Aquitaine;Alliance Forêts bois;07/10/2025;16/07/2026;0.00 %
30102944;Boisement;Forêt de Perfonts - îlot de Grange Neuve;2822;0;Nouvelle Aquitaine;Le Printemps des Terres S.A.S;20/03/2026;16/07/2026;0.00 %
27699894;Boisement;Projet Néosylva - Nouvelle-Aquitaine (87) - 2CHAM-124;471;0;Nouvelle Aquitaine;NEOSYLVA INVESTISSEMENT FORESTIER;13/11/2025;16/07/2026;0.00 %
31541525;Boisement;Alliance Forêts Bois / GCF n°856 - Saint-Justin 7 (40);896;0;Nouvelle Aquitaine;Alliance Forêts bois;27/05/2026;16/07/2026;0.00 %
26539049;Boisement;Alliance Forêt Bois / GCF n°698 - Brossac 1 (16) ;891;0;Nouvelle Aquitaine;Alliance Forêts bois;19/09/2025;16/07/2026;0.00 %
29691585;Boisement;Alliance Forêts Bois / GCF n°781 - Saint-Julien-d'Armagnac 3 (40);2722;0;Nouvelle Aquitaine;Alliance Forêts bois;02/03/2026;16/07/2026;0.00 %
30103349;Boisement;Forêt de Perfonts - îlot de Saint-Georges;2980;0;Nouvelle Aquitaine;Le Printemps des Terres S.A.S;20/03/2026;16/07/2026;0.00 %
27066676;Boisement;Oklima - Boisement à Flaujagues;734;0;Nouvelle Aquitaine;Oklima;10/10/2025;16/07/2026;0.00 %
22510665;Boisement;Oklima-Forêt-Aiguillon;696;0;Nouvelle Aquitaine;Oklima;14/02/2025;16/07/2026;0.00 %
28048376;Boisement;OKLIMA - Boisement à Fauillet - 2;5321;0;Nouvelle Aquitaine;Oklima;03/12/2025;16/07/2026;0.00 %
28368452;Reboisement;Oklima-Forêt-Landiras;3364;0;Nouvelle Aquitaine;Oklima;22/12/2025;16/07/2026;0.00 %
29693461;Boisement;Alliance Forêts Bois / GCF n°806 - Aurice 3 (40);746;0;Nouvelle Aquitaine;Alliance Forêts bois;02/03/2026;16/07/2026;0.00 %
20219339;Reboisement;Oklima -forêt- La Teste de Buch;698;0;Nouvelle Aquitaine;Oklima;30/09/2024;16/07/2026;0.00 %
30556621;Reboisement;Carbonapp n°368 Reboisement Saumos 3 (33);5023;0;Nouvelle Aquitaine;Carbonapp SAS;09/04/2026;16/07/2026;0.00 %
24928291;CarbonAgri;Stock CO2 n°346 - Pays de la Loire;7905;0;Pays de la Loire;;08/07/2025;15/07/2026;0.00 %
28557901;Boisement;Projet Néosylva - Normandie (61) - 2ETRE-125;1031;0;Normandie;NEOSYLVA INVESTISSEMENT FORESTIER;06/01/2026;15/07/2026;0.00 %
20512864;Boisement;Projet Néosylva - Pays de la Loire (85) - 2TOUC-123;5751;0;Pays de la Loire;NEOSYLVA INVESTISSEMENT FORESTIER;14/10/2024;15/07/2026;0.00 %
25574961;Reboisement;PROJET DE REBOISEMENT EN FC DE SAINT AVOLD _2025;923;0;Grand Est;EPIC Office National des Forêts (ONF);29/07/2025;15/07/2026;0.00 %
26764490;Boisement;VIEILLEVIGNE - Fransylva Services;2741;0;Pays de la Loire;FRANSYLVA SERVICES;20/09/2025;15/07/2026;0.00 %
27314637;Boisement;Boisement de la Croix des Fontaines;385;0;Pays de la Loire;SELARL CABINET LORNE;06/11/2025;15/07/2026;0.00 %
27531329;Boisement;Alliance Forêts Bois / GCF n°760 - Sainte-Brigitte 1 (56);1463;0;Bretagne;Alliance Forêts bois;04/11/2025;09/07/2026;0.00 %
26258250;Boisement;STOCK CO2 n°397 - Centre Val de Loire (37);1509;0;Centre Val de Loire;;08/09/2025;08/07/2026;0.00 %
21831149;Reboisement;SF²X4C_HERON_R1;4033;0;Grand Est;SOCIETE FORESTIERE DE LA CAISSE DES DEPOTS ET CONSIGNATIONS;10/01/2025;08/07/2026;0.00 %
31081339;Reboisement;CNPF C+for n° 276 Cussy-en-Morvan;198;0;Bourgogne Franche Comté;Olivier GLEIZES;04/05/2026;07/07/2026;0.00 %
28788150;Ville arborée;SF²X4C_Les Perspectives;30;0;Ile de France;SOCIETE FORESTIERE;12/02/2026;07/07/2026;0.00 %
31543980;Boisement;Alliance Forêts Bois / GCF n°838 - Coulounieix-Chamiers 1;496;0;Nouvelle Aquitaine;Alliance Forêts bois;27/05/2026;07/07/2026;0.00 %
20862621;Ville arborée;Végétalisation des abords de la Gare du Nord ;41;0;Ile de France;Ville de Paris ;25/11/2024;07/07/2026;0.00 %
28786882;Ville arborée;SF²X4C_Parc des Baladins;56;0;Ile de France;SOCIETE FORESTIERE;12/02/2026;07/07/2026;0.00 %
26055915;Grandes Cultures;ReSoil - 2025 - Essonne n°1;400;0;Ile de France;ReSoil;31/08/2024;07/07/2026;100.00 %
27414346;Balivage;MaForêt #145 - Saint-Martin-des-Champs (78);90;0;Ile de France;Actiforest;05/11/2025;07/07/2026;0.00 %
29409591;CarbonAgri;Projet de transition bas carbone Normandie - Oklima;4180;0;Normandie;Oklima;16/02/2026;06/07/2026;0.00 %
24800427;Haies;Haies de la Petellerie;145;0;Normandie;Le Printemps des Terres S.A.S;17/06/2025;06/07/2026;0.00 %
28072175;Boisement;Carbonapp n°345 Boisement Parleboscq 2 (40);4382;0;Nouvelle Aquitaine;Carbonapp SAS;04/12/2025;03/07/2026;0.00 %
28550204;Boisement;Alliance Forêts Bois / GCF n°762 - Saubusse 1 (40);449;0;Nouvelle Aquitaine;Alliance Forêts bois;06/01/2026;03/07/2026;0.00 %
27602776;Boisement;Alliance Forêts Bois / GCF n°747 - Baleix 1 (64);456;0;Nouvelle Aquitaine;Alliance Forêts bois;07/11/2025;03/07/2026;0.00 %
19637779;Grandes Cultures;Projet Haut de France <> SysFarm N°33;436;0;Hauts-de-France;SAS SYSFARM;29/08/2024;02/07/2026;0.00 %
27585563;Boisement;Hendecourt les Cagnicourt - Fransylva services;260;0;Hauts-de-France;FRANSYLVA SERVICES;06/11/2025;02/07/2026;0.00 %
29114965;Boisement;CNPF C+for n° 259 Bomy (Deloitte France n° 8);2346;0;Hauts-de-France;Olivier GLEIZES;09/02/2026;02/07/2026;0.00 %
21460503;Reboisement;SF²X4C_PERRIERE_R1;4083;0;Bourgogne Franche Comté;SOCIETE FORESTIERE;13/12/2024;02/07/2026;0.00 %
28448708;Boisement;SYLVO/UNISYLVA-N°29-Coulandon (03000);2855;0;Auvergne Rhône Alpes;UNISYLVA;30/12/2025;02/07/2026;0.00 %
25975270;Reboisement;ONF - reboisement en forêt domaniale d'ANDIGNY;3125;0;Hauts-de-France;OFFICE NATIONAL DES FORETS BOURGOGNE FRANCHE COMTE;27/02/2025;02/07/2026;0.00 %
29080728;Boisement;SYLVO/Forêt d'ici - 38 Rubempré (80);3528;0;Hauts-de-France;Forêts & Bois de l'Est;30/01/2026;02/07/2026;0.00 %
30169480;Reboisement;Carbonapp n°363 Reboisement Sainte-Hélène 2 (33);2413;0;Nouvelle Aquitaine;Carbonapp SAS;24/03/2026;30/06/2026;0.00 %
24697804;Boisement;EcoTree - Bretagne (56) - 17;3456;0;Bretagne;Ecotree;24/06/2025;26/06/2026;0.00 %
30870012;Gestion forestière à stock continu;Maa Biodiversity 028a - La trame vivante de l’Orne (61);2378;0;Normandie;Maa Biodiversity;23/04/2026;23/06/2026;0.00 %
29231595;Boisement;CNPF C+for n° 261 Venas (Deloitte France n° 10);352;0;Auvergne Rhône Alpes;Olivier GLEIZES;06/02/2026;22/06/2026;0.00 %
30045790;Boisement;CNPF C+for n° 270 Tour de France 2026 Marcolès (A.S.O. n° 48);486;0;Auvergne Rhône Alpes;Olivier GLEIZES;18/03/2026;22/06/2026;0.00 %
21459976;Reboisement;SF²X4C_JOIGNY_R3;27817;0;Bourgogne Franche Comté;SOCIETE FORESTIERE;13/12/2024;22/06/2026;0.00 %
31022146;Reboisement;Carbonapp n°383 Reboisement Sainte-Hélène 3 (33);16029;0;Nouvelle Aquitaine;Carbonapp SAS;30/04/2026;19/06/2026;0.00 %
30106877;Boisement;SYLVO/Coopérative CFBL n°39 - GENTIOUX-PIGEROLLES (23);608;0;Nouvelle Aquitaine;CFBL Coopérative Forestière;20/03/2026;19/06/2026;0.00 %
30522021;Reboisement;Carbonapp n°364 Reboisement Landiras 2 (33);1879;0;Nouvelle Aquitaine;Carbonapp SAS;08/04/2026;19/06/2026;0.00 %
31405940;Boisement;MaForêt #149 - Puyoô 64;439;0;Nouvelle Aquitaine;Actiforest;20/05/2026;19/06/2026;0.00 %
29958020;Reboisement;Carbonapp n°367 Reboisement Vensac 3 (33);664;0;Nouvelle Aquitaine;Carbonapp SAS;24/03/2026;19/06/2026;0.00 %
30546541;Reboisement;Carbonapp n°369 Reboisement Hostens 2 (33);3817;0;Nouvelle Aquitaine;Carbonapp SAS;09/04/2026;19/06/2026;0.00 %
30398822;Reboisement;Carbonapp n°365 Reboisement Saint-Symphorien 2 (33);19233;0;Nouvelle Aquitaine;Carbonapp SAS;02/04/2026;19/06/2026;0.00 %
27940050;Boisement;Alliance Forêts Bois / GCF n°756 - Saint-Amans-Valtoret 1 (81)	;462;0;Occitanie;Alliance Forêts bois;27/11/2025;17/06/2026;0.00 %
27824468;Boisement;Alliance Forêts Bois / GCF n°735 - Fréjairolles 1 (81) ;1081;0;Occitanie;Alliance Forêts bois;20/11/2025;17/06/2026;0.00 %
29779347;Boisement;CNPF C+for n° XX Tour de France 2026 Lantenne-Vertière (A.S.O. n° XX);565;0;Bourgogne Franche Comté;Olivier GLEIZES;05/03/2026;17/06/2026;0.00 %
27922877;Reboisement;ONF - REBOISEMENT EN FORET COMMUNALE D'ANTEUIL;2366;0;Bourgogne Franche Comté;OFFICE NATIONAL DES FORETS BOURGOGNE FRANCHE COMTE;26/11/2025;17/06/2026;0.00 %
30804149;Boisement;CNPF C+for n° 274 Tour de France femmes 2026 Thorey-sous-Charny (A.S.O. n° 52);1109;0;Bourgogne Franche Comté;Olivier GLEIZES;21/04/2026;17/06/2026;0.00 %
29691355;Boisement;Alliance Forêts Bois / GCF n°779 - Bonneuil-Matours 2 (86);1633;0;Nouvelle Aquitaine;Alliance Forêts bois;02/03/2026;16/06/2026;0.00 %
26416032;Boisement;Alliance Forêts Bois / GCF n°654 - Rosiers-d'Égletons 1 (19) ;2031;0;Nouvelle Aquitaine;Alliance Forêts bois;15/09/2025;16/06/2026;0.00 %
30309855;Boisement;Alliance Forêts Bois / GCF n°830 - Ruch 1 (33);4223;0;Nouvelle Aquitaine;Alliance Forêts bois;30/03/2026;16/06/2026;0.00 %
27577604;Boisement;Oklima - Boisement à Fauillet;5175;0;Nouvelle Aquitaine;Oklima;06/11/2025;16/06/2026;0.00 %
29692953;Boisement; Alliance Forêts Bois / GCF n°801 - Labastide-d'Armagnac 1 (40) 	;558;0;Nouvelle Aquitaine;Alliance Forêts bois;02/03/2026;16/06/2026;0.00 %
26539390;Boisement;Alliance Forêt Bois / GCF n°701 - Lugon-et-l'Île-du-Carnay 2 (33);894;0;Nouvelle Aquitaine;Alliance Forêts bois;19/09/2025;16/06/2026;0.00 %
30397959;Boisement;Alliance Forêts Bois / GCF n°831 - Tartas 1 (40);698;0;Nouvelle Aquitaine;Alliance Forêts bois;02/04/2026;16/06/2026;0.00 %
29576835;Boisement;Alliance Forêts Bois / GCF n°743 - Pleuville 1 (16);1953;0;Nouvelle Aquitaine;Alliance Forêts bois;24/02/2026;16/06/2026;0.00 %
29694273;Boisement;Alliance Forêts Bois / GCF n°820 - Civrac-de-Blaye 2 (33);1645;0;Nouvelle Aquitaine;Alliance Forêts bois;02/03/2026;16/06/2026;0.00 %
27273575;Boisement;Alliance Forêts Bois / GCF n°732 - Saint-André-de-Double 1 (24)	;409;0;Nouvelle Aquitaine;Alliance Forêts bois;21/10/2025;16/06/2026;0.00 %
30660765;Boisement;Alliance Forêts Bois / GCF n°842 - Saint-Martial 1 (33);1432;0;Nouvelle Aquitaine;Alliance Forêts bois;14/04/2026;16/06/2026;0.00 %
26804922;Boisement;OKLIMA - Forêt à Ombrée d'Anjou;1447;0;Pays de la Loire;Oklima;30/09/2025;15/06/2026;0.00 %
25703790;Boisement;OKLIMA - Forêt de Sainte-Cécile ;3234;0;Pays de la Loire;Oklima;06/08/2025;15/06/2026;0.00 %
27167292;Boisement;POIROUX 3 - Fransylva Services;2271;0;Pays de la Loire;Fransylva Services ;15/10/2025;15/06/2026;0.00 %
26800361;Boisement;OKLIMA - Forêt à Issé;919;0;Pays de la Loire;Oklima;30/09/2025;15/06/2026;0.00 %
28602105;Boisement;Boisement - La Viandrie;1115;0;Pays de la Loire;SELARL PLAI-LEBLANC-LELIEVRE;05/02/2026;15/06/2026;0.00 %
20442020;Boisement;Projet Néosylva - Pays de la Loire (44) - 2GOUA-122;230;0;Pays de la Loire;NEOSYLVA INVESTISSEMENT FORESTIER;10/10/2024;15/06/2026;0.00 %
26748016;Boisement;P0070 _ SOCOGEF _ BOISEMENT ANCIENNES VIGNES _ LES LEVES ET THOUMEYRAGUES (33);2408;0;Nouvelle Aquitaine;SASU SOCOGEF;29/09/2025;12/06/2026;0.00 %
29692592;Boisement;Alliance Forêts Bois / GCF n°798 - Fours 1 (33);423;0;Nouvelle Aquitaine;Alliance Forêts bois;02/03/2026;12/06/2026;0.00 %
28089225;Boisement;CNPF C+for n° 250 Saint-Martin-du-Bois (Teréga n° 13);1691;0;Nouvelle Aquitaine;Olivier GLEIZES;05/12/2025;12/06/2026;100.00 %
30946082;Boisement;Alliance Forêts Bois / GCF n°832 - Betbezer-d'Armagnac 1 (40);2774;0;Nouvelle Aquitaine;Alliance Forêts bois;27/04/2026;12/06/2026;0.00 %
25956085;Grandes Cultures;Carbone Farmers - Centre Val de Loire - 3iem projet collectif;99051;0;Centre Val de Loire;Carbone Farmers;26/08/2025;12/06/2026;0.00 %
29691773;Boisement;Alliance Forêts Bois / GCF n°790 - Uchacq-et-Parentis 1 (40);4363;0;Nouvelle Aquitaine;Alliance Forêts bois;02/03/2026;12/06/2026;0.00 %
27065972;Boisement;OKLIMA - Boisement à Saint-Macaire;1172;0;Nouvelle Aquitaine;Oklima;10/10/2025;12/06/2026;0.00 %
29694537;Boisement;Alliance Forêts Bois / GCF n°822 - La Roche-Chalais 7 (24) 	;358;0;Nouvelle Aquitaine;Alliance Forêts bois;02/03/2026;12/06/2026;0.00 %
29577124;Boisement;Alliance Forêts Bois / GCF n°768 - Coubeyrac 2 (33);989;0;Nouvelle Aquitaine;Alliance Forêts bois;24/02/2026;12/06/2026;0.00 %
31002640;Boisement;Alliance Forêts Bois / GCF n°826 - Saint-André-et-Appelles 1 (33) 	;1007;0;Nouvelle Aquitaine;Alliance Forêts bois;29/04/2026;12/06/2026;0.00 %
26336286;Boisement;Alliance Forêts Bois / GCF n°625 - Villefranche-du-Périgord 2 (24) ;3102;0;Nouvelle Aquitaine;Alliance Forêts bois;11/09/2025;12/06/2026;0.00 %
29692169;Boisement;Alliance Forêts Bois / GCF n°797 - Sallebœuf 1 (33);1663;0;Nouvelle Aquitaine;Alliance Forêts bois;02/03/2026;12/06/2026;0.00 %
27066891;Boisement;Oklima - Boisement à Cabara;853;0;Nouvelle Aquitaine;Oklima;10/10/2025;12/06/2026;0.00 %
29879277;Boisement;CNPF C+for n° 258 Tincques (Deloitte France n° 7);1343;0;Hauts-de-France;Olivier GLEIZES;10/03/2026;12/06/2026;0.00 %
29690495;Boisement;Alliance Forêts Bois / GCF n°774 - Les Lèves-et-Thoumeyragues 3 (33) 	;1406;0;Nouvelle Aquitaine;Alliance Forêts bois;03/03/2026;12/06/2026;0.00 %
27532011;Boisement;SIXT SUR AFF - Fransylva Services;5108;0;Bretagne;Fransylva Services ;04/11/2025;09/06/2026;0.00 %
25469551;Gestion forestière à stock continu;Maa Biodiversity - Simouët, sur les rives de la Petite Sauldre (18, 41) - Centre Val de Loire;2450;0;Centre Val de Loire;Maa Biodiversity;25/03/2026;09/06/2026;0.00 %
22177859;Boisement;CNPF C+for n° 217 Han-sur-Nied;775;0;Grand Est;Olivier GLEIZES;28/01/2025;09/06/2026;0.00 %
31227820;Ecométhane;Carbonapp/Bleu-Blanc-Coeur - Dossier Collectif n°2 Ecométhane - Projets n°370 à 381;2569;0;Grand Est;Carbonapp SAS;11/05/2026;08/06/2026;0.00 %
27077093;Boisement;SYLVO/Coopérative CFBL n°28 - FRENOIS (21);410;0;Bourgogne Franche Comté;CFBL Coopérative Forestière;10/10/2025;05/06/2026;0.00 %
23417508;Reboisement;SYLVO/Coopérative CFBL n°22 - LA ROCHE EN BRENIL (21);2200;0;Bourgogne Franche Comté;CFBL Coopérative Forestière;02/04/2025;05/06/2026;0.00 %
29189384;Haies;Les Haies de Herleville;210;0;Hauts-de-France;Le Printemps des Terres S.A.S;04/02/2026;05/06/2026;0.00 %
21320612;Reboisement;Encourlet;6877;0;Auvergne Rhône Alpes;Le Printemps des Terres S.A.S;05/12/2024;01/06/2026;0.00 %
21096730;Boisement;SYLVO/UNISYLVA-N°15-Chavroches (03);841;0;Auvergne Rhône Alpes;UNISYLVA;21/11/2024;28/05/2026;0.00 %
26969083;Boisement;Alliance Forêts Bois / GCF n°713 - Lias-d'Armagnac 2 (32) ;2499;0;Occitanie;Alliance Forêts bois;07/10/2025;28/05/2026;0.00 %
28259250;Plantation de vergers;Carbonapp n°352 Verger Senantes (28);544;0;Centre Val de Loire;Carbonapp SAS;27/05/2026;27/05/2026;0.00 %
21626765;Rénovation;Métropole Européenne de Lille - travaux de réhabilitation énergétique du crématorium d'Herlies (59134);5;0;Hauts-de-France;METROPOLE EUROPEENNE DE LILLE;26/12/2024;26/05/2026;0.00 %
28326015;Boisement;OKLIMA - Forêt de Bellou-le-trichard;922;0;Normandie;Oklima;18/12/2025;26/05/2026;0.00 %
22304102;Boisement;Carbonapp n°336 Boisement Wierre-Effroy (62);2986;0;Hauts-de-France;Carbonapp SAS;04/02/2025;26/05/2026;0.00 %
27308086;Boisement;SYLVO/Forêt d'ici - 14 Haramont (02);544;0;Hauts-de-France;Forêts & Bois de l'Est;22/10/2025;26/05/2026;0.00 %
18656900;Boisement;SYLVO/Forêt d'Ici - 7 Lafresguimont Saint-Martin;1557;0;Hauts-de-France;Coopérative Nord Seine Forêt Aménagement Approvisionnement;27/06/2024;26/05/2026;0.00 %
26968681;Boisement;Alliance Forêts Bois / GCF n°710 - Hénanbihen (22);280;0;Bretagne;Alliance Forêts bois;07/10/2025;26/05/2026;0.00 %
27531435;Boisement;Alliance Forêts Bois / GCF n°761 - Bannalec 4 (29);1192;0;Bretagne;Alliance Forêts bois;04/11/2025;26/05/2026;0.00 %
28261235;Vergers collectifs;Carbonapp - Dossier Collectif - Vergers n°8;2101;0;Centre Val de Loire;Carbonapp SAS;15/12/2025;26/05/2026;0.00 %
27638222;Boisement;Carbonapp n°342 Boisement Aire-sur-la-Lys (62);670;0;Hauts-de-France;Carbonapp SAS;10/11/2025;26/05/2026;0.00 %
22304291;Boisement;Carbonapp n°359 Boisement Reclinghem (62);539;0;Hauts-de-France;Carbonapp SAS;04/02/2025;26/05/2026;100.00 %
27400203;Reboisement;Reboisement d'un peuplement incendié - Commune de LANMEUR (29);878;0;Bretagne;Forestry France;24/11/2025;26/05/2026;0.00 %
27941398;Boisement;Alliance Forêts Bois / GCF n°771 - Cléguérec 1 (56);757;0;Bretagne;Alliance Forêts bois;27/11/2025;26/05/2026;0.00 %
27531572;Boisement;Alliance Forêts Bois / GCF n°764 - Surzur 1 (56);1604;0;Bretagne;Alliance Forêts bois;04/11/2025;26/05/2026;0.00 %
27712835;CarbonAgri;Projet de transition bas carbone dans l'Oise - Oklima;4732;0;Hauts-de-France;Oklima;14/11/2025;26/05/2026;0.00 %
29544700;Boisement;Boisement - Commune de PLONEVEZ DU FAOU (29);1516;0;Bretagne;Forestry France;23/02/2026;26/05/2026;0.00 %
27531116;Boisement;Alliance Forêts Bois / GCF n°759 - Sibiril 1 (29);885;0;Bretagne;Alliance Forêts bois;04/11/2025;26/05/2026;0.00 %
28070514;Boisement;SYLVO/Forêt d'ici - 22 CONTEVILLE;3274;0;Normandie;Forêts & Bois de l'Est;04/12/2025;26/05/2026;0.00 %
27922253;Boisement;OKLIMA - Forêt de Sorbon;2015;0;Grand Est;Oklima;26/11/2025;22/05/2026;0.00 %
26153238;Reboisement;OKLIMA - Forêt Saint-Aubin-en-Charollais;3917;0;Bourgogne Franche Comté;Oklima;30/07/2025;22/05/2026;0.00 %
25207173;Boisement;SYLVO/UNISYLVA-N°21-Saligny sur Roudon (03);2061;0;Auvergne Rhône Alpes;UNISYLVA;07/07/2025;21/05/2026;0.00 %
26422862;Boisement;Alliance Forêt Bois / GCF n°687 - Heugas 1 (40);1261;0;Nouvelle Aquitaine;Alliance Forêts bois;15/09/2025;18/05/2026;0.00 %
28048020;Boisement;OKLIMA - Boisement à Loupiac;1335;0;Nouvelle Aquitaine;Oklima;03/12/2025;18/05/2026;0.00 %
20734894;Boisement;Projet Néosylva - Nouvelle-Aquitaine (86) - 2BONI-124;2829;0;Nouvelle Aquitaine;NEOSYLVA INVESTISSEMENT FORESTIER;28/10/2024;18/05/2026;0.00 %
26689431;Boisement;Alliance Forêts Bois / GCF n°708 - Saint-Seurin-de-Cursac (33);272;0;Nouvelle Aquitaine;Alliance Forêts bois;25/09/2025;18/05/2026;0.00 %
28276721;Boisement;CNPF C+for n° 152 Sardent;274;0;Nouvelle Aquitaine;Olivier GLEIZES;16/12/2025;18/05/2026;0.00 %
26356283;Boisement;Alliance Forêts Bois / GCF n°639 - Yvrac 1 (33) ;1270;0;Nouvelle Aquitaine;Alliance Forêts bois;11/09/2025;18/05/2026;0.00 %
27927014;Boisement;Projet Néosylva - Nouvelle-Aquitaine (47) - 2PROU-125;463;0;Nouvelle Aquitaine;NEOSYLVA INVESTISSEMENT FORESTIER;26/11/2025;18/05/2026;0.00 %
28464544;Boisement;Alliance Forêts Bois / GCF n°746 - Saint-Médard 1 (64);808;0;Nouvelle Aquitaine;Alliance Forêts bois;31/12/2025;18/05/2026;0.00 %
23955075;Construction;Villa Serena;1212;0;Normandie;ELAN;29/04/2025;13/05/2026;0.00 %
26898665;Boisement;MONBEQUI - Fransylva Services;543;0;Occitanie;Fransylva Services ;03/10/2025;12/05/2026;0.00 %
28700951;Boisement;OKLIMA - Forêt de Beauclair;1279;0;Grand Est;Oklima;13/01/2026;12/05/2026;0.00 %
26969535;Boisement;Alliance Forêts Bois / GCF n°717 - Samatan 1 (32);957;0;Occitanie;Alliance Forêts bois;07/10/2025;12/05/2026;0.00 %
27753543;Boisement;STOCK CO2 n°420 - Centre Val de Loire (45);1024;0;Centre Val de Loire;;17/11/2025;12/05/2026;0.00 %
29570103;Boisement;CNPF C+for n° 219 Glos (ALiS n° 2);1705;0;Normandie;Olivier GLEIZES;09/03/2026;11/05/2026;0.00 %
21941608;Boisement;SAINT CLEMENT DE LA PLACE - Fransylva Services;3475;0;Pays de la Loire;Fransylva Services ;16/01/2025;07/05/2026;0.00 %
10765472;Plantation de vergers;SCEA DES LOGES DE BAILLY;457;0;Ile de France;CO2RESPONSABLES;06/05/2026;06/05/2026;0.00 %
10765305;Plantation de vergers;EARL DU MOULIN;909;0;Hauts-de-France;CO2RESPONSABLES;06/05/2026;06/05/2026;0.00 %
10765184;Plantation de vergers;EARL DE LA FONTAINE;660;0;Ile de France;CO2RESPONSABLES;06/05/2026;06/05/2026;0.00 %
10765504;Plantation de vergers;EARL DUMAINE;390;0;Ile de France;CO2RESPONSABLES;06/05/2026;06/05/2026;0.00 %
10765338;Plantation de vergers;EARL VINCENT;581;0;Hauts-de-France;CO2RESPONSABLES;06/05/2026;06/05/2026;0.00 %
10765417;Plantation de vergers;SCEA DE L'OUCHETTE;308;0;Hauts-de-France;CO2RESPONSABLES;06/05/2026;06/05/2026;0.00 %
10765241;Plantation de vergers;EARL BOUVRAIN LA BROSSE;1007;0;Ile de France;CO2RESPONSABLES;06/05/2026;06/05/2026;0.00 %
10765520;Plantation de vergers;EARL BRIE MONTOIS;636;0;Ile de France;CO2RESPONSABLES;06/05/2026;06/05/2026;0.00 %
10765364;Plantation de vergers;EARL FERRY BEAURAIN;1415;0;Hauts-de-France;CO2RESPONSABLES;06/05/2026;06/05/2026;0.00 %
27308654;Grandes Cultures;Leyton-Ofee - Moselle - Projet KAR_1;1530;0;Grand Est;LEYTON-OFEE;22/10/2025;04/05/2026;0.00 %
26415919;Boisement;Alliance Forêts Bois / GCF n° 652 - Uzeste 3 (33) ;1247;0;Nouvelle Aquitaine;Alliance Forêts bois;15/09/2025;04/05/2026;0.00 %
27307991;Grandes Cultures;Leyton-Ofee - Moselle - Projet MAR;1270;0;Grand Est;LEYTON-OFEE;22/10/2025;04/05/2026;0.00 %
29449005;Reboisement; Alliance Forêts Bois / GCF n°813 - Saint-Sauveur-le-Vicomte 1 (50);836;0;Normandie;Alliance Forêts bois;18/02/2026;28/04/2026;0.00 %
19642226;Boisement;VICQ EXEMPLET - Fransylva Services;464;0;Centre Val de Loire;Fransylva Services ;29/08/2024;28/04/2026;0.00 %
27307491;Grandes Cultures;Leyton-Ofee - Moselle - Projet BON;1280;0;Grand Est;LEYTON-OFEE;22/10/2025;28/04/2026;0.00 %
30180019;Boisement;Oklima - Forêt - Eygurande-et-Gardedeuil,;2675;0;Nouvelle Aquitaine;Oklima;24/03/2026;27/04/2026;0.00 %
19513190;Rénovation;Eau de Paris - Rénovation du nouveau siège social Le Malraux;301;0;Ile de France;Coopérative Carbone Paris & Métropole du Grand Paris;21/08/2024;27/04/2026;0.00 %
27273907;Boisement;Alliance Forêts Bois / GCF n°738 - Escalans 1 (40);280;0;Nouvelle Aquitaine;Alliance Forêts bois;21/10/2025;27/04/2026;0.00 %
8933943;Reboisement;Forêt domaniale de Marly;2331;0;Ile de France;EPIC - ONF;23/09/2021;27/04/2026;0.00 %
20988207;Boisement;SF²X4C_Maubuisson_B3;5454;0;Ile de France;SOCIETE FORESTIERE DE LA CAISSE DES DEPOTS ET CONSIGNATIONS;14/11/2024;27/04/2026;54.85 %
29608550;Reboisement;Alliance Forêts Bois / GCF n°740 - Saint-Jacques-de-Néhou 2 (50) 	;376;0;Normandie;Alliance Forêts bois;26/02/2026;27/04/2026;0.00 %
10683508;Reboisement;ONF - reboisement en forêt domaniale de Montmorency n°2;2487;0;Ile de France;OFFICE NATIONAL DES FORETS;24/11/2022;27/04/2026;0.00 %
26721369;Boisement;SYLVO/Coopérative CFBL n°26 - SALON LA TOUR (19);2608;0;Nouvelle Aquitaine;CFBL Coopérative Forestière;26/09/2025;27/04/2026;0.00 %
26629475;Boisement;Projet Néosylva - Nouvelle-Aquitaine (64) - 2TOUL-124;1008;0;Nouvelle Aquitaine;NEOSYLVA INVESTISSEMENT FORESTIER;23/09/2025;24/04/2026;0.00 %
29876377;Boisement;Carbonapp n°362 Boisement Targon 1 (33);4925;0;Nouvelle Aquitaine;Carbonapp SAS;10/03/2026;24/04/2026;0.00 %
27792394;Boisement;Oklima - Boisement à Baurech;1742;0;Nouvelle Aquitaine;Oklima;19/11/2025;24/04/2026;0.00 %
26357473;Boisement;Alliance Forêts Bois / GCF n°641 - Leyritz-Moncassin 1 (47);1361;0;Nouvelle Aquitaine;Alliance Forêts bois;11/09/2025;24/04/2026;0.00 %
29437244;Boisement;Carbonapp n°361 Boisement Naujac-sur-Mer (33);591;0;Nouvelle Aquitaine;Carbonapp SAS;17/02/2026;24/04/2026;0.00 %
26629811;Boisement;Projet Néosylva - Nouvelle-Aquitaine (64) - 2ARRO-125;472;0;Nouvelle Aquitaine;NEOSYLVA INVESTISSEMENT FORESTIER;23/09/2025;24/04/2026;0.00 %
26349001;Boisement;Alliance Forêts Bois / GCF n°627 - Boisredon 2 (17);571;0;Nouvelle Aquitaine;Alliance Forêts bois;11/09/2025;24/04/2026;0.00 %
27930947;Boisement;Alliance Forêt Bois / GCF - Mont-de-Marsan 1 (40) n° 657;728;0;Nouvelle Aquitaine;Alliance Forêts bois;27/11/2025;24/04/2026;0.00 %
26419006;Boisement;Alliance Forêt Bois / GCF n° 680 - Saint-André-du-Bois 1 (33) ;812;0;Nouvelle Aquitaine;Alliance Forêts bois;15/09/2025;24/04/2026;0.00 %
29689091;Boisement;Projet Néosylva - Nouvelle-Aquitaine (16) - 2PARC-125;450;0;Nouvelle Aquitaine;NEOSYLVA INVESTISSEMENT FORESTIER;02/03/2026;24/04/2026;0.00 %
27066469;Boisement;Oklima - Boisement à Meilhan-sur-Garonne;3649;0;Nouvelle Aquitaine;Oklima;10/10/2025;24/04/2026;0.00 %
26355775;Boisement;Alliance Forêts Bois / GCF n°637 - Dardenac 1 (33) ;1278;0;Nouvelle Aquitaine;Alliance Forêts bois;11/09/2025;24/04/2026;0.00 %
28735966;Boisement;MaForêt #146 - La Chapelle-Bertin (43);408;0;Auvergne Rhône Alpes;Actiforest;14/01/2026;24/04/2026;0.00 %
28560807;Reboisement;Alliance Forêts Bois / GCF n°772 - La Teste-de-Buch 14 (33);1028;0;Nouvelle Aquitaine;Alliance Forêts bois;07/01/2026;22/04/2026;0.00 %
25526551;Boisement;CNPF C+for n° 240 Evaux-les-Bains n° 1 (IAE Paris n° 7);837;0;Nouvelle Aquitaine;Olivier GLEIZES;25/07/2025;22/04/2026;100.00 %
29694385;Boisement;Alliance Forêts Bois / GCF n°821 - Damazan 1 (47);521;0;Nouvelle Aquitaine;Alliance Forêts bois;02/03/2026;22/04/2026;0.00 %
28324657;Boisement;Alliance Forêts Bois / GCF n°752 - Nassiet 2 (40);3334;0;Nouvelle Aquitaine;Alliance Forêts bois;18/12/2025;22/04/2026;0.00 %
28710560;Boisement;Carbonapp n°356 Boisement Eugénie-les-Bains (40);2382;0;Nouvelle Aquitaine;Carbonapp SAS;13/01/2026;22/04/2026;0.00 %
26023333;Boisement;CNPF C+for n° 241 Evaux-les-Bains n° 2 (Pierre Fabre n° 10);782;0;Nouvelle Aquitaine;Olivier GLEIZES;29/08/2025;22/04/2026;100.00 %
28376665;Boisement;Carbonapp n°353 Boisement Sainte-Colombe 3 (40);2227;0;Nouvelle Aquitaine;Carbonapp SAS;22/12/2025;22/04/2026;0.00 %
29690642;Boisement;Alliance Forêts Bois / GCF n°775 - Villefranche-du-Queyran 1 (47);882;0;Nouvelle Aquitaine;Alliance Forêts bois;02/03/2026;22/04/2026;0.00 %
26970491;Boisement;Alliance Forêts Bois / GCF n°726 - Mouliets-et-Villemartin 1 (33);539;0;Nouvelle Aquitaine;Alliance Forêts bois;07/10/2025;22/04/2026;0.00 %
21003714;Boisement;CNPF C+for n° 166 Morbihan (Région Bretagne n° 1);130;0;Bretagne;Olivier GLEIZES;15/11/2024;20/04/2026;0.00 %
21536237;Reboisement;Oklima - Forêt - Guerlesquin/Plounérin;1972;0;Bretagne;Oklima;18/12/2024;20/04/2026;0.00 %
21602463;Reboisement;Oklima - forêt - Pleyben;2715;0;Bretagne;Oklima;23/12/2024;20/04/2026;0.00 %
27967894;Reboisement;Carbonapp n°344 Reboisement Broye (71);923;0;Bourgogne Franche Comté;Carbonapp SAS;28/11/2025;15/04/2026;0.00 %
25629587;Boisement;Alliance Forêts Bois / GCF n° 651 - Asnières-sur-Vègre 1 (72) ;268;0;Pays de la Loire;Alliance Forêts bois;01/08/2025;14/04/2026;0.00 %
26355490;Boisement;Alliance Forêts Bois / GCF n°635 - Loubens 1 (33) ;1374;0;Nouvelle Aquitaine;Alliance Forêts bois;11/09/2025;14/04/2026;0.00 %
25986537;Gestion forestière à stock continu;La Belle Forêt - Jaterie - 28;29142;0;Centre Val de Loire;La Belle Forêt ;27/08/2025;14/04/2026;0.00 %
28738026;Boisement;LION D'ANGERS 1 - Fransylva Services;1847;0;Pays de la Loire;Fransylva Services ;14/01/2026;14/04/2026;0.00 %
26338340;Boisement;TILH - Fransylva Services;1972;0;Nouvelle Aquitaine;Fransylva Services ;11/09/2025;14/04/2026;100.00 %
26624552;Boisement;Boisement de Vrigné;6926;0;Pays de la Loire;SELARL CABINET LORNE;06/10/2025;14/04/2026;0.00 %
24680940;Boisement;Alliance Forêts Bois / GCF n° 638 - Quinsac 1 (33) ;3907;0;Nouvelle Aquitaine;Alliance Forêts bois;29/07/2025;14/04/2026;0.00 %
26344091;Boisement;Alliance Forêts Bois / GCF n°622 - Marsas 1 (33);1729;0;Nouvelle Aquitaine;Alliance Forêts bois;11/09/2025;14/04/2026;0.00 %
27063660;Boisement;Boisement - La Houssaye;521;0;Pays de la Loire;SELARL PLAI-LEBLANC-LELIEVRE;09/01/2026;14/04/2026;0.00 %
23513541;Sobac'eco-tmm;Leyton-Ofee - Moselle - Projet RIS;2210;0;Grand Est;LEYTON-OFEE;07/04/2025;10/04/2026;0.00 %
27308853;Grandes Cultures;Leyton-Ofee - Moselle - Projet KAR_2;285;0;Grand Est;LEYTON-OFEE;22/10/2025;10/04/2026;0.00 %
22295493;Boisement;Carbonapp n°358 Boisement La-Boissière-des-Landes (85);1433;0;Pays de la Loire;Carbonapp SAS;03/02/2025;10/04/2026;0.00 %
29398828;Boisement;Carbonapp n°360 Boisement Pirmil (72);1111;0;Pays de la Loire;Carbonapp SAS;16/02/2026;10/04/2026;0.00 %
27308996;Grandes Cultures;Leyton-Ofee - Moselle - Projet KAR_3;851;0;Grand Est;LEYTON-OFEE;22/10/2025;08/04/2026;0.00 %
26418769;Boisement;Alliance Forêt Bois / GCF n° 679 - Faleyras 1 (33) ;4399;0;Nouvelle Aquitaine;Alliance Forêts bois;15/09/2025;07/04/2026;0.00 %
27601838;Boisement;Alliance Forêts Bois / GCF n°744 - Amou 4 (40);445;0;Nouvelle Aquitaine;Alliance Forêts bois;07/11/2025;07/04/2026;0.00 %
26538275;Boisement;Alliance Forêt Bois / GCF n°693 - Sainte-Florence 2 (33) ;751;0;Nouvelle Aquitaine;Alliance Forêts bois;19/09/2025;07/04/2026;0.00 %
28386265;Boisement;Alliance forets bois / GCF n°750 - Lannecaube (64);3911;0;Nouvelle Aquitaine;Alliance Forêts bois;23/12/2025;07/04/2026;0.00 %
26356529;Boisement;Alliance Forêts Bois / GCF n°640 - Saint-Gervais 1 (33) ;1266;0;Nouvelle Aquitaine;Alliance Forêts bois;11/09/2025;07/04/2026;0.00 %
27273832;Boisement;Alliance Forêts Bois / GCF n°737 - Saint-Pierre-de-l'Isle 1 (17) ;2652;0;Nouvelle Aquitaine;Alliance Forêts bois;21/10/2025;07/04/2026;0.00 %
29625316;Boisement; Alliance Forêts Bois / GCF n°799 - Lorigné 1 (79) 	;262;0;Nouvelle Aquitaine;Alliance Forêts bois;26/02/2026;07/04/2026;0.00 %
26419233;Boisement;Alliance Forêts Bois / GCF n°681 - Guîtres (33) ;3167;0;Nouvelle Aquitaine;Alliance Forêts bois;15/09/2025;07/04/2026;0.00 %
27909682;CarbonAgri;Projet de transition bas carbone en élevage, Nouvelle Aquitaine - Oklima;6198;0;Nouvelle Aquitaine;Oklima;26/11/2025;07/04/2026;0.00 %
22245416;Reboisement;SF²X4C_CHAMPEAUX;1663;0;Nouvelle Aquitaine;SOCIETE FORESTIERE;31/01/2025;07/04/2026;0.00 %
26538679;Boisement;Alliance Forêt Bois / GCF n°696 - Marsas 2 (33) ;1179;0;Nouvelle Aquitaine;Alliance Forêts bois;19/09/2025;07/04/2026;0.00 %
28450850;Boisement;Alliance Forêts Bois / GCF n°770 - Lannecaube 2 (64);1110;0;Nouvelle Aquitaine;Alliance Forêts bois;30/12/2025;07/04/2026;0.00 %
26415702;Boisement;Alliance Forêts Bois / GCF n°648 - La Brède 1 (33);542;0;Nouvelle Aquitaine;Alliance Forêts bois;15/09/2025;07/04/2026;0.00 %
27563426;Boisement;Alliance Forêts Bois / GCF n°742 - Creysse 1 (24)	;470;0;Nouvelle Aquitaine;Alliance Forêts bois;05/11/2025;07/04/2026;0.00 %
29679912;Boisement;Alliance Forêts Bois / GCF n°823 - Lamothe-Montravel 1 (24);746;0;Nouvelle Aquitaine;Alliance Forêts bois;02/03/2026;07/04/2026;0.00 %
26423095;Boisement;Alliance Forêt Bois / GCF n° 688 - Villac (24);765;0;Nouvelle Aquitaine;Alliance Forêts bois;15/09/2025;07/04/2026;0.00 %
27939402;Boisement;Alliance Forêts Bois / GCF n°766 - Montagnac-la-Crempse 1 (24);1263;0;Nouvelle Aquitaine;Alliance Forêts bois;27/11/2025;07/04/2026;0.00 %
26324272;Boisement; Alliance Forêts Bois / GCF n°617 - Saint-Étienne-d'Orthe 1 (40) ;799;0;Nouvelle Aquitaine;Alliance Forêts bois;10/09/2025;07/04/2026;0.00 %
26689689;Boisement;Alliance Forêt Bois / GCF n°707 - Vielle-Soubiran 2 (40);269;0;Nouvelle Aquitaine;Alliance Forêts bois;25/09/2025;07/04/2026;0.00 %
28454041;Boisement;Alliance Forêts Bois / GCF n°748 - Bellocq 1 (64);505;0;Nouvelle Aquitaine;Alliance Forêts bois;30/12/2025;07/04/2026;0.00 %
28561093;Boisement;Alliance Forêts Bois / GCF n°751 - Castel-Sarrazin 2 (40);1816;0;Nouvelle Aquitaine;Alliance Forêts bois;07/01/2026;03/04/2026;0.00 %
19633748;Grandes Cultures;Carbogest-LTPLC3;19895;0;Nouvelle Aquitaine;CARBOGEST;29/08/2024;03/04/2026;0.00 %
27445113;Haies;Coopérative Carbone - Haies à Migné-Auxances (86) - Grand Poitiers Communauté Urbaine;187;0;Nouvelle Aquitaine;COOPERATIVE CARBONE;30/10/2025;03/04/2026;0.00 %
26358100;Boisement;Alliance Forêts Bois / GCF n°644 - Pujols 1 (33) ;1650;0;Nouvelle Aquitaine;Alliance Forêts bois;11/09/2025;01/04/2026;0.00 %
28457892;Boisement;Carbonapp n°355 Boisement Labastide-Chalosse (40);1038;0;Nouvelle Aquitaine;Carbonapp SAS;30/12/2025;01/04/2026;0.00 %
21882330;Boisement;MaForêt #118  - Saint-Barthélémy (40);368;0;Nouvelle Aquitaine;Actiforest;13/01/2025;01/04/2026;0.00 %
27201341;Boisement;SYLVO/Coopérative CFBL n°30 - SAINT PARDOUX LE VIEUX (19);965;0;Nouvelle Aquitaine;CFBL Coopérative Forestière;16/10/2025;01/04/2026;0.00 %
26334472;Boisement;DOGNEN - Fransylva Services;1015;0;Nouvelle Aquitaine;Fransylva Services ;11/09/2025;01/04/2026;0.00 %
27718433;Boisement;Carbonapp n°343 Boisement Sainte-Colombe 1 (40);1762;0;Nouvelle Aquitaine;Carbonapp SAS;14/11/2025;01/04/2026;0.00 %
26968788;Boisement;Alliance Forêts Bois / GCF n°711 - Saint-Marcel-du-Périgord (24);2499;0;Nouvelle Aquitaine;Alliance Forêts bois;07/10/2025;01/04/2026;0.00 %
25715206;Boisement;OKLIMA - Forêt de Saint Mexant;1782;0;Nouvelle Aquitaine;Oklima;07/08/2025;01/04/2026;0.00 %
27638472;Boisement;CNPF C+for n° 246 la Souterraine;1472;0;Nouvelle Aquitaine;Olivier GLEIZES;10/11/2025;01/04/2026;100.00 %
26357829;Boisement;Alliance Forêts Bois / GCF n°642 - Saint-Girons-d'Aiguevives 1 (33) ;5365;0;Nouvelle Aquitaine;Alliance Forêts bois;11/09/2025;01/04/2026;0.00 %
27897269;Boisement;Alliance Forêts Bois / GCF  n° 703 - Beaulieu-sur-Dordogne 1 (19);797;0;Nouvelle Aquitaine;Alliance Forêts bois;25/11/2025;01/04/2026;0.00 %
27013881;Boisement;Flavignac 2 - Fransylva services;1194;0;Nouvelle Aquitaine;Fransylva Services ;08/10/2025;01/04/2026;0.00 %
26309823;Boisement;Alliance Forêts Bois / GCF n°612 - Eymoutiers 1 (87) ;406;0;Nouvelle Aquitaine;Alliance Forêts bois;10/09/2025;01/04/2026;0.00 %
23413462;Boisement;CNPF C+for n° 230 Tour de France 2025  Poitiers Agglomération (A.S.O. n° 42);850;0;Nouvelle Aquitaine;Olivier GLEIZES;23/10/2025;01/04/2026;100.00 %
26032754;Boisement;OKLIMA - Forêt à Saint-Fulgent;2183;0;Pays de la Loire;Oklima;29/08/2025;31/03/2026;0.00 %
20738295;Reboisement;Projet Néosylva - Pays de la Loire (44) - 2FREU-123b;347;0;Pays de la Loire;NEOSYLVA INVESTISSEMENT FORESTIER;28/10/2024;31/03/2026;100.00 %
26036347;Boisement;OKLIMA - Forêt à Soulitré;966;0;Pays de la Loire;Oklima;29/08/2025;31/03/2026;0.00 %
21783722;Boisement;LA SEGUINIERE - Fransylva Services;3340;0;Pays de la Loire;Fransylva Services ;08/01/2025;31/03/2026;0.00 %
28781085;Boisement;Carbonapp n°357 Boisement Maresché (72);1239;0;Pays de la Loire;Carbonapp SAS;16/01/2026;31/03/2026;0.00 %
21459583;Reboisement;SF²X4C_CHARLET_R6;1691;0;Bourgogne Franche Comté;SOCIETE FORESTIERE;13/12/2024;30/03/2026;0.00 %
21460166;Reboisement;SF²X4C_LAUDRAY_R1;3275;0;Bourgogne Franche Comté;SOCIETE FORESTIERE;13/12/2024;30/03/2026;0.00 %
29457780;Rénovation;Coopérative Carbone - n°21 Ville de Bordeaux / Rénovation Centre d’animation du Grand Parc à Bordeaux (33);24;0;Nouvelle Aquitaine;Coopérative Carbone;18/02/2026;30/03/2026;0.00 %
29449211;Reboisement;Alliance Forêts Bois / GCF n°818 - Saint-Sauveur-le-Vicomte 2 (50) ;1189;0;Normandie;Alliance Forêts bois;18/02/2026;27/03/2026;0.00 %
26537474;Boisement;ONF – Boisement en forêt communale des Vigneaux;656;0;PACA;OFFICE NATIONAL DES FORETS;19/09/2025;25/03/2026;0.00 %
28981067;Boisement;Projet Néosylva - Normandie (76) - 2ALEU-125;371;0;Normandie;NEOSYLVA INVESTISSEMENT FORESTIER;26/01/2026;25/03/2026;0.00 %
26849220;Ville arborée;SF²X4C_Place Jonville;43;0;Normandie;SOCIETE FORESTIERE;02/10/2025;24/03/2026;42.00 %
26866019;Gestion forestière à stock continu;La Belle Forêt - Boux - 58;18892;0;Bourgogne Franche Comté;La Belle Forêt ;16/05/2025;23/03/2026;0.00 %
20511378;Boisement;Projet Néosylva - Centre-Val-de-Loire (41) - 2GAUT-123;473;0;Centre Val de Loire;NEOSYLVA INVESTISSEMENT FORESTIER;14/10/2024;20/03/2026;0.00 %
27249632;Boisement;Carbonapp n°337 Boisement Marcheseuil (21);1682;0;Bourgogne Franche Comté;Carbonapp SAS;20/10/2025;20/03/2026;100.00 %
21459694;Reboisement;SF²X4C_FONTAINERONDE_R1;5064;0;Bourgogne Franche Comté;SOCIETE FORESTIERE;13/12/2024;20/03/2026;0.00 %
26001514;Gestion forestière à stock continu;La Belle Forêt - Vaumorin - 89;23274;0;Bourgogne Franche Comté;La Belle Forêt ;16/05/2025;20/03/2026;0.00 %
24216170;Reboisement;Oklima_forêt Le Miroir_71480;2916;0;Bourgogne Franche Comté;Oklima;14/05/2025;20/03/2026;0.00 %
26310188;Boisement;Alliance Forêts Bois / GCF n°613 - Courniou 1 (34);680;0;Occitanie;Alliance Forêts bois;10/09/2025;19/03/2026;0.00 %
22002681;Reboisement;ONF_REBOISEMENT_FC_CHATONNAY_1;2064;0;Auvergne Rhône Alpes;Office National des forêts;10/12/2024;19/03/2026;100.00 %
26969331;Boisement;Alliance Forêts Bois / GCF n°715 - Lamontélarié 3 (81);651;0;Occitanie;Alliance Forêts bois;07/10/2025;19/03/2026;0.00 %
26038121;Boisement;CNPF C+for n° 239 Ferrières-Poussarou - La Treille (USH n° 4);166;0;Occitanie;Olivier GLEIZES;29/08/2025;19/03/2026;100.00 %
26335697;Boisement;Alliance Forêts Bois / GCF n°624 - Montesquieu 1 (82) - 2025 n° 624;312;0;Occitanie;Alliance Forêts bois;11/09/2025;19/03/2026;0.00 %
22155355;Boisement;CNPF C+for n° 237 Berlou (Pierre Fabre n° 9);192;0;Occitanie;Olivier GLEIZES;27/01/2025;19/03/2026;100.00 %
26307489;Boisement;Alliance Forêts Bois / GCF n°610 - Montrol-Sénard 1 (87);990;0;Nouvelle Aquitaine;Alliance Forêts bois;10/09/2025;19/03/2026;0.00 %
26336493;Boisement;Alliance Forêts Bois / GCF n°631 - Montpezat-de-Quercy 1 (82);1983;0;Occitanie;Alliance Forêts bois;11/09/2025;19/03/2026;0.00 %
27606923;Boisement;CNPF C+for n° 247 Peyrat-la-Nonière;561;0;Nouvelle Aquitaine;Olivier GLEIZES;19/11/2025;18/03/2026;100.00 %
15909822;Reboisement;Oklima-Forêt-Cestas;8779;0;Nouvelle Aquitaine;Oklima;22/01/2024;18/03/2026;0.00 %
27602602;Boisement;Alliance Forêts Bois / GCF n°745 - Orthez 2 (64);1021;0;Nouvelle Aquitaine;Alliance Forêts bois;07/11/2025;18/03/2026;0.00 %
21042161;Boisement;SYLVO/UNISYLVA-N°14-Yzeure (03);939;0;Auvergne Rhône Alpes;UNISYLVA;18/11/2024;18/03/2026;0.00 %
27614355;Boisement;Alliance Forêts Bois / GCF n°749 - Serres-Sainte-Marie 2 (64);399;0;Nouvelle Aquitaine;Alliance Forêts bois;07/11/2025;18/03/2026;0.00 %
27291347;Boisement;Alliance Forêts Bois / GCF n°692 - Lupersat 1 (23);602;0;Nouvelle Aquitaine;Alliance Forêts bois;21/10/0202;18/03/2026;0.00 %
13495169;Construction;8 logements sociaux écologiques dans le Pas de calais : haute performance énergétique et bas carbone;100;0;Hauts-de-France;SAS FONCIERE CHENELET;25/07/2023;16/03/2026;0.00 %
25943699;Reboisement;ONF - reboisement en forêt domaniale de Saint Michel 2;2885;0;Hauts-de-France;OFFICE NATIONAL DES FORETS BOURGOGNE FRANCHE COMTE;27/02/2025;16/03/2026;0.00 %
27585652;Boisement;CLAIRFAYTS - Fransylva services;1497;0;Hauts-de-France;Fransylva Services ;06/11/2025;16/03/2026;0.00 %
21459376;Reboisement;SF²X4C_BONTIN_R1;1762;0;Bourgogne Franche Comté;SOCIETE FORESTIERE;13/12/2024;12/03/2026;0.00 %
27369151;Haies;Haies du Petit Mocquepoix;307;0;Centre Val de Loire;Le Printemps des Terres S.A.S;26/10/2025;11/03/2026;0.00 %
20878884;Ville arborée;SF²X4C_Avenue Pierre de Coubertin_GAM;115;0;Auvergne Rhône Alpes;SOCIETE FORESTIERE;06/11/2024;10/03/2026;60.00 %
26167401;Boisement;Ecotree - Bretagne (56) - 07;1500;0;Bretagne;Ecotree;04/09/2025;10/03/2026;88.20 %
26832948;Boisement;SYLVO/Forêt d'ici - 19 BRIMEUX (62);1416;0;Hauts-de-France;Forêts & Bois de l'Est;01/10/2025;09/03/2026;0.00 %
19650858;Grandes Cultures;ReSoil - 2025 - Projet France - n°1;3067;0;Hauts-de-France;ReSoil;30/08/2024;09/03/2026;16.86 %
25807586;Ville arborée;Guichet carbone n°1 : Jardin du Wasserloch à Oberhausbergen;30;0;Grand Est;Agence du climat, le guichet des solutions;14/08/2025;06/03/2026;32.00 %
28261090;Boisement;SYLVO/UNISYLVA-N°28-Aubigny sur Nère (18700);2505;0;Centre Val de Loire;UNISYLVA;15/12/2025;06/03/2026;0.00 %
21832456;Boisement;SYLVO/UNISYLVA-N°16-Revercourt (28);2640;0;Centre Val de Loire;UNISYLVA;10/01/2025;06/03/2026;0.00 %
21778798;Boisement;Oklima - Boisement à Grézet-Cavagnan;1140;0;Nouvelle Aquitaine;Oklima;08/01/2025;03/03/2026;0.00 %
26418132;Boisement;Alliance Forêt Bois / GCF n°676 - Anzex 2 (47) ;1653;0;Nouvelle Aquitaine;Alliance Forêts bois;15/09/2025;03/03/2026;0.00 %
27516679;Reboisement;Carbonapp n°341 Reboisement La Roche-Chalais (24);1272;0;Nouvelle Aquitaine;Carbonapp SAS;03/11/2025;03/03/2026;100.00 %
22238197;Boisement;SYLVO/Coopérative CFBL n°20 - LAMAZIERE BASSE (19);823;0;Nouvelle Aquitaine;CFBL Coopérative Forestière;31/01/2025;03/03/2026;0.00 %
26422415;Boisement;Alliance Forêt Bois / GCF n°686 - Val de Virvée 1 (33) ;1820;0;Nouvelle Aquitaine;Alliance Forêts bois;15/09/2025;03/03/2026;0.00 %
21408680;Boisement;Oklima - Forêt de Bussac-forêt;854;0;Nouvelle Aquitaine;Oklima;10/12/2024;03/03/2026;0.00 %
26381077;Boisement;Bellac - Fransylva services;1919;0;Nouvelle Aquitaine;Fransylva Services ;12/09/2025;03/03/2026;0.00 %
26539293;Boisement;Alliance Forêt Bois / GCF n°700 - Donnezac 1 (33);697;0;Nouvelle Aquitaine;Alliance Forêts bois;19/09/2025;03/03/2026;0.00 %
21460580;Reboisement;SF²X4C_PETITMONTARNU_R1;10899;0;Bourgogne Franche Comté;SOCIETE FORESTIERE;13/12/2024;02/03/2026;0.00 %
26689190;Boisement;Alliance Forêt Bois / GCF n°706 - Doazit 2 (40);602;0;Nouvelle Aquitaine;Alliance Forêts bois;25/09/2025;02/03/2026;0.00 %
20750541;Reboisement;Reboisement post incendie de la forêt de Condrine - Tranche 3;17888;0;Nouvelle Aquitaine;Forestry France;30/10/2024;02/03/2026;0.00 %
27204399;Plantation de vergers;Plantation d'un verger d'amandiers à Villepion;458;0;Centre Val de Loire;SCEA DES TROIS SAPINS;16/12/2025;02/03/2026;0.00 %
26348981;Boisement;LA COMELLE - Fransylva Services;2409;0;Bourgogne Franche Comté;Fransylva Services ;11/09/2025;02/03/2026;100.00 %
26985539;Boisement;Pressy sous Dondin - Fransylva services ;1544;0;Bourgogne Franche Comté;Fransylva Services ;07/10/2025;02/03/2026;100.00 %
21459916;Reboisement;SF²X4C_GRANDMONTARNU_R1;8977;0;Bourgogne Franche Comté;SOCIETE FORESTIERE;13/12/2024;02/03/2026;0.00 %
26539189;Boisement;Alliance Forêt Bois / GCF n°699 - Montguyon 3 (17);270;0;Nouvelle Aquitaine;Alliance Forêts bois;19/09/2025;02/03/2026;0.00 %
27273644;Boisement;Alliance Forêts Bois / GCF n°733 - Les Lèches 1 (24);1840;0;Nouvelle Aquitaine;Alliance Forêts bois;21/10/2025;02/03/2026;0.00 %
24382252;Plantation de vergers;Coopérative Carbone - n°19 ACCLENA / Vergers à Beaumontois en Périgord (24);1474;0;Nouvelle Aquitaine;COOPERATIVE CARBONE;23/05/2025;27/02/2026;0.00 %
22295030;Boisement;Carbonapp n°354 Boisement Villeneuve-en-Retz (44);949;0;Pays de la Loire;Carbonapp SAS;03/02/2025;24/02/2026;0.00 %
27262584;Boisement;Carbonapp n°338 Boisement Saint-Philbert-du-Peuple (49);1635;0;Pays de la Loire;Carbonapp SAS;20/10/2025;24/02/2026;100.00 %
21604295;Boisement;SCEAUX D'ANJOU 1 - Fransylva Services;2523;0;Pays de la Loire;Fransylva Services ;23/12/2024;24/02/2026;0.00 %
26025187;Grandes Cultures;Carbone Farmers  - Planet Care Challenge;1710;0;Pays de la Loire;Carbone Farmers;29/08/2025;24/02/2026;0.00 %
27392712;Boisement;Boisement de Soulgé;492;0;Pays de la Loire;SELARL CABINET LORNE;29/10/2025;24/02/2026;0.00 %
20439276;Boisement;SAINT ANDRE GOULE D'OIE - Fransylva Services;750;0;Pays de la Loire;Fransylva Services ;21/01/2025;24/02/2026;0.00 %
26939227;Boisement;Boisement de la Guillardière;2723;0;Pays de la Loire;SELARL CABINET LORNE;06/10/2025;24/02/2026;0.00 %
21147007;Ville arborée;SF²X4C_Bois Gamats&Aubépin2;663;0;Pays de la Loire;SOCIETE FORESTIERE;25/11/2024;24/02/2026;60.00 %
23257046;Reboisement;Alliance Forêts Bois / GCF n°604 - Lacapelle-Escroux (81);905;0;Occitanie;Alliance Forêts bois;25/03/2025;23/02/2026;0.00 %
27967265;Boisement;CNPF C+for n° 245 Lagarrigue (Pierre Fabre n° 13);429;0;Occitanie;Olivier GLEIZES;28/11/2025;23/02/2026;100.00 %
25570381;Boisement;Alliance Forêt Bois / GCF n°650 - Génissac 2 (33) ;760;0;Nouvelle Aquitaine;Alliance Forêts bois;29/07/2025;16/02/2026;0.00 %
21081013;Reboisement;MaForêt #58 - Neuville (63);1678;0;Auvergne Rhône Alpes;Actiforest;20/11/2024;16/02/2026;0.00 %
26538582;Boisement;Alliance Forêt Bois / GCF n°695 - Reignac 3 (33);471;0;Nouvelle Aquitaine;Alliance Forêts bois;19/09/2025;16/02/2026;0.00 %
20083169;Balivage;Dossier LBC Balivage en Forêt Domaniale de l'Hermitain;268;0;Nouvelle Aquitaine;EPIC - ONF;23/09/2024;16/02/2026;0.00 %
21460324;Reboisement;SF²X4C_NocleMaulaix_R2;4430;0;Bourgogne Franche Comté;SOCIETE FORESTIERE;13/12/2024;16/02/2026;0.00 %
27273467;Boisement;Alliance Forêts Bois / GCF n°731 - Montazeau 1 (24);6674;0;Nouvelle Aquitaine;Alliance Forêts bois;21/10/2025;16/02/2026;0.00 %
20189259;Reboisement;SF²X4C_CHARLET_R5;7290;0;Bourgogne Franche Comté;SOCIETE FORESTIERE;27/09/2024;16/02/2026;0.00 %
19138570;Reboisement;OKLIMA-forêt-Saint Rivoal/Brasparts;7261;0;Bretagne;Oklima;22/07/2024;13/02/2026;0.00 %
25576885;Reboisement;Reboisement post-tempête - Commune de LOPEREC (29);1898;0;Bretagne;Forestry France;29/07/2025;13/02/2026;100.00 %
22465487;Reboisement;Carbonapp n°335 Reboisement Romillé (35);951;0;Bretagne;Carbonapp SAS;12/02/2025;13/02/2026;0.00 %
26292431;Reboisement;Reconstitution d'un peuplement sinistré - Commune de PLEYBER CHRIST (29);2350;0;Bretagne;Forestry France;09/09/2025;13/02/2026;0.00 %
25940343;Gestion forestière à stock continu;La Belle Forêt - Montgoubert - 61;24843;0;Normandie;La Belle Forêt ;16/05/2025;13/02/2026;0.00 %
25897155;Boisement;CNPF C+for n° 244 Clermont-l'Hérault (Pierre Fabre n° 12);789;0;Occitanie;Olivier GLEIZES;21/08/2025;12/02/2026;100.00 %
21185425;Reboisement;OKLIMA - Forêt de Cambon-et-Salvergues;979;0;Occitanie;Oklima;27/11/2024;12/02/2026;0.00 %
26417399;Boisement;Alliance Forêt Bois / GCF n°671 - Eauze 1 (32);968;0;Occitanie;Alliance Forêts bois;15/09/2025;12/02/2026;0.00 %
23256670;Boisement;Alliance Forêts Bois / GCF n°606 - Cesny-aux-Vignes (14);3236;0;Normandie;Alliance Forêts bois;25/03/2025;12/02/2026;0.00 %
20744069;Ville arborée;Guichet carbone n°2 – Parc du Petit Rhin (phase 1);175;0;Grand Est;Agence du climat, le guichet des solutions;31/10/2024;10/02/2026;0.00 %
19486693;CarbonAgri;Carbone Farmers - Projet Hauts-de-France;19189;0;Hauts-de-France;Carbone Farmers;19/08/2024;09/02/2026;56.91 %
25580109;Ville arborée;Métropole Européenne de Lille - plan boisement 2025;442;0;Hauts-de-France;METROPOLE EUROPEENNE DE LILLE;04/09/2025;09/02/2026;0.00 %
27445939;Boisement;Carbonapp n°340 Boisement Sainte-Colombe 2 (40);1014;0;Nouvelle Aquitaine;Carbonapp SAS;30/10/2025;06/02/2026;100.00 %
26344090;Boisement;Alliance Forêts Bois / GCF n°626 - Montlieu-la-Garde 3 (17);282;0;Nouvelle Aquitaine;Alliance Forêts bois;11/09/2025;06/02/2026;0.00 %
26421062;Boisement;Alliance Forêt Bois / GCF n° 685 - Saint-Vincent-de-Tyrosse 2 (40);1764;0;Nouvelle Aquitaine;Alliance Forêts bois;15/09/2025;06/02/2026;0.00 %
26324760;Boisement;Alliance Forêts Bois / GCF n°621 - Saint-Priest-de-Gimel 1 (19) ;1569;0;Nouvelle Aquitaine;Alliance Forêts bois;10/09/2025;06/02/2026;0.00 %
26355778;Boisement;Alliance Forêts Bois / GCF n°636 - Romagne 2 (33);4949;0;Nouvelle Aquitaine;Alliance Forêts bois;11/09/2025;06/02/2026;0.00 %
27298029;Boisement;CNPF C+for n° 129 Navailles-Angos (Silab n° 3);558;0;Nouvelle Aquitaine;Olivier GLEIZES;22/10/2025;06/02/2026;100.00 %
26344371;Boisement; Alliance Forêts Bois / GCF n°623 - Saint-Martin-de-Laye 1 (33);847;0;Nouvelle Aquitaine;Alliance Forêts bois;11/09/0205;06/02/2026;0.00 %
26420787;Boisement;Alliance Forêts Bois / GCF n°684 - Saint-Germain-de-la-Rivière (33);995;0;Nouvelle Aquitaine;Alliance Forêts bois;15/09/2025;06/02/2026;0.00 %
27150366;Gestion forestière à stock continu;La Belle Forêt - Grands Bois - 45;4040;0;Centre Val de Loire;;16/05/2025;05/02/2026;0.00 %
22295355;Boisement;Carbonapp n°333 Boisement Béville-le-Comte 1 (28);15540;0;Centre Val de Loire;Carbonapp SAS;03/02/2025;05/02/2026;73.41 %
22292781;Reboisement;STOCK CO2 n°390 - Auvergne Rhône Alpes (73);842;0;Auvergne Rhône Alpes;;03/02/2025;04/02/2026;0.00 %
23923638;Reboisement;ONF - reboisement forêt communale de La Longine (70);2654;0;Bourgogne Franche Comté;OFFICE NATIONAL DES FORETS BOURGOGNE FRANCHE COMTE;07/04/2025;02/02/2026;69.00 %
26307080;Boisement;Alliance Forêts Bois / GCF n°609 - Marminiac 1 (46) ;758;0;Occitanie;Alliance Forêts bois;10/09/2025;29/01/2026;0.00 %
18653041;Boisement;BOISEMENT_PRAIRIE_CARSAC-AILLAC_P0057;611;0;Nouvelle Aquitaine;SASU SOCOGEF;27/06/2024;28/01/2026;0.00 %
27504195;Boisement;SYLVO/Forêt d'ici - 23 TOURVILLE LES IFS;750;0;Normandie;Forêts & Bois de l'Est;03/11/2025;28/01/2026;0.00 %
19271649;Boisement;OKLIMA- forêt-Moncrabeau;4370;0;Nouvelle Aquitaine;Oklima;31/07/2024;28/01/2026;90.00 %
27530841;Boisement;Alliance Forêts Bois / GCF n°757 - Villaines-sous-Malicorne 2 (72);386;0;Pays de la Loire;Alliance Forêts bois;04/11/2025;26/01/2026;0.00 %
20544979;Boisement;Projet Néosylva - Pays de la Loire (44) - 2FREU-123a;1204;0;Pays de la Loire;NEOSYLVA INVESTISSEMENT FORESTIER;15/10/2024;26/01/2026;100.00 %
25629828;Boisement;Alliance Forêt Bois / GCF n° 653 - Assé-le-Boisne 1 (72) ;283;0;Pays de la Loire;Alliance Forêts bois;01/08/2025;26/01/2026;0.00 %
21077011;Reboisement;SYLVO/Coopérative CFBL n°15 - SAINT CLEMENT LES PLACES (69);1722;0;Auvergne Rhône Alpes;CFBL Coopérative Forestière;20/11/2024;22/01/2026;0.00 %
25245604;Reboisement;SYLVO/UNISYLVA-N°22-Bost (03);491;0;Auvergne Rhône Alpes;UNISYLVA;28/03/2025;22/01/2026;0.00 %
20684937;Grandes Cultures;Grandes Cultures 2024;47867;0;Centre Val de Loire;Oklima;24/10/2024;21/01/2026;0.00 %
17253259;Reboisement;Alliance Forêts Bois / GCF n°423 Espalais 3;3568;0;Occitanie;Alliance Forêts bois;05/04/2024;19/01/2026;0.00 %
18956361;Reboisement;Alliance Forêts Bois / GCF n° 454 - Combret (12);655;0;Occitanie;Alliance Forêts bois;11/07/2024;19/01/2026;0.00 %
26336632;Boisement; Alliance Forêts Bois / GCF n°643 - Anglars 1 (46) ;249;0;Occitanie;Alliance Forêts bois;11/09/2025;19/01/2026;0.00 %
21076030;Reboisement;ONF - REBOISEMENT DOMANIALES DES PLATEAUX JURASSIENS;1516;0;Bourgogne Franche Comté;OFFICE NATIONAL DES FORETS BOURGOGNE FRANCHE COMTE;14/11/2024;16/01/2026;100.00 %
26021601;Grandes Cultures;EMC2_grandes_cultures_2025;786;0;Grand Est;EMC2;29/08/2025;16/01/2026;0.00 %
26098185;Boisement;ROUVRAY-CATILLON - Fransylva Services;932;0;Normandie;Fransylva Services ;02/09/2025;15/01/2026;0.00 %
26803825;Boisement;SYLVO/Forêt d'ici - 10 Enchenberg (57);691;0;Grand Est;Forêts & Bois de l'Est;30/09/2025;15/01/2026;0.00 %
26486687;Gestion forestière à stock continu;La Belle Forêt - Carcouet - 27;1666;0;Normandie;La Belle Forêt ;17/09/2025;15/01/2026;0.00 %
23923531;Reboisement;ONF - reboisement forêt communale d'Étupes;1819;0;Bourgogne Franche Comté;OFFICE NATIONAL DES FORETS BOURGOGNE FRANCHE COMTE;25/04/2025;15/01/2026;67.00 %
21233998;Boisement;GREZ EN BOUER - Fransylva Services;3227;0;Pays de la Loire;FPF SERVICES;29/11/2024;13/01/2026;0.00 %
20556154;Haies;Carbocage 2024;1585;0;Pays de la Loire;Solenat;16/10/2024;13/01/2026;69.51 %
20869394;Boisement;Projet Néosylva - Centre-Val de Loire (37) - 2USSE-124;20267;0;Centre Val de Loire;NEOSYLVA INVESTISSEMENT FORESTIER;06/11/2024;13/01/2026;0.00 %
20097515;Boisement;Les Touches - Fransylva Services;4170;0;Pays de la Loire;FPF SERVICES;24/09/2024;13/01/2026;0.00 %
25940478;Reboisement;STOCK CO2 n°393 - Nouvelle Aquitaine (33);2086;0;Nouvelle Aquitaine;;03/04/2024;07/01/2026;0.00 %
26416502;Boisement;"Alliance Forêt Bois / GCF n° 664 - Église-Neuve-d&#039;Issac 1 (24)";1414;0;Nouvelle Aquitaine;Alliance Forêts bois;15/09/2025;07/01/2026;0.00 %
26369426;Boisement;Alliance Forêt Bois / GCF n°675 - Blasimon 2 (33);1008;0;Nouvelle Aquitaine;Alliance Forêts bois;12/09/2025;07/01/2026;0.00 %
25853204;Balivage;CNPF C+for n° 242 Lépinas;239;0;Nouvelle Aquitaine;Olivier GLEIZES;19/08/2025;07/01/2026;100.00 %
26419411;Boisement;Alliance Forêt Bois / GCF n°682 - Abzac 3 (33) ;1087;0;Nouvelle Aquitaine;Alliance Forêts bois;15/09/2025;07/01/2026;0.00 %
17370573;Reboisement;MaForêt #131 - Belin Beliet (33);5415;0;Nouvelle Aquitaine;Actiforest;12/04/2024;07/01/2026;0.00 %
26415544;Boisement;Alliance Forêts Bois / GCF n°646 - Pugnac 3 (33) ;3183;0;Nouvelle Aquitaine;Alliance Forêts bois;15/09/2025;07/01/2026;0.00 %
25531066;Boisement;Projet de boisement - Commune de ERCE EN LAMEE et de TEILLAY (35);690;0;Bretagne;Forestry France;25/07/2025;05/01/2026;100.00 %
20671295;Boisement;BRENNILIS - Fransylva Services;1134;0;Bretagne;Fransylva Services ;23/10/2024;05/01/2026;0.00 %
25652016;Gestion forestière à stock continu;La Belle Forêt - Gallois - 89;4052;0;Bourgogne Franche Comté;La Belle Forêt ;16/05/2025;05/01/2026;0.00 %
26818892;Boisement;SYLVO/Forêt d'ici - 18 VILLEFARGEAU (89);479;0;Bourgogne Franche Comté;Forêts & Bois de l'Est;01/10/2025;31/12/2025;0.00 %
16402598;Reboisement;Reforest'Action - Faverges (74);505;0;Auvergne Rhône Alpes;REFOREST'ACTION;20/02/2024;31/12/2025;0.00 %
19285196;Grandes Cultures;ReSoil - Tereos 2025 - Hauts de France - n°1 -S;3187;0;Hauts-de-France;ReSoil;01/08/2024;19/12/2025;0.00 %
26496448;Gestion forestière à stock continu;La Belle Forêt - Lihue - 62;10513;0;Hauts-de-France;La Belle Forêt ;17/09/2025;19/12/2025;0.00 %
22095717;Boisement;CNPF C+for n° 225 Tour de France 2025 Wirwignes (A.S.O. n° 37);667;0;Hauts-de-France;Olivier GLEIZES;24/01/2025;19/12/2025;100.00 %
26007720;Gestion forestière à stock continu;La Belle Forêt - Bois de l'Hôpital - 60;17468;0;Hauts-de-France;La Belle Forêt ;15/09/2025;19/12/2025;0.00 %
19285637;Grandes Cultures;ReSoil - Tereos 2025 - Hauts de France et Centre Val de Loire - n°2 ;9961;0;Hauts-de-France;ReSoil;01/08/2024;19/12/2025;9.29 %
23417022;Boisement;CNPF C+for n° 238 Ergny & Wicquinghem (MTECT n° 5);2427;0;Hauts-de-France;Olivier GLEIZES;25/07/2025;19/12/2025;100.00 %
22096433;Reboisement;CNPF C+for n° 227 Tour de France 2025 Merville (A.S.O. n° 39);364;0;Hauts-de-France;Olivier GLEIZES;24/01/2025;19/12/2025;100.00 %
26485066;Gestion forestière à stock continu;La Belle Forêt - Boursault - 51;65824;0;Grand Est;La Belle Forêt ;16/05/2025;19/12/2025;0.00 %
20995414;Boisement;OKLIMA - Saint-Vaast-lès-Mello;989;0;Hauts-de-France;Oklima;14/11/2024;19/12/2025;0.00 %
25655717;Gestion forestière à stock continu;La Belle Forêt - Avricourt - 60;13735;0;Hauts-de-France;La Belle Forêt ;16/05/2025;19/12/2025;0.00 %
25652341;Gestion forestière à stock continu;La Belle Forêt - Pivotins - 58;2579;0;Bourgogne Franche Comté;La Belle Forêt ;16/05/2025;18/12/2025;0.00 %
26783561;Reboisement;SYLVO/Forêt d'ici - 11 Enchenberg (57);1562;0;Grand Est;Forêts & Bois de l'Est;30/09/2025;18/12/2025;0.00 %
25652443;Gestion forestière à stock continu;La Belle Forêt - Soueilles - 58;16704;0;Bourgogne Franche Comté;La Belle Forêt ;16/05/2025;18/12/2025;0.00 %
27413335;Boisement;Carbonapp n°339 Boisement Maupas (32);850;0;Occitanie;Carbonapp SAS;28/10/2025;18/12/2025;100.00 %
22042235;Boisement;CNPF C+for n° 190 Ganties (ENGIE Solutions n° 5);517;0;Occitanie;Olivier GLEIZES;22/01/2025;18/12/2025;100.00 %
26324028;Boisement;Alliance Forêts Bois / GCF n°615 - La Salvetat-sur-Agout 1 (34);1093;0;Occitanie;Alliance Forêts bois;10/09/2025;18/12/2025;0.00 %
25652119;Gestion forestière à stock continu;La Belle Forêt - Vevre - 21;4540;0;Bourgogne Franche Comté;La Belle Forêt ;16/06/2025;16/12/2025;0.00 %
20854911;Boisement;OKLIMA - Forêt à Soulgé-sur-Ouette ;1091;0;Pays de la Loire;Oklima;05/11/2024;16/12/2025;0.00 %
25653076;Gestion forestière à stock continu;La Belle Forêt - Fours - 58;4136;0;Bourgogne Franche Comté;La Belle Forêt ;16/05/2025;16/12/2025;0.00 %
12948544;CarbonAgri;STOCK CO2 n°267 - Pays de la Loire (85);2811;0;Pays de la Loire;;26/06/2023;16/12/2025;0.00 %
20973393;Reboisement;Alliance Forêt Bois / GCF -  Lacaune 5 (81) - 2024 n° 519;514;0;Occitanie;Alliance Forêts bois;13/11/2024;16/12/2025;0.00 %
20645982;Boisement;Alliance Forêt Bois / GCF - Le Houga 1 (32) - 2024 n° 500;894;0;Occitanie;Alliance Forêts bois;22/10/2024;16/12/2025;0.00 %
27117572;Reboisement;Carbonapp n°334 Reboisement Dainville-Bertheléville 3 (55);4651;0;Grand Est;Carbonapp SAS;13/10/2025;15/12/2025;0.00 %
26237806;Boisement;SYLVO/Forêt d'ici - 12 Tromborn/Oberdorff (57);861;0;Grand Est;Forêts & Bois de l'Est;30/09/2025;15/12/2025;0.00 %
21550003;Reboisement;SF2X4C_LUE_ R2;8427;0;Nouvelle Aquitaine;SOCIETE FORESTIERE;19/12/2024;12/12/2025;0.00 %
20247429;Boisement;Projet Néosylva - Nouvelle-Aquitaine (64) - 2CHST-123;1000;0;Nouvelle Aquitaine;NEOSYLVA INVESTISSEMENT FORESTIER;01/10/2024;12/12/2025;0.00 %
22050798;Boisement;Alliance Forêts Bois / GCF n° 574 - Genissac (33);3628;0;Nouvelle Aquitaine;Alliance Forêts bois;22/01/2025;12/12/2025;0.00 %
21528590;Boisement;Alliance Forêt Bois / GCF - Saint-Maixant 1 (33) - 2024 n° 553;1137;0;Nouvelle Aquitaine;Alliance Forêts bois;18/12/2024;12/12/2025;0.00 %
20116725;Boisement;SYLVO/UNISYLVA-N°10-Limoges (87);1876;0;Nouvelle Aquitaine;UNISYLVA;25/09/2024;12/12/2025;0.00 %
25336782;Boisement;OKLIMA - Forêt de Bouelles;889;0;Normandie;Oklima;15/07/2025;11/12/2025;0.00 %
27225133;Boisement;CNPF C+for n° 235 Barenton (la Poste n° 32);923;0;Normandie;Olivier GLEIZES;17/10/2025;11/12/2025;100.00 %
25642398;Gestion forestière à stock continu;La Belle Forêt - Leyde - 03;7912;0;Auvergne Rhône Alpes;La Belle Forêt ;16/06/2025;11/12/2025;0.00 %
19616597;Grandes Cultures;Projet Méthavertse - Carbone Farmers;6913;0;Nouvelle Aquitaine;Carbone Farmers;28/08/2024;08/12/2025;24.70 %
22096366;Boisement;CNPF C+for n° 233 Tour de France 2025 Cannes-et-Clairan (A.S.O. n° 45);1031;0;Occitanie;Olivier GLEIZES;24/01/2025;04/12/2025;100.00 %
20553077;Boisement;Projet Néosylva - Occitanie (32) - 2GAYR-124;1232;0;Occitanie;NEOSYLVA INVESTISSEMENT FORESTIER;16/10/2024;04/12/2025;0.00 %
21088345;Boisement;Alliance Forêt Bois / GCF - Montesquieu (82) - 2024 n° 529;795;0;Occitanie;Alliance Forêts bois;20/11/2024;04/12/2025;0.00 %
16249941;Reboisement;Alliance Forêts Bois/ GCF n °383 Mirandol-Bourgnounac  ;1137;0;Occitanie;Alliance Forêts bois;12/02/2024;04/12/2025;0.00 %
20900519;CarbonAgri;STOCK CO2 n°183 - Pays de la Loire (85);4728;0;Pays de la Loire;;08/11/2024;02/12/2025;0.00 %
17370344;Boisement;Oklima-Forêt-Ygos-Saint-Saturnin;3156;0;Nouvelle Aquitaine;Oklima;12/04/2024;02/12/2025;0.00 %
20995684;Boisement;OKLIMA - Forêt d'Argenton;1135;0;Nouvelle Aquitaine;Oklima;14/11/2024;02/12/2025;0.00 %
20779215;Reboisement;Reboisement post incendie de la forêt de Condrine - Tranche 2;12958;0;Nouvelle Aquitaine;Forestry France;30/10/2024;02/12/2025;0.00 %
18205357;Grandes Cultures;Carbone Farmers - Centre Val de Loire - 2nd projet collectif;68339;0;Centre Val de Loire;Carbone Farmers;05/06/2024;28/11/2025;59.02 %
22352988;Boisement;Alliance Forêts Bois / GCF n°583 -  Issepts (46);155;0;Occitanie;Alliance Forêts bois;06/02/2025;27/11/2025;0.00 %
25652954;Gestion forestière à stock continu;La Belle Forêt - Coques - 58;4136;0;Bourgogne Franche Comté;La Belle Forêt ;16/05/2025;27/11/2025;0.00 %
19553251;Grandes Cultures;Cerfrance Gascogne Occitane x ReSoil - 2025 - n°2;3854;0;Occitanie;ReSoil;23/08/2024;27/11/2025;0.00 %
25654562;Gestion forestière à stock continu;La Belle Forêt - Menou - 58;11295;0;Bourgogne Franche Comté;La Belle Forêt ;16/05/2025;27/11/2025;0.00 %
22476881;Haies;Les haies du Petit Peplain;350;0;Occitanie;Le Printemps des Terres S.A.S;13/02/2025;27/11/2025;100.00 %
25654155;Gestion forestière à stock continu;La Belle Forêt - Maugenet - 58;9150;0;Bourgogne Franche Comté;La Belle Forêt ;16/05/2025;27/11/2025;0.00 %
20840335;Boisement;Alliance Forêt Bois / GCF - Cazaubon 1 (32) - 2024 n° 511;749;0;Occitanie;Alliance Forêts bois;04/11/2024;27/11/2025;0.00 %
25655581;Gestion forestière à stock continu;La Belle Forêt - Beaumont - 51;14079;0;Grand Est;La Belle Forêt ;16/05/2025;27/11/2025;0.00 %
24785257;Haies;Haies de Lézignac;184;0;Occitanie;Le Printemps des Terres S.A.S;16/06/2025;27/11/2025;100.00 %
17249285;Reboisement;Alliance Forêts Bois / GCF n°421 Lacaze 2 (81);495;0;Occitanie;Alliance Forêts bois;05/04/2024;27/11/2025;0.00 %
25654347;Gestion forestière à stock continu;La Belle Forêt - Motte et Torcy - 71;8093;0;Bourgogne Franche Comté;La Belle Forêt ;16/08/2025;27/11/2025;0.00 %
26341887;Gestion forestière à stock continu;La Belle Forêt - Bois du Luth et du Perché - 51;2830;0;Grand Est;La Belle Forêt ;11/09/2025;18/11/2025;0.00 %
26432851;Gestion forestière à stock continu;La Belle Forêt - Humégnil - 10;23804;0;Grand Est;La Belle Forêt ;16/05/2025;18/11/2025;0.00 %
17050266;Reboisement;SF2X4C_MONSEIGNE_R1;1388;0;Occitanie;SOCIETE FORESTIERE;28/03/2024;18/11/2025;0.00 %
25651453;Gestion forestière à stock continu;La Belle Forêt - Creney - 10;24695;0;Grand Est;La Belle Forêt ;16/05/2025;17/11/2025;0.00 %
26003353;Gestion forestière à stock continu;La Belle Forêt - Champfétu - 89;9362;0;Bourgogne Franche Comté;La Belle Forêt ;16/05/2025;17/11/2025;0.00 %
17326217;Boisement;BOISEMENT_COURS LES BAINS_SOCOGEF_P34;422;0;Nouvelle Aquitaine;SASU SOCOGEF;10/04/2024;14/11/2025;0.00 %
18692125;Grandes Cultures;Carbone Farmers - Agriculture régénérative R25 – Premier projet collectif - Référence 21-22-23;82384;0;Hauts-de-France;Carbone Farmers;28/06/2024;14/11/2025;0.00 %
21956959;Boisement;Alliance Forêts Bois / GCF n°569  Reignac (33);9551;0;Nouvelle Aquitaine;Alliance Forêts bois;16/01/2025;14/11/2025;0.00 %
20840637;Boisement;Alliance Forêt Bois / GCF -  Simorre 1 (32) - 2024 n° 513;536;0;Occitanie;Alliance Forêts bois;04/11/2024;14/11/2025;0.00 %
23257492;Boisement;Alliance Forêts Bois / GCF n°600 - Laffite (82);849;0;Occitanie;Alliance Forêts bois;25/03/2025;14/11/2025;0.00 %
16975498;Reboisement;SF2X4C_CARAMAN_R1;1245;0;Occitanie;SOCIETE FORESTIERE;21/03/2024;14/11/2025;90.00 %
21047468;Boisement;Alliance Forêt Bois / GCF - Beaumarchés 1 (32) - 2024 n° 528;259;0;Occitanie;Alliance Forêts bois;18/11/2024;14/11/2025;0.00 %
24393661;Rénovation;Brec en centre-ville;10;0;Nouvelle Aquitaine;INVESTIR ENSEMBLE NOUVELLE AQUITAINE 1;23/05/2025;14/11/2025;0.00 %
21517195;Plantation de vergers;Coopérative Carbone-ACCLENA Verger à St-Vivien-de-Monségur (33);236;0;Nouvelle Aquitaine;COOPERATIVE CARBONE;17/12/2024;14/11/2025;0.00 %
20477553;Boisement;Alliance Forêt Bois / GCF - Montestruc-sur-Gers 1 (32) - 2024 n° 492;570;0;Occitanie;Alliance Forêts bois;11/10/2024;14/11/2025;0.00 %
20372866;Reboisement;Ecotree - Bretagne (29) - 08;723;0;Bretagne;Ecotree;07/10/2024;13/11/2025;0.00 %
21196716;Reboisement;Oklima - forêt - Saint Angel;1258;0;Nouvelle Aquitaine;Oklima;27/11/2024;12/11/2025;0.00 %
21422980;Boisement;Oklima - Forêt de Baurech;469;0;Nouvelle Aquitaine;Oklima;11/12/2024;12/11/2025;0.00 %
22110104;Boisement;CNPF C+for n° 188 Saint-Seurin-de-Bourg (Teréga n° 12);4199;0;Nouvelle Aquitaine;Olivier GLEIZES;24/01/2025;12/11/2025;100.00 %
17370114;Reboisement;STOCK CO2 n°394 - Nouvelle Aquitaine (33);1400;0;Nouvelle Aquitaine;;12/04/2024;12/11/2025;0.00 %
22410577;Boisement;Alliance Forêts Bois / GCF n°586 - Nassiet (40);3107;0;Nouvelle Aquitaine;Alliance Forêts bois;10/02/2025;12/11/2025;0.00 %
23300488;Boisement;SYLVO/UNISYLVA-N°23-Brou (28160);456;0;Centre Val de Loire;UNISYLVA;27/03/2025;07/11/2025;0.00 %
26791812;Reboisement;SYLVO/Forêt d'ici - 13 Azoudange (57);924;0;Grand Est;Forêts & Bois de l'Est;30/09/2025;07/11/2025;0.00 %
25640009;Gestion forestière à stock continu;La Belle Forêt - Mauboux - 58;21946;0;Bourgogne Franche Comté;La Belle Forêt ;16/05/2025;06/11/2025;0.00 %
25654679;Gestion forestière à stock continu;La Belle Forêt - Flogny - 89;11856;0;Bourgogne Franche Comté;La Belle Forêt ;16/05/2025;06/11/2025;0.00 %
25653183;Gestion forestière à stock continu;La Belle Forêt - Limanton - 58;12843;0;Bourgogne Franche Comté;La Belle Forêt ;16/08/2025;06/11/2025;0.00 %
24421170;Reboisement;ONF_REBOISEMENT_FC_NIVIGNE_ET_SURAN_1;945;0;Auvergne Rhône Alpes;Office National des forêts;26/05/2025;05/11/2025;100.00 %
24421488;Reboisement;ONF_REBOISEMENT_FC_NURIEUX_1;764;0;Auvergne Rhône Alpes;Office National des forêts;26/05/2025;05/11/2025;100.00 %
21417952;Boisement;ONF_BOISEMENT_FC_BELLEVILLES_2;199;0;Auvergne Rhône Alpes;Office National des forêts;11/12/2024;04/11/2025;100.00 %
25327761;Gestion forestière à stock continu;La Belle Forêt - Hautes Bruyères - 78;16683;0;Ile de France;La Belle Forêt ;16/05/2025;04/11/2025;0.00 %
21268801;Boisement;Alliance Forêt Bois / GCF - Villefranche-du-Périgord (24) - 2024 n° 540;271;0;Nouvelle Aquitaine;Alliance Forêts bois;02/12/2024;04/11/2025;0.00 %
17442926;Boisement;SYLVO/Forêt d'ici - Noues de Sienne (14);3401;0;Normandie;Coopérative Nord Seine Forêt Aménagement Approvisionnement;16/04/2024;03/11/2025;0.00 %
22546229;Boisement;Alliance Forêt Bois / GCF - Linac (46) - 2024 n° 541;571;0;Occitanie;Alliance Forêts bois;03/12/2024;03/11/2025;0.00 %
17446521;Boisement;SYLVO/Forêt d'Ici - 6 Beauval-en-Caux;5132;0;Normandie;Coopérative Nord Seine Forêt Aménagement Approvisionnement;16/04/2024;03/11/2025;0.00 %
22096021;Boisement;CNPF C+for n° 228 Tour de France 2025 Gournay-en-Bray (A.S.O. n° 40);921;0;Normandie;Olivier GLEIZES;25/01/2025;03/11/2025;100.00 %
20050870;Boisement;Alliance Forêt Bois / GCF n°480 - Gratot (50);628;0;Normandie;Alliance Forêts bois;20/09/2024;03/11/2025;0.00 %
20724388;Boisement;Projet Néosylva - Pays de la Loire (72) - 2BRES-124;5855;0;Pays de la Loire;NEOSYLVA INVESTISSEMENT FORESTIER;27/10/2024;31/10/2025;0.00 %
19168047;Reboisement;OKLIMA - Forêt de Vaubert - Bailleul Neuville;7289;0;Normandie;Oklima;24/07/2024;31/10/2025;0.00 %
22133195;Boisement;OKLIMA - Forêt de Congé-sur-Orne et Ballon-Saint Mars;4210;0;Pays de la Loire;Oklima;27/01/2025;31/10/2025;90.00 %
20581360;Boisement;SYLVO/UNISYLVA-N°13-Sully la Chapelle (45);622;0;Centre Val de Loire;UNISYLVA;17/10/2024;29/10/2025;0.00 %
22433371;Boisement;OKLIMA - Forêt - Montpezat-sous-Bauzon - 07560;2455;0;Auvergne Rhône Alpes;Oklima;11/02/2025;27/10/2025;0.00 %
19481221;Grandes Cultures;SysFarm - Projet Hauts-de-France N°25;7353;0;Hauts-de-France;SAS SYSFARM;31/08/2023;20/10/2025;0.00 %
24420711;Boisement;ONF_BOISEMENT_FC_TREVOUX_1;2237;0;Auvergne Rhône Alpes;Office National des forêts;26/05/2025;20/10/2025;100.00 %
19598336;Grandes Cultures;AGROcarbone 2024;5602;0;Hauts-de-France;COOPERATIVE AGRICOLE AGORA;27/08/2024;20/10/2025;0.00 %
22294020;Boisement;Carbonapp n°331 Boisement Auxi-le-Chateau (62);4072;0;Hauts-de-France;Carbonapp SAS;03/02/2025;20/10/2025;0.00 %
17319775;Boisement;BOISEMENT D'ANCIENNES FRICHES _ SAINT-CHRISTOPHE-DE-DOUBLE _ SOCOGEF _ P27;931;0;Nouvelle Aquitaine;SASU SOCOGEF;10/04/2024;17/10/2025;0.00 %
19047743;Grandes Cultures;Ocealia 2024 Grandes cultures;2049;0;Nouvelle Aquitaine;Oklima;25/07/2024;17/10/2025;0.00 %
21965013;Reboisement;Oklima - forêt - Louchats/Origne;45869;0;Nouvelle Aquitaine;Oklima;17/01/2025;17/10/2025;0.00 %
18385531;Boisement;Coopérative Carbone - ACCLENA n°16 Boisement à Bahus-Soubiran (40);836;0;Nouvelle Aquitaine;Fransylva Services ;17/06/2024;17/10/2025;0.00 %
19586822;Grandes Cultures;ReSoil - Tereos 2025 - Grand-Est et Ile de France - bis;10824;0;Grand Est;ReSoil;27/08/2025;17/10/2025;0.00 %
22294806;Boisement;Carbonapp n°332 Boisement Casteljaloux (47);418;0;Nouvelle Aquitaine;Carbonapp SAS;03/02/2025;17/10/2025;100.00 %
17980600;Grandes Cultures;OKLIMA - Séquestration carbone en exploitations agricoles, Beauce;39058;0;Centre Val de Loire;Oklima;11/06/2024;17/10/2025;2.00 %
20516208;Reboisement;Alliance Forêt Bois / GCF - La Teste-de-Buch 13 (33) - 2024 n° 494;3552;0;Nouvelle Aquitaine;Alliance Forêts bois;14/10/2024;17/10/2025;0.00 %
20646397;Boisement;Alliance Forêt Bois / GCF - Lias-d'Armagnac 1 (32) - 2024 n° 503;3668;0;Occitanie;Alliance Forêts bois;22/10/2024;14/10/2025;0.00 %
20395394;Reboisement;STOCK CO2 n°375 - Grand Est (57);40691;0;Grand Est;;08/10/2024;14/10/2025;0.00 %
21171184;Boisement;Alliance Forêt Bois / GCF - Reignac (33) - 2024 n° 533;1250;0;Nouvelle Aquitaine;Alliance Forêts bois;26/11/2024;14/10/2025;0.00 %
20604372;Boisement;OKLIMA - Forêt-De-La-Chapelle-Bertrand;1357;0;Nouvelle Aquitaine;Oklima;18/10/2024;14/10/2025;0.00 %
23217905;Reboisement;Alliance Forêts Bois / GCF n°592 - Saint Magne (33);2934;0;Nouvelle Aquitaine;Alliance Forêts bois;24/03/2025;14/10/2025;0.00 %
21034419;Reboisement;Alliance Forêts Bois / GCF- Parentis-en-Born (40) -2024 n°526;909;0;Nouvelle Aquitaine;Alliance Forêts bois;18/11/2024;14/10/2025;0.00 %
20395673;Reboisement;STOCK CO2 n°376 - Grand Est (57);13633;0;Grand Est;;08/10/2024;14/10/2025;0.00 %
21337046;Reboisement;OKLIMA - Forêt de Châtrices et Braux-Saint-Remy;4842;0;Grand Est;Oklima;05/12/2024;14/10/2025;0.00 %
25757135;Reboisement;Reboisement Bois de la Sivrite ;101;0;Grand Est;Quentin Castille;18/09/2025;14/10/2025;100.00 %
20646218;Boisement;Alliance Forêt Bois / GCF - Panjas 2 (32) - 2024 n° 502;441;0;Occitanie;Alliance Forêts bois;22/10/2024;14/10/2025;0.00 %
23257398;Boisement;Alliance Forêts Bois / GCF n°601 - Cazaubon 2 (32);731;0;Occitanie;Alliance Forêts bois;25/03/2025;14/10/2025;0.00 %
18774454;Boisement;Alliance Forêts Bois / GCF n° 451 - Magescq (40);818;0;Nouvelle Aquitaine;Alliance Forêts bois;02/07/2024;14/10/2025;0.00 %
21106405;Boisement;Alliance Forêt Bois / GCF - Gensac (33) - 2024 n° 532;594;0;Nouvelle Aquitaine;Alliance Forêts bois;21/11/2024;14/10/2025;0.00 %
20464973;Boisement;Alliance Forêt Bois / GCF - Garganvillar 2 (82) - 2024 n° 491;3519;0;Occitanie;Alliance Forêts bois;11/10/2024;14/10/2025;0.00 %
22302551;Boisement;Salis;2394;0;Nouvelle Aquitaine;Le Printemps des Terres S.A.S;04/02/2025;14/10/2025;0.00 %
18682989;CarbonAgri;FCAA_APAL_2_GE;14473;0;Grand Est;FCAA;27/06/2025;13/10/2025;62.18 %
22457706;Reboisement;Oklima_foret de Cros de Géorand_07510;963;0;Auvergne Rhône Alpes;Oklima;12/02/2025;10/10/2025;0.00 %
19787823;Reboisement;SF²X4C_JOIGNY_R2;2395;0;Bourgogne Franche Comté;SOCIETE FORESTIERE;06/09/2024;10/10/2025;0.00 %
19261337;Grandes Cultures;ReSoil - 2025 - Auvergne Rhône Alpes - n°2;1731;0;Auvergne Rhône Alpes;ReSoil;30/07/2024;10/10/2025;30.96 %
22472556;Boisement;CNPF C+for n° 221 Assé-le-Bérenger (Deloitte France n° 5);2081;0;Pays de la Loire;Olivier GLEIZES;12/02/2024;09/10/2025;100.00 %
22454932;Reboisement;Oklima-Reboisement post-dépérissement à Sury aux Bois (Loiret);246;0;Centre Val de Loire;Oklima;12/02/2025;03/10/2025;0.00 %
23257011;Boisement;Alliance Forêts Bois / GCF n°597 - Ceton (61);627;0;Normandie;Alliance Forêts bois;25/03/2025;03/10/2025;0.00 %
22151102;Boisement;CNPF C+for n° 220 Magny-le-Désert (Chloé n° 4);406;0;Normandie;Olivier GLEIZES;27/01/2025;02/10/2025;100.00 %
20731224;Reboisement;Projet Néosylva - Centre-Val-de-Loire (37) - 2PEBU-123;189;0;Centre Val de Loire;NEOSYLVA INVESTISSEMENT FORESTIER;28/10/2024;30/09/2025;0.00 %
22193748;Boisement;Alliance Forêts Bois / GCF n°578 -  Borderes et Lamensans (40);1165;0;Nouvelle Aquitaine;Alliance Forêts bois;29/01/2025;29/09/2025;0.00 %
19849905;Boisement;OKLIMA-forêt-Chounerat (SOS);1062;0;Nouvelle Aquitaine;Oklima;10/09/2024;29/09/2025;0.00 %
20685577;Boisement;Alliance Forêt Bois / GCF - Saint-Gein (40) - 2024 n° 504;439;0;Nouvelle Aquitaine;Alliance Forêts bois;24/10/2024;29/09/2025;0.00 %
18504205;Reboisement;MaForêt #80 - Hostens et Louchats (33);2742;0;Nouvelle Aquitaine;Actiforest;24/06/2024;29/09/2025;0.00 %
20918093;Boisement;Alliance Forêt Bois / GCF -  Orthez (64) - 2024 n° 518;1320;0;Nouvelle Aquitaine;Alliance Forêts bois;08/11/2024;29/09/2025;0.00 %
19782571;Reboisement;Alliance Forêt Bois / GCF - Louchats 5 (33) - 2024 n° 467;4784;0;Nouvelle Aquitaine;Alliance Forêts bois;06/09/2024;29/09/2025;0.00 %
18967556;Grandes Cultures;STOCK CO2 n°119 - Bourgogne Franche Comté (21);2285;0;Bourgogne Franche Comté;;11/07/2024;29/09/2025;0.00 %
19453026;Grandes Cultures;SysFarm - Projet Auvergne Rhône Alpes N°24;2467;0;Auvergne Rhône Alpes;SAS SYSFARM;31/08/2023;26/09/2025;0.00 %
21444926;Boisement;Forêt de la Pardude;2390;0;Auvergne Rhône Alpes;Le Printemps des Terres S.A.S;12/12/2024;26/09/2025;0.00 %
21547916;Plantation de vergers;PLANTATION VERGER DE NOISETTES;1011;0;Bourgogne Franche Comté;EXPLOITATION INDIVIDUELLE;19/12/2024;26/09/2025;0.00 %
22312515;Boisement;Alliance Forêts Bois / GCF n°582 -  Abzac (33);2249;0;Nouvelle Aquitaine;Alliance Forêts bois;04/02/2025;24/09/2025;0.00 %
19584130;Grandes Cultures;SysFarm - Projet Centre Val de Loire N°28;111;0;Centre Val de Loire;SAS SYSFARM;31/08/2023;24/09/2025;0.00 %
22500096;Reboisement;Atmosylva n°20 - Reboisemet Meymac (19);1154;0;Nouvelle Aquitaine;ATMOSYLVA;14/02/2025;24/09/2025;0.00 %
20277019;Reboisement;SF2X4C_LA ROCHE CHALAIS_R3;920;0;Nouvelle Aquitaine;SOCIETE FORESTIERE;02/10/2024;24/09/2025;90.00 %
20860893;Boisement;Alliance Forêt Bois / GCF - Plougonven 1 (29) - 2024 n° 517;262;0;Bretagne;Alliance Forêts bois;05/11/2024;18/09/2025;0.00 %
20740147;Boisement;BOISEMENT D'ANCIENNES VIGNES _ SAUVETERRE-DE-GUYENNE _ SOCOGEF _ P60;2906;0;Nouvelle Aquitaine;SASU SOCOGEF;28/10/2024;17/09/2025;0.00 %
19867052;Reboisement;Alliance Forêt Bois / GCF - Condéon (16) - n° 472;208;0;Nouvelle Aquitaine;Alliance Forêts bois;10/09/2024;15/09/2025;0.00 %
21406283;Boisement;STOCK CO2 n°385 - Centre Val de Loire (37);3846;0;Centre Val de Loire;;10/12/2024;15/09/2025;0.00 %
15011170;Boisement;SYLVO/Coopérative CFBL n°03 - LA CELLE-DUNOISE (23);545;0;Nouvelle Aquitaine;CFBL Coopérative Forestière;19/04/2024;15/09/2025;100.00 %
19867812;Reboisement;Alliance Forêt Bois / GCF - Chillac (16) - n° 473;341;0;Nouvelle Aquitaine;Alliance Forêts bois;11/09/2024;12/09/2025;0.00 %
22447999;Reboisement;OKLIMA - Forêt de La Teste-de-Buch (16,4ha);3669;0;Nouvelle Aquitaine;Oklima;11/02/2025;12/09/2025;57.00 %
24478633;Boisement;SYLVO/Coopérative CFBL n°25 - LA CELLE-DUNOISE-bis (23);585;0;Nouvelle Aquitaine;CFBL Coopérative Forestière;01/01/2025;12/09/2025;0.00 %
22040971;Boisement;La Gane;1999;0;Nouvelle Aquitaine;Le Printemps des Terres S.A.S;21/01/2025;12/09/2025;100.00 %
22468418;Boisement;Alliance Forêts Bois / GCF n° 587- Peujard (33) ;547;0;Nouvelle Aquitaine;Alliance Forêts bois;12/02/2025;12/09/2025;0.00 %
18794787;Reboisement;Alliance Forêts Bois / GCF n° 453 - Saint-Magne (33);3883;0;Nouvelle Aquitaine;Alliance Forêts bois;03/07/2024;12/09/2025;0.00 %
22291229;Reboisement;OKLIMA - Forêt de La Teste-de-Buch;18113;0;Nouvelle Aquitaine;Oklima;03/02/2025;12/09/2025;21.00 %
23257203;Boisement;Alliance Forêts Bois / GCF n°602 - Villenave de Rions (33);1253;0;Nouvelle Aquitaine;Alliance Forêts bois;25/03/2025;12/09/2025;0.00 %
21310636;Boisement;SYLVO/Coopérative CFBL n°17 - COULANDON (03);601;0;Auvergne Rhône Alpes;CFBL Coopérative Forestière;04/12/2024;10/09/2025;0.00 %
16973340;Reboisement;SF2X4C_ESCOUBILHAC_R1;3194;0;Occitanie;SOCIETE FORESTIERE;21/03/2024;09/09/2025;0.00 %
22032054;Boisement;Alliance Forêts Bois / GCF n° 572 - La Coulonche (61);264;0;Normandie;Alliance Forêts bois;21/01/2025;08/09/2025;0.00 %
23256857;Boisement;Alliance Forêts Bois / GCF n°605 - Longny-les-Villages (61);468;0;Normandie;Alliance Forêts bois;25/03/2025;08/09/2025;0.00 %
13790630;Grandes Cultures;SECALIA _vague_3;8906;0;Bourgogne Franche Comté;SOC Coopérative Agricole Dijon Céréales;28/08/2023;08/09/2025;0.00 %
23256704;Boisement;Alliance Forêts Bois / GCF n°595 - Gaillon (27);362;0;Normandie;Alliance Forêts bois;25/03/2025;08/09/2025;0.00 %
23257743;Boisement;Alliance Forêts Bois / GCF n°598 - Les Monts d'Andaines (61);300;0;Normandie;Alliance Forêts bois;25/03/2025;08/09/2025;0.00 %
18892090;Ville arborée;SF²X4C_Ecole du Bois du Verne & Parc Maugrand;31;0;Bourgogne Franche Comté;SOCIETE FORESTIERE;27/08/2024;08/09/2025;0.00 %
23256859;Boisement;Alliance Forêts Bois / GCF n°596 - Brehal (50);636;0;Normandie;Alliance Forêts bois;25/03/2025;08/09/2025;0.00 %
24496468;Haies;Haies des Climards;97;0;Bourgogne Franche Comté;Le Printemps des Terres S.A.S;30/05/2025;05/09/2025;0.00 %
19587854;Grandes Cultures;ReSoil - 2025 - Grand-Est - n°2;2456;0;Grand Est;ReSoil;25/08/2025;03/09/2025;51.06 %
19587533;Grandes Cultures;ReSoil - Tereos 2025 : Grand-Est et Ile de France;488;0;Grand Est;ReSoil;24/06/2025;02/09/2025;0.00 %
22095883;Boisement;CNPF C+for n° 224 Tour de France 2025 Frencq (A.S.O. n° 36);804;0;Hauts-de-France;Olivier GLEIZES;24/01/2025;01/09/2025;100.00 %
20953020;Haies;Haie Bourg-Fontaine - HDF;96;0;Hauts-de-France;Le Printemps des Terres S.A.S;13/11/2024;01/09/2025;0.00 %
22472585;Boisement;CNPF C+for n° 214 Crécy-en-Ponthieu (GT2i n° 3);955;0;Hauts-de-France;Olivier GLEIZES;12/02/2025;01/09/2025;100.00 %
21406019;Reboisement;ONF_REBOISEMENT_FC_SEMONS_2;1344;0;Auvergne Rhône Alpes;Office National des forêts;10/12/2024;29/08/2025;100.00 %
22096709;Boisement;CNPF C+for n° 234 Tour de France femmes 2024 Nans (A.S.O. n° 24);695;0;Bourgogne Franche Comté;Olivier GLEIZES;24/01/2025;26/08/2025;100.00 %
20169237;Reboisement;Projet de reboisement LBC pour le SFI de Boucheporn _ 2024;2386;0;Grand Est;EPIC;18/09/2024;21/08/2025;0.00 %
19552941;Grandes Cultures;ReSoil - 2025 - Nouvelle Aquitaine - n°2;1094;0;Nouvelle Aquitaine;ReSoil;23/08/2024;20/08/2025;0.00 %
19067983;Reboisement;OKLIMA - Forêt de Clermont-en-Argonne;3427;0;Grand Est;Oklima;17/07/2024;19/08/2025;90.00 %
20169463;Reboisement;Projet de reboisement LBC en FC de Varsberg _ 2024;1253;0;Grand Est;EPIC;25/09/2024;19/08/2025;0.00 %
19843774;Reboisement;Projet de reboisement LBC pour le Syndicat Forestier Guessling-Hémering _ 2024;955;0;Grand Est;EPIC;10/09/2024;19/08/2025;0.00 %
16154968;Reboisement;"CNPF C&#43;for n° 215 Forêts de Marches";1182;0;Grand Est;Olivier GLEIZES;06/02/2024;19/08/2025;0.00 %
19594787;Grandes Cultures;ReSoil - 2025 - Bourgogne Franche Comté - n°1;1471;0;Bourgogne Franche Comté;ReSoil;27/08/2024;19/08/2025;0.00 %
17370479;Reboisement;MaForêt #128 - Belin Beliet (33);7566;0;Nouvelle Aquitaine;Actiforest;12/04/2024;12/08/2025;52.00 %
21824721;Boisement;Alliance Forêts Bois / GCF n° 561 - Sainte Terre (33);3578;0;Nouvelle Aquitaine;Alliance Forêts bois;10/01/2025;12/08/2025;0.00 %
16264772;Boisement;Pierre Aussedat - Boisement Ychoux (40);1624;0;Nouvelle Aquitaine;Pierre Aussedat SARL;12/02/2023;12/08/2025;0.00 %
22303066;Reboisement;OKLIMA - Forêt de La Teste-de-Buch (17ha);3813;0;Nouvelle Aquitaine;Oklima;04/02/2025;12/08/2025;0.00 %
20560231;Boisement;Projet Néosylva - Nouvelle-Aquitaine (24) - 2LEPI-123;790;0;Nouvelle Aquitaine;NEOSYLVA INVESTISSEMENT FORESTIER;16/10/2024;12/08/2025;0.00 %
21948214;Boisement;Alliance Forêts Bois / GCF n° 568 Les Lèves et Thoumareygues (33);1565;0;Nouvelle Aquitaine;Alliance Forêts bois;16/01/2025;12/08/2025;0.00 %
19973513;Boisement;Alliance Forêt Bois / GCF - Baigts-de-Béarn - n° 474;505;0;Nouvelle Aquitaine;Alliance Forêts bois;17/09/2024;12/08/2025;0.00 %
21149970;Reboisement;OKLIMA - Forêt de Saumos;10265;0;Nouvelle Aquitaine;Oklima;25/11/2024;12/08/2025;65.00 %
16033144;Boisement;Alliance Forêts Bois / GCF n° 373 Bonneuil-Matours;1470;0;Nouvelle Aquitaine;Alliance Forêts bois;30/01/2024;12/08/2025;0.00 %
22040275;Boisement;Alliance Forêts Bois / GCF n° 573 - La Lande de Fronsac (17);2626;0;Nouvelle Aquitaine;Alliance Forêts bois;21/01/2025;12/08/2025;88.00 %
20841009;Boisement;Alliance Forêt Bois / GCF - Fourcès 1 (32) - 2024 n° 514;350;0;Occitanie;Alliance Forêts bois;04/11/2024;08/08/2025;0.00 %
21629707;Boisement;Oklima-Forêt-Barcelonne du Gers;906;0;Occitanie;Oklima;26/12/2024;08/08/2025;0.00 %
14536649;Boisement;Projet Néosylva - Bretagne (22) - 2ROSE-123;2732;0;Bretagne;NEOSYLVA INVESTISSEMENT FORESTIER;11/10/2023;06/08/2025;0.00 %
17060906;Reboisement;STOCK CO2 n°358 - Bourgogne Franche Comté (58);1550;0;Bourgogne Franche Comté;;26/03/2024;06/08/2025;0.00 %
22096334;Boisement;CNPF C+for n° 232 Tour de France 2025 Chauvigné (A.S.O. n° 44);590;0;Bretagne;Olivier GLEIZES;24/01/2025;06/08/2025;100.00 %
15001861;Construction;Carbonapp n°291 Bâtiment neuf biosourcé_Guidel (56);332;0;Bretagne;George V Gestion SAS;15/11/2023;05/08/2025;0.00 %
16975370;Reboisement;SF2X4C_CARAUSSE ET LAGARRIGUE_R1;1495;0;Occitanie;SOCIETE FORESTIERE;21/03/2024;04/08/2025;0.00 %
20877028;Boisement;Alliance Forêt Bois / GCF - Lartigue 2 (32) - n° 509;3404;0;Occitanie;Alliance Forêts bois;06/11/2024;04/08/2025;0.00 %
18051829;Boisement;STOCK CO2 n°255 - Normandie (76);882;0;Normandie;;27/05/2024;04/08/2025;79.93 %
22211783;Reboisement;Alliance Forêts Bois / GCF n°579 -  Lessay (50);2464;0;Normandie;Alliance Forêts bois;30/01/2025;04/08/2025;0.00 %
21503803;Boisement;Alliance Forêts Bois / GCF n°550 - Lannux (32);507;0;Occitanie;Alliance Forêts bois;17/11/2024;04/08/2025;0.00 %
16646574;Reboisement;Alliance Forêts Bois / GCF n°395 Bez et Cambounès;416;0;Occitanie;Alliance Forêts bois;04/03/2024;04/08/2025;0.00 %
23256393;Boisement;Alliance Forêts Bois / GCF n°594 - Mesnil en Ouche 2 (27);726;0;Normandie;Alliance Forêts bois;25/03/2025;04/08/2025;0.00 %
20497730;Boisement;Projet Néosylva - Bretagne (22) - 2TREU-124;238;0;Bretagne;NEOSYLVA INVESTISSEMENT FORESTIER;14/10/2024;04/08/2025;0.00 %
21582673;Boisement;CNPF C+for n° 197 Lectoure (Pierre Fabre n° 7) ;1833;0;Occitanie;Olivier GLEIZES;20/12/2024;04/08/2025;100.00 %
20287229;Boisement;Projet Néosylva - Auvergne-Rhône-Alpes (07) - 2PRAF-123;1792;0;Auvergne Rhône Alpes;NEOSYLVA INVESTISSEMENT FORESTIER;02/10/2024;01/08/2025;0.00 %
20603971;Reboisement;ONF_REBOISEMENT_FD_CHAUTAGNE_3;1064;0;Auvergne Rhône Alpes;Office National des forêts;18/10/2024;01/08/2025;100.00 %
22224364;Reboisement;Carbonapp n°330 Reboisement Haut-Valromey (01);1619;0;Auvergne Rhône Alpes;Carbonapp SAS;30/01/2025;01/08/2025;100.00 %
19497038;Grandes Cultures;SysFarm - Projet Ile de France N°27;2027;0;Ile de France;SAS SYSFARM;29/08/2023;31/07/2025;0.00 %
23915173;Haies;Masson;94;0;Ile de France;Le Printemps des Terres S.A.S;13/11/2024;31/07/2025;0.00 %
21578394;Boisement;CNPF C+for n° 189 Beaufay (Deloitte France n° 4);1174;0;Pays de la Loire;Olivier GLEIZES;20/12/2024;29/07/2025;100.00 %
19618204;Boisement;SAINT DENIS D'ANJOU - Fransylva Services;1030;0;Pays de la Loire;Fransylva Services ;28/08/2024;29/07/2025;0.00 %
20639509;Boisement;Ecotree - Pays de la Loire (53) - 04;2732;0;Pays de la Loire;Ecotree;21/10/2024;29/07/2025;100.00 %
20388780;Boisement;SYLVO/UNISYLVA-N°12-LoirenVallée (72);6547;0;Pays de la Loire;UNISYLVA;08/10/2024;29/07/2025;0.00 %
21498938;Reboisement;STOCK CO2 n°388 - Pays de la Loire (72);1065;0;Pays de la Loire;;16/12/2024;29/07/2025;0.00 %
16388313;Boisement;BEAUCHENE;639;0;Pays de la Loire;Expert forestier;27/04/2024;29/07/2025;0.00 %
20542681;Boisement;Projet Néosylva - Pays de la Loire (44) - 2PENO-124;838;0;Pays de la Loire;NEOSYLVA INVESTISSEMENT FORESTIER;15/10/2024;29/07/2025;69.20 %
20584494;Boisement;SYLVO/Coopérative CFBL n°15 - SAINT-PARDOUX-LE-LAC (87);6060;0;Nouvelle Aquitaine;CFBL Coopérative Forestière;17/10/2024;25/07/2025;0.00 %
23140647;Boisement;Alliance Forêts Bois / GCF n°591 - Castel-Sarrazin (33);3273;0;Nouvelle Aquitaine;Alliance Forêts bois;19/03/2025;25/07/2025;0.00 %
21824903;Boisement;Alliance Forêts Bois / GCF n°562 Saint-André-et-Appelles (33);4525;0;Nouvelle Aquitaine;Alliance Forêts bois;10/01/2025;25/07/2025;0.00 %
21825009;Boisement;Alliance Forêts Bois / GCF n°563 Riocaud (33);2110;0;Nouvelle Aquitaine;Alliance Forêts bois;10/01/2025;25/07/2025;100.00 %
19852341;Reboisement;Alliance Forêt Bois / GCF - Sauvignac (16) - n° 469;1174;0;Nouvelle Aquitaine;Alliance Forêts bois;10/09/2024;25/07/2025;0.00 %
21548789;Boisement;Alliance Forêts Bois/ GCF n° 555 Moulon 1 (33);2657;0;Nouvelle Aquitaine;Alliance Forêts bois;19/12/2024;25/07/2025;0.00 %
23257972;Boisement;Alliance Forêts Bois / GCF n°603 - Sainte-Florence (33);1128;0;Nouvelle Aquitaine;Alliance Forêts bois;25/03/2025;25/07/2025;0.00 %
21920401;Boisement;Alliance Forêts Bois / GCF n°564 Lugon-et-L'île-du-Carnay (33);1682;0;Nouvelle Aquitaine;Alliance Forêts bois;15/01/2025;25/07/2025;0.00 %
22479752;Reboisement;Alliance Forêts Bois/GCF n°251 - Saint-Pierre-de-Côle (24);373;0;Nouvelle Aquitaine;Alliance Forêts bois;13/02/2025;25/07/2025;0.00 %
20517822;Reboisement;Alliance Forêt Bois / GCF n°496 - La Roche Chalais 5 (24);744;0;Nouvelle Aquitaine;Alliance Forêts bois;14/10/2024;25/07/2025;0.00 %
21548911;Boisement;Alliance Forêts Bois/ GCF n° 556 Moulon 2 (33);1524;0;Nouvelle Aquitaine;Alliance Forêts bois;19/12/2024;25/07/2025;0.00 %
22183384;Boisement;Alliance Forêts Bois / GCF n° 577 -  Gours (33);2639;0;Nouvelle Aquitaine;Alliance Forêts bois;29/01/2025;25/07/2025;0.00 %
16130254;Boisement;Alliance Forêts Bois / GCF n°376 Bretigny;1108;0;Normandie;Alliance Forêts bois;05/02/2024;22/07/2025;0.00 %
20171240;Boisement;CNPF C+for n° 170 Guécélard (Deloitte France n° 3) ;4612;0;Pays de la Loire;Olivier GLEIZES;30/09/2024;18/07/2025;100.00 %
20778581;Boisement;Ecotree - Pays de la Loire (44) - 02;4362;0;Pays de la Loire;Ecotree;13/11/2024;18/07/2025;100.00 %
18443521;Boisement;SYLVO/UNISYLVA-N°8-Blancafort (18);578;0;Centre Val de Loire;UNISYLVA;18/06/2024;17/07/2025;0.00 %
22485593;Reboisement;Oklima_forêt de Saint-bonnet-des-quarts_42310;646;0;Auvergne Rhône Alpes;Oklima;13/02/2025;17/07/2025;0.00 %
22509232;Reboisement;OKLIMA_Bois Labbé - Maizières, Haute-Marne;1452;0;Grand Est;Oklima;14/02/2025;16/07/2025;10.33 %
17102814;Reboisement;SF²X4C_ HOILDE_R1 ;3424;0;Grand Est;SOCIETE FORESTIERE;28/03/2024;16/07/2025;0.00 %
15739113;Boisement;Boisement au Bourgneuf ;780;0;Pays de la Loire;Oklima;16/01/2024;16/07/2025;0.00 %
20513449;Boisement;Projet Néosylva - Pays de la Loire (44) - 2ROCH-124;1858;0;Pays de la Loire;NEOSYLVA INVESTISSEMENT FORESTIER;14/10/2024;16/07/2025;0.00 %
17072769;Reboisement;Alliance Forêts Bois / GCF n° 414 - Baugé en Anjou 4 (49);1165;0;Pays de la Loire;Alliance Forêts bois;27/03/2024;16/07/2025;0.00 %
20496517;Boisement;Projet Néosylva - Bretagne (56) - 2TROI-124;407;0;Bretagne;NEOSYLVA INVESTISSEMENT FORESTIER;14/10/2024;15/07/2025;0.00 %
22418011;Herbiers;PosBacia25;32005;0;PACA;Fondation ELYX sous l'égide de la Fondation Bullukian;10/02/2025;15/07/2025;5.53 %
21825089;Reboisement;Carbonapp n°329 Reboisement Lavault-de-Frétoy (58);599;0;Bourgogne Franche Comté;Carbonapp SAS;10/01/2025;15/07/2025;0.00 %
22212297;Boisement;Alliance Forêts Bois / GCF n°580 -  Audignon (40);843;0;Nouvelle Aquitaine;Alliance Forêts bois;30/01/2025;15/07/2025;0.00 %
20696106;Boisement;Alliance Forêt Bois / GCF - Maurrin (40) - 2024 n° 505;211;0;Nouvelle Aquitaine;Alliance Forêts bois;24/10/2024;11/07/2025;0.00 %
21176962;Boisement;Alliance Forêt Bois / GCF - Serres-Sainte-Marie (64) - 2024 n° 534;380;0;Nouvelle Aquitaine;Alliance Forêts bois;26/11/2024;11/07/2025;0.00 %
20388452;Reboisement;Ecotree - Bretagne (29) - 09;1221;0;Bretagne;Ecotree;08/10/2024;11/07/2025;69.28 %
22512796;Reboisement;Carbonapp n°326 Reboisement Saumos 2 (33);551;0;Nouvelle Aquitaine;Carbonapp SAS;14/02/2025;11/07/2025;100.00 %
21331394;Boisement;Oklima - forêt - Vielle-Soubiran;1728;0;Nouvelle Aquitaine;Oklima;05/12/2024;11/07/2025;0.00 %
21777038;Boisement;Alliance Forêts Bois/ GCF n° 560 Pugnac  (33);2444;0;Nouvelle Aquitaine;Alliance Forêts bois;08/01/2025;10/07/2025;0.00 %
16837720;Reboisement;Pierre Aussedat - Projet Médoc 3;6931;0;Nouvelle Aquitaine;Pierre Aussedat SARL;14/03/2024;10/07/2025;0.00 %
22512704;Reboisement;Carbonapp n°327 Reboisement Arès (33);851;0;Nouvelle Aquitaine;Carbonapp SAS;14/02/2025;10/07/2025;0.00 %
22148495;Boisement;STOCK CO2 n°389 - Nouvelle Aquitaine (40 & 64);1464;0;Nouvelle Aquitaine;;27/01/2025;10/07/2025;0.00 %
20980370;Boisement;CNPF C+for n° 175 Tour de France 2024 Arfeuille-Châtain (A.S.O. n° 29);473;0;Nouvelle Aquitaine;Olivier GLEIZES;03/02/2025;10/07/2025;100.00 %
16262575;Haies;2024 AAP LPC LBC-H;2010;0;Bretagne;LA PLACE CARBONE S.A.S.;23/04/2024;09/07/2025;0.00 %
20947806;Boisement;Alliance Forêt Bois / GCF - Bannalec 3 (29) - 2024 n° 515;998;0;Bretagne;Alliance Forêts bois;12/11/2024;09/07/2025;0.00 %
20730540;Boisement;Projet Néosylva - Nouvelle-Aquitaine (40) - 2LAVI-124;4516;0;Nouvelle Aquitaine;NEOSYLVA INVESTISSEMENT FORESTIER;28/10/2024;08/07/2025;0.00 %
21957224;Boisement;Alliance Forêts Bois / GCF n°570  Romagne (33);4790;0;Nouvelle Aquitaine;Alliance Forêts bois;16/01/2025;08/07/2025;0.00 %
15229086;Reboisement;Reboisement Forêt de la Haute Doller 2;1021;0;Grand Est;GROUPEMENT FORESTIER DES CIMES;01/12/2023;08/07/2025;0.00 %
21283121;Boisement;STOCK CO2 n°381 - Grand Est (08);904;0;Grand Est;;03/12/2024;08/07/2025;0.00 %
20277524;Boisement;Projet Néosylva - Nouvelle-Aquitaine (40) - 2CAHE-124;1532;0;Nouvelle Aquitaine;NEOSYLVA INVESTISSEMENT FORESTIER;02/10/2024;08/07/2025;0.00 %
21696534;Boisement;Oklima - Forêt - Dampierre en Burly;1465;0;Centre Val de Loire;Oklima;02/01/2025;08/07/2025;90.00 %
18447302;Boisement;SYLVO/UNISYLVA-N°7-Saint Chartier (36);674;0;Centre Val de Loire;UNISYLVA;18/06/2024;07/07/2025;0.00 %
17120055;Reboisement;Projet Néosylva - Centre-Val de Loire (37) - 2BOUR-123;1341;0;Centre Val de Loire;NEOSYLVA INVESTISSEMENT FORESTIER;29/03/2024;07/07/2025;0.00 %
13757042;Grandes Cultures;FCAA_N°4_Grandes_Cultures;73139;0;Nouvelle Aquitaine;FCAA;30/08/2023;07/07/2025;0.00 %
21460708;Reboisement;SF²X4C_RAINACHE_R1;9906;0;Bourgogne Franche Comté;SOCIETE FORESTIERE;13/12/2024;04/07/2025;100.00 %
20359421;Boisement;Projet Néosylva - Nouvelle-Aquitaine (40) - 2ARRI-124;1242;0;Nouvelle Aquitaine;NEOSYLVA INVESTISSEMENT FORESTIER;07/10/2024;04/07/2025;0.00 %
21730487;Reboisement;Carbonapp n°328 Reboisement Planchez 4 (58);1104;0;Bourgogne Franche Comté;Carbonapp SAS;06/01/2025;04/07/2025;81.00 %
20420037;Boisement;Projet Néosylva - Nouvelle-Aquitaine (40) - 2HERR-124;403;0;Nouvelle Aquitaine;NEOSYLVA INVESTISSEMENT FORESTIER;09/10/2024;04/07/2025;0.00 %
16996945;Reboisement;SF²X4C_GRANDESVENTES_R1;797;0;Bourgogne Franche Comté;SOCIETE FORESTIERE;22/03/2024;04/07/2025;90.00 %
22056694;Boisement;CNPF C+for n° 208 Saligny-sur-Roudon (easyJet n° 11);3647;0;Auvergne Rhône Alpes;Olivier GLEIZES;22/01/2025;03/07/2025;100.00 %
13525136;Boisement;Alliance Forêts Bois/GCF n°282 Mauzens et Miremont (24);579;0;Nouvelle Aquitaine;Alliance Forêts bois;27/07/2023;03/07/2025;0.00 %
22158082;Haies;Bois & Bocage La Place Carbone 2025-01;661;0;Bretagne;LA PLACE CARBONE S.A.S.;06/03/2025;03/07/2025;0.00 %
20451023;Boisement;SYLVO/Coopérative CFBL n°13 - SIONIAC (19);547;0;Nouvelle Aquitaine;CFBL Coopérative Forestière;10/10/2024;03/07/2025;100.00 %
16014277;Boisement;Alliance Forêts Bois / GCF n° 371 Sap en Auge;511;0;Normandie;Alliance Forêts bois;29/01/2024;02/07/2025;0.00 %
20260846;Boisement;Projet Néosylva - Nouvelle-Aquitaine (40) - 2LEBO-123;942;0;Nouvelle Aquitaine;NEOSYLVA INVESTISSEMENT FORESTIER;01/10/2024;01/07/2025;0.00 %
21837374;Boisement;SYLVO/Coopérative CFBL n°18 - COULONGES SUR SARTHE (61);1322;0;Normandie;CFBL Coopérative Forestière;10/01/2025;01/07/2025;0.00 %
16511069;Boisement;Alliance Forêts Bois /GCF N°389  Saint Cernin de Labarde;9428;0;Nouvelle Aquitaine;Alliance Forêts bois;26/02/2024;01/07/2025;0.00 %
20794581;CarbonAgri;Projet élevages Nord Est de la France ;3979;0;Hauts-de-France;Oklima;31/10/2024;01/07/2025;0.00 %
22095748;Boisement;CNPF C+for n° 222 Tour de France 2025 Grand Départ Lille Métropole Englos (A.S.O. n° 34);1763;0;Hauts-de-France;Olivier GLEIZES;24/01/2025;01/07/2025;100.00 %
20246926;Boisement;Projet Néosylva - Nouvelle-Aquitaine (40) - 2LARR-123;551;0;Nouvelle Aquitaine;NEOSYLVA INVESTISSEMENT FORESTIER;01/10/2024;01/07/2025;0.00 %
21415407;Boisement;Alliance Forêt Bois / GCF - Bergouey (40) - 2024 n° 547;547;0;Nouvelle Aquitaine;Alliance Forêts bois;11/12/2024;01/07/2025;0.00 %
22210606;Boisement;Carbonapp n°325 Boisement Berthez (33);1111;0;Nouvelle Aquitaine;Carbonapp SAS;30/01/2025;01/07/2025;100.00 %
20420192;Boisement;Projet Néosylva - Nouvelle-Aquitaine (40) - 2JEAN-124;690;0;Nouvelle Aquitaine;NEOSYLVA INVESTISSEMENT FORESTIER;09/10/2024;01/07/2025;0.00 %
21977896;Boisement;CNPF C+for n° 211 Adriers (easyJet n° 14);2592;0;Nouvelle Aquitaine;Olivier GLEIZES;17/01/2025;01/07/2025;100.00 %
20185379;Boisement;Alliance Forêt Bois / GCF - Teuillac 1 (33) - 2024 n° 484;4182;0;Nouvelle Aquitaine;Alliance Forêts bois;27/09/2024;01/07/2025;0.00 %
21005266;Boisement;Alliance Forêt Bois / GCF -  Gaillères 2 (40) - 2024 n° 520;277;0;Nouvelle Aquitaine;Alliance Forêts bois;15/11/2024;01/07/2025;0.00 %
22095785;Boisement;CNPF C+for n° 223 Tour de France 2025 Saint-Pol-sur-Ternoise (A.S.O. n° 35);1184;0;Hauts-de-France;Olivier GLEIZES;24/01/2025;01/07/2025;100.00 %
20247194;Boisement;Projet Néosylva - Nouvelle-Aquitaine (40) - 2PAQU-123;922;0;Nouvelle Aquitaine;NEOSYLVA INVESTISSEMENT FORESTIER;01/10/2024;01/07/2025;0.00 %
20478300;Boisement;Forêt d'ici/Sylvo2 (5) - Projet de boisement : SCI des Gapennes;3207;0;Hauts-de-France;Forêts & Bois de l'Est;11/10/2024;01/07/2025;0.00 %
22411111;Reboisement;Alliance Forêts Bois / GCF n°585 - Ychoux (40);369;0;Nouvelle Aquitaine;Alliance Forêts bois;10/02/2025;01/07/2025;0.00 %
20420809;Boisement;Projet Néosylva - Nouvelle-Aquitaine (40) - 2MIMB-124;844;0;Nouvelle Aquitaine;NEOSYLVA INVESTISSEMENT FORESTIER;09/10/2024;01/07/2025;0.00 %
22095671;Boisement;CNPF C+for n° 212 Ecausseville (Banque Neuflize n° 7);3004;0;Normandie;Olivier GLEIZES;24/01/2025;01/07/2025;100.00 %
20246668;Boisement;Projet Néosylva - Nouvelle-Aquitaine (64) - 2LACQ-123;415;0;Nouvelle Aquitaine;NEOSYLVA INVESTISSEMENT FORESTIER;01/10/2024;01/07/2025;0.00 %
21408568;Boisement;Oklima - Forêt de Toulenne;377;0;Nouvelle Aquitaine;Oklima;10/12/2024;01/07/2025;90.00 %
22095984;Boisement;CNPF C+for n° 226 Tour de France 2025 Bollezeele (A.S.O. n° 38);942;0;Hauts-de-France;Olivier GLEIZES;24/01/2025;01/07/2025;100.00 %
22096292;Boisement;CNPF C+for n° 231 Tour de France 2025 Juvigny-les-Vallées (A.S.O. n° 43);406;0;Normandie;Olivier GLEIZES;24/01/2025;23/06/2025;100.00 %
22411384;Reboisement;Alliance Forêts Bois / GCF n°586 - Biscarrosse (40);326;0;Nouvelle Aquitaine;Alliance Forêts bois;10/02/2025;20/06/2025;0.00 %
21104190;Boisement;OKLIMA - Forêt - Retjons;1029;0;Nouvelle Aquitaine;Oklima;21/11/2024;20/06/2025;0.00 %
22089246;Boisement;Alliance Forêts Bois / GCF n° 576 - Saint Savin (33);1114;0;Nouvelle Aquitaine;Alliance Forêts bois;23/01/2025;20/06/2025;0.00 %
21277068;Boisement;OKLIMA - Forêt de Saint-Privat-en-Périgord;1982;0;Nouvelle Aquitaine;Oklima;02/12/2024;20/06/2025;0.00 %
22379433;Reboisement;OKLIMA - Forêt de Vienne-le-Château;5471;0;Grand Est;Oklima;07/02/2025;20/06/2025;0.00 %
18110610;Boisement;Alliance Forêts Bois / GCF n°438  Saubrigues (40);645;0;Nouvelle Aquitaine;Alliance Forêts bois;30/05/2024;20/06/2025;0.00 %
21923395;Boisement;Alliance Forêts Bois / GCF n°565 Sort-en-Chalosse (40);579;0;Nouvelle Aquitaine;Alliance Forêts bois;15/01/2025;20/06/2025;0.00 %
20966240;Plantation de vergers;Carbonapp n°301 Verger Berre-l'Etang (13);256;0;PACA;Carbonapp SAS;11/09/2024;19/06/2025;0.00 %
19657734;Grandes Cultures;Sysfarm - Normandie N°31;68461;0;Normandie;SAS SYSFARM;31/08/2023;19/06/2025;15.67 %
20966107;Plantation de vergers;Carbonapp n°307 Verger Apt 2 (84);83;0;PACA;Carbonapp SAS;11/09/2024;19/06/2025;0.00 %
19583324;Grandes Cultures;Projet SysFarm <> NatUp 2024;32240;0;Normandie;SAS SYSFARM;28/08/2023;19/06/2025;3.68 %
20543582;Boisement;Projet Néosylva - Pays de la Loire (44) - 2LABO-124;3127;0;Pays de la Loire;NEOSYLVA INVESTISSEMENT FORESTIER;15/10/2024;17/06/2025;0.00 %
22159979;Boisement;Saint Germain Du Princay - Fransylva services ;1039;0;Pays de la Loire;Fransylva Services ;28/01/2025;17/06/2025;0.00 %
21011809;Boisement;Alliance Forêt Bois / GCF - Yzeures-sur-Creuse 1 (37) - 2024 n° 521;772;0;Centre Val de Loire;Alliance Forêts bois;15/11/2024;17/06/2025;0.00 %
22377921;Reboisement;OKLIMA - Forêt de Aingoulaincourt;3677;0;Grand Est;Oklima;07/02/2025;17/06/2025;0.00 %
21557788;Boisement;CNPF C+for n° 205 Grand'Landes (easyJet n° 8);1615;0;Pays de la Loire;Olivier GLEIZES;05/01/2025;17/06/2025;100.00 %
20708805;Boisement;Carbonapp n°288 Boisement Hugleville-en-Caux (76);1508;0;Normandie;Carbonapp SAS;25/10/2024;16/06/2025;100.00 %
21883171;Boisement;CNPF C+for n° 203 Bernières-le-Patry (easyJet n° 6);1489;0;Normandie;Olivier GLEIZES;13/01/2025;16/06/2025;100.00 %
19925351;Boisement;STOCK CO2 n°370 - Normandie (50);1044;0;Normandie;;13/09/2024;16/06/2025;65.13 %
20861123;Reboisement;MaForêt #102 - Montsenelle (50);1281;0;Normandie;Actiforest;18/11/2024;16/06/2025;0.00 %
22200226;Boisement;Carbonapp n°312 Boisement Auzouville-sur-Ry (76);645;0;Normandie;Carbonapp SAS;29/01/2025;16/06/2025;7.50 %
17590228;Construction;Parc en Scène (Lot 2.4 Bâtiment E');119;0;Ile de France;ELAN;24/04/2024;16/06/2025;0.00 %
21529158;Boisement;Alliance Forêt Bois / GCF - n°549  Cinq-Mars-La-Pile (37);1408;0;Centre Val de Loire;Alliance Forêts bois;18/12/2024;16/06/2025;0.00 %
11562073;Balivage;Dossier balivage Chatel-Censoir;11866;0;Bourgogne Franche Comté;Kloros;21/02/2023;12/06/2025;10.50 %
15353676;Boisement;Pierre Aussedat - Boisement de Buire-au-Bois;2444;0;Hauts-de-France;Pierre Aussedat SARL;11/12/2023;12/06/2025;0.00 %
19504435;Plantation de vergers;Carbonapp n°285 Verger Nîmes (30);249;0;Occitanie;Carbonapp SAS;11/09/2024;11/06/2025;0.00 %
21656320;Boisement;Carbonapp n°302 Boisement Bezinghem (62);1688;0;Hauts-de-France;Carbonapp SAS;30/12/2024;11/06/2025;0.00 %
17315592;Reboisement;STOCK CO2 n°176 - Centre Val de Loire (37);1155;0;Centre Val de Loire;;09/04/2024;11/06/2025;0.00 %
22039886;Plantation de vergers;Carbonapp n°308 Verger Joncquières-Saint-Vincent (30);106;0;Occitanie;Carbonapp SAS;11/09/2024;11/06/2025;0.00 %
19518819;Plantation de vergers;Carbonapp n°284 Verger Saint-Frichoux (11);152;0;Occitanie;Carbonapp SAS;11/09/2024;11/06/2025;0.00 %
20966893;Plantation de vergers;Carbonapp n°314 Verger Bernadets-Debat 3 (65);427;0;Occitanie;Carbonapp SAS;11/09/2024;11/06/2025;0.00 %
21531023;Boisement;CNPF C+for n° 187 Castelsarrasin (Teréga n° 11);989;0;Occitanie;Olivier GLEIZES;18/12/2024;05/06/2025;100.00 %
14438325;Reboisement;Alliance Forêts Bois/GCF n°329 Sauveterre (81);1931;0;Occitanie;Alliance Forêts bois;05/10/2023;05/06/2025;0.00 %
21725042;Boisement;CNPF C+for n° 186 Castelsarrasin & Moissac (Teréga n° 10);1254;0;Occitanie;Olivier GLEIZES;05/01/2025;05/06/2025;100.00 %
18335217;Grandes Cultures;Projet SysFarm <> Gersycoop 2024;19350;0;Occitanie;SAS SYSFARM;30/08/2023;05/06/2025;15.70 %
19855649;Reboisement;Alliance Forêt Bois / GCF - Condéon (16) - n° 471;346;0;Nouvelle Aquitaine;Alliance Forêts bois;10/09/2024;03/06/2025;0.00 %
17063349;Boisement;STOCK CO2 n°359 - Nouvelle Aquitaine (40);1101;0;Nouvelle Aquitaine;;26/03/2024;03/06/2025;0.00 %
21919270;Boisement;OKLIMA - Forêt de Montcaret ;1393;0;Nouvelle Aquitaine;Oklima;15/01/2025;03/06/2025;90.00 %
18994917;Boisement;Alliance Forêts Bois / GCF n°456 - Lerm-et-Musset (33);1302;0;Nouvelle Aquitaine;Alliance Forêts bois;12/07/2024;03/06/2025;0.00 %
20217987;Boisement;CNPF C+for n° 185 Navailles-Angos (Teréga n° 9);478;0;Nouvelle Aquitaine;Olivier GLEIZES;30/09/2024;03/06/2025;100.00 %
17132496;Boisement;Alliance Forêts Bois / GCF n° 418 Saint-Benoît (86);1020;0;Nouvelle Aquitaine;Alliance Forêts bois;29/03/2024;03/06/2025;0.00 %
21977826;Boisement;CNPF C+for n° 209 Mouterre-sur-Blourde (easyJet n° 12);3548;0;Nouvelle Aquitaine;Olivier GLEIZES;17/01/2025;03/06/2025;100.00 %
20081365;Boisement;Alliance Forêt Bois / GCF - Doazit 1 (40) - 2024 n° 483;671;0;Nouvelle Aquitaine;Alliance Forêts bois;23/09/2024;03/06/2025;0.00 %
15958948;Boisement;Coopérative Carbone - ACCLENA - X. Meynard / Boisement à Toulx-Sainte-Croix (23);1264;0;Nouvelle Aquitaine;Fransylva Services ;25/01/2024;03/06/2025;0.00 %
21549022;Boisement;Alliance Forêts Bois/ GCF n° 557 Moulon 3 (33);1104;0;Nouvelle Aquitaine;Alliance Forêts bois;19/12/2024;03/06/2025;0.00 %
17314902;Boisement;STOCK CO2 n°317 - Nouvelle Aquitaine (86);843;0;Nouvelle Aquitaine;;09/04/2024;03/06/2025;79.95 %
22242999;Reboisement;OKLIMA - Forêt de Saumos;1234;0;Nouvelle Aquitaine;Oklima;31/01/2025;03/06/2025;0.00 %
20555466;Boisement;Projet Néosylva Bourgogne-Franche-Comté (71) - 2BELU-124 ;811;0;Bourgogne Franche Comté;NEOSYLVA INVESTISSEMENT FORESTIER;16/10/2024;02/06/2025;0.00 %
20965862;Plantation de vergers;Carbonapp n°298 Verger Coulombs (28);474;0;Centre Val de Loire;Carbonapp SAS;11/09/2024;02/06/2025;0.00 %
19552875;Grandes Cultures;ReSoil - 2025 - Nouvelle Aquitaine - n°1;1761;0;Nouvelle Aquitaine;ReSoil;23/08/2024;02/06/2025;28.85 %
22019120;Plantation de vergers;Carbonapp n°313 Verger Plouha (22);1080;0;Bretagne;Carbonapp SAS;11/09/2024;28/05/2025;0.00 %
22037456;Vergers collectifs;Carbonapp - Dossier Collectif - Vergers n°7;4202;0;Bretagne;Carbonapp SAS;11/09/2024;28/05/2025;36.00 %
21234113;Plantation de vergers;Carbonapp n°292 Verger Saint-Gilles-les-Bois (22);1180;0;Bretagne;Carbonapp SAS;11/09/2024;28/05/2025;0.00 %
20439068;Boisement;Projet Néosylva - Pays de la Loire (44) - 2BODI-124;405;0;Pays de la Loire;NEOSYLVA INVESTISSEMENT FORESTIER;10/10/2024;28/05/2025;0.00 %
21225096;Plantation de vergers;plantation pink DSG 2025;189;0;PACA;SCEA du Domaine Saint Georges;29/11/2024;26/05/2025;0.00 %
20100634;Boisement;OKLIMA - Forêt de Cabara;3152;0;Nouvelle Aquitaine;Oklima;24/09/2024;23/05/2025;0.00 %
22079080;Reboisement;Carbonapp n°309 Reboisement Saint-Aubin-d'Aubigné (35);2935;0;Bretagne;Carbonapp SAS;23/01/2025;23/05/2025;0.00 %
18310987;Reboisement;SF²X4C_BEILLON_R2;23028;0;Nouvelle Aquitaine;SOCIETE FORESTIERE;17/05/2024;23/05/2025;29.52 %
22512133;Reboisement;Carbonapp n°322 Reboisement Landiras 1 (33);5927;0;Nouvelle Aquitaine;Carbonapp SAS;14/02/2025;23/05/2025;100.00 %
20840451;Boisement;Alliance Forêt Bois / GCF - Louslitges 2 (32) - 2024 n° 512;557;0;Occitanie;Alliance Forêts bois;04/11/2024;23/05/2025;0.00 %
14601746;Reboisement;Office National des Forêts - Forêt domaniale de la Croix de la Guérite - parcelles 4a - 4b - 14a;681;0;Occitanie;EPIC;16/10/2023;23/05/2025;0.00 %
22186487;Reboisement;Carbonapp n°320 Reboisement Mercy (03);1505;0;Auvergne Rhône Alpes;Carbonapp SAS;29/01/2025;23/05/2025;100.00 %
20593137;Boisement;Alliance Forêts Bois / GCF - Le Frêche 3 (40) - n° 2024 n°498;698;0;Nouvelle Aquitaine;Alliance Forêts bois;18/10/2024;23/05/2025;0.00 %
22545572;Reboisement;Carbonapp n°323 Reboisement Vensac 2 (33);783;0;Nouvelle Aquitaine;Carbonapp SAS;17/02/2025;23/05/2025;100.00 %
19085887;Boisement;SYLVO/Coopérative CFBL n°12 - SOUSCEYRAC-EN-QUERCY (46);1488;0;Occitanie;CFBL Coopérative Forestière;18/07/2024;23/05/2025;0.00 %
21126755;Boisement;SYLVO/Coopérative CFBL n°16 - LA CELLE DUNOISE - 2 (23);1557;0;Nouvelle Aquitaine;CFBL Coopérative Forestière;01/11/2024;23/05/2025;100.00 %
18012562;Reboisement;SF²X4C_LAMOUGNIN_R1;1612;0;Nouvelle Aquitaine;SOCIETE FORESTIERE;17/05/2024;23/05/2025;0.00 %
22197310;Reboisement;MaForêt #115 - Neuvic (19);863;0;Nouvelle Aquitaine;Actiforest;29/01/2025;23/05/2025;0.00 %
20684783;Reboisement;Atmosylva n°19 - Reboisement Broué (28);358;0;Centre Val de Loire;ATMOSYLVA;24/10/2024;23/05/2025;0.00 %
21441377;Reboisement;OKLIMA-Forêt(LA BAGEASSE)-Fontannes;1366;0;Auvergne Rhône Alpes;Oklima;12/12/2024;22/05/2025;0.00 %
20464935;Reboisement;SYLVO/Coopérative CFBL n°14 - FONTAINE-FRANCAISE (21);867;0;Bourgogne Franche Comté;CFBL Coopérative Forestière;11/10/2024;21/05/2025;0.00 %
21401891;Reboisement;Oklima - Forêt de Montagnat;773;0;Auvergne Rhône Alpes;Oklima;10/12/2024;21/05/2025;0.00 %
20879898;Reboisement;Projet de reboisement LBC en FC de Vigy _ 2025;1098;0;Grand Est;Office National des Forêts;04/11/2024;20/05/2025;0.00 %
20497604;Boisement;Alliance Forêt Bois / GCF - Carcarès-Sainte-Croix 2 (40) - 2024 n° 493;245;0;Nouvelle Aquitaine;Alliance Forêts bois;14/10/2024;16/05/2025;0.00 %
19483232;Boisement;Alliance Forêts Bois GCF / N°392  Ruffiac;2038;0;Nouvelle Aquitaine;Alliance Forêts bois;19/08/2024;12/05/2025;0.00 %
20827629;Boisement;SECONDIGNY - FransylvaServices;1258;0;Nouvelle Aquitaine;Fransylva Services ;04/11/2024;12/05/2025;97.40 %
22066054;Boisement;OKLIMA - Forêt - Rigny-Sur-Arroux;1353;0;Bourgogne Franche Comté;Oklima;22/01/2025;12/05/2025;0.00 %
19688588;Reboisement;Reboisement post incendie de la forêt de Condrine - Tranche 1;25152;0;Nouvelle Aquitaine;Forestry France;11/10/2024;12/05/2025;0.00 %
21946695;Boisement;Carbonapp n°306 Boisement Gaujacq (40);2414;0;Nouvelle Aquitaine;Carbonapp SAS;16/01/2025;12/05/2025;100.00 %
18617726;Boisement;STOCK CO2 n°367 - Nouvelle Aquitaine (19);1637;0;Nouvelle Aquitaine;;25/06/2024;12/05/2025;0.00 %
21032861;Reboisement;Alliance Forêts Bois / GCF- Biscarosse 1 (40) -2024 n°524;240;0;Nouvelle Aquitaine;Alliance Forêts bois;18/11/2024;12/05/2025;0.00 %
22055948;Boisement;Carbonapp n°319 Boisement Parleboscq (40);1990;0;Nouvelle Aquitaine;Carbonapp SAS;22/01/2025;12/05/2025;100.00 %
20002095;Boisement;Alliance Forêt Bois / GCF - Roches-Prémarie-Andillé - n° 477;1853;0;Nouvelle Aquitaine;Alliance Forêts bois;18/09/2024;12/05/2025;0.00 %
21549181;Boisement;Alliance Forêts Bois/ GCF n° 558 Genissac  (33);952;0;Nouvelle Aquitaine;Alliance Forêts bois;19/12/2024;12/05/2025;0.00 %
22085975;Reboisement;MaForêt #123 - Belin Beliet (33);351;0;Nouvelle Aquitaine;Actiforest;23/01/2025;12/05/2025;0.00 %
15044778;Boisement;Atmosylva n°16 - Boisement Morganx (40);353;0;Nouvelle Aquitaine;ATMOSYLVA;17/11/2023;12/05/2025;0.00 %
20593893;Boisement;Alliance Forêt Bois / GCF - Bascons 2 (40) - 2024 n° 499 ;782;0;Nouvelle Aquitaine;Alliance Forêts bois;18/10/2024;12/05/2025;0.00 %
21975656;Reboisement;MaForêt #110 - Bonnefond (19);2817;0;Nouvelle Aquitaine;Actiforest;17/01/2025;12/05/2025;0.00 %
18995022;Boisement;Alliance Forêts Bois / GCF n°457 - Bazas 2 (33);560;0;Nouvelle Aquitaine;Alliance Forêts bois;12/07/2024;12/05/2025;0.00 %
21034637;Reboisement;Alliance Forêts Bois / GCF- Le Tuzan  1 (33) -2024 n°527;1135;0;Nouvelle Aquitaine;Alliance Forêts bois;18/11/2024;12/05/2025;0.00 %
22039297;Reboisement;MaForêt #122 - Belin Beliet (33);887;0;Nouvelle Aquitaine;Actiforest;21/01/2025;12/05/2025;0.00 %
20186543;Reboisement;Carbonapp n°283 Reboisement D. Belin-Béliet 36 (33);1097;0;Nouvelle Aquitaine;Carbonapp SAS;27/09/2024;12/05/2025;100.00 %
21596561;Boisement;Carbonapp n°317 Boisement Moussac (86);25144;0;Nouvelle Aquitaine;Carbonapp SAS;23/12/2024;12/05/2025;100.00 %
16957816;Boisement;Atmosylva n°17 - Boisement Morganx n°2 (40);797;0;Nouvelle Aquitaine;ATMOSYLVA;20/03/2024;12/05/2025;0.00 %
20800026;Reboisement;Alliance Forêt Bois / GCF - La Jemaye-Ponteyraud (24) - 2024 n° 506;804;0;Nouvelle Aquitaine;Alliance Forêts bois;31/10/2024;12/05/2025;0.00 %
22019250;Reboisement;MaForêt #121 - Belin Beliet (33);8992;0;Nouvelle Aquitaine;Actiforest;20/01/2025;12/05/2025;100.00 %
22311531;Boisement;Alliance Forêts Bois / GCF n°581 -  Charnizay (37);600;0;Centre Val de Loire;Alliance Forêts bois;04/02/2025;07/05/2025;0.00 %
22387110;CarbonAgri;Projets élevage Nouvelle-Aquitaine;3580;0;Nouvelle Aquitaine;Oklima;07/02/2025;06/05/2025;100.00 %
21951357;Boisement;CNPF C+for n° 207 Auxi-le-Château (easyJet n° 10);1640;0;Hauts-de-France;Olivier GLEIZES;16/01/2025;05/05/2025;100.00 %
20477826;Boisement;SYLVO/Forêt d'ici - La Vicogne (80);912;0;Hauts-de-France;Forêts & Bois de l'Est;11/10/2024;05/05/2025;0.00 %
22295271;Boisement;Carbonapp n°324 Boisement Vendegies-sur-Ecaillon (59);2916;0;Hauts-de-France;Carbonapp SAS;03/02/2025;05/05/2025;100.00 %
21603192;Boisement;Carbonapp n°300 Boisement Verchocq (62);505;0;Hauts-de-France;Carbonapp SAS;23/12/2024;05/05/2025;0.00 %
10764172;Vergers collectifs;PLANTATION DE VERGERS 2021;6199;0;Hauts-de-France;CO2RESPONSABLES;02/12/2022;05/05/2025;0.00 %
21537972;Boisement;Sebourg - Fransylva services;1803;0;Hauts-de-France;Fransylva Services ;21/01/2025;05/05/2025;0.00 %
21561551;Boisement;Oklima-Forêt-Wignehies;815;0;Hauts-de-France;Oklima;19/12/2024;05/05/2025;0.00 %
22303315;Boisement;Carbonapp n°321 Boisement Verchocq 2 (62);838;0;Hauts-de-France;Carbonapp SAS;04/02/2025;05/05/2025;0.00 %
21757202;Boisement;Carbonapp n°315 Boisement Bonnay (80);2644;0;Hauts-de-France;Carbonapp SAS;07/01/2025;05/05/2025;100.00 %
18610544;Reboisement;Alliance Forêt Bois / GCF n° 445 - Mazamet (81) ;1463;0;Occitanie;Alliance Forêts bois;25/06/2024;05/05/2025;0.00 %
22171486;Boisement;CNPF C+for n° 212 Guemps (easyJet n° 15);1727;0;Hauts-de-France;Olivier GLEIZES;28/01/2025;05/05/2025;100.00 %
21582091;Boisement;CNPF C+For n° 202 Menneville (easyJet n° 5);1842;0;Hauts-de-France;Olivier GLEIZES;20/12/2024;05/05/2025;100.00 %
22415641;Reboisement;MaForêt #104 - Ruaudin et Teloché (72);2154;0;Pays de la Loire;Actiforest;10/02/2025;30/04/2025;100.00 %
21831044;Boisement;BAIS - Fransylva Services;2756;0;Pays de la Loire;Fransylva Services ;10/01/2025;30/04/2025;0.00 %
15118232;Boisement;OKLIMA - forêt à Gesnes (Mayenne);497;0;Pays de la Loire;Oklima;23/11/2023;30/04/2025;90.00 %
22059384;Boisement;CNPF C+for n° 210 Villeneuve-en-Perseigne (easyJet n° 13);948;0;Pays de la Loire;Olivier GLEIZES;22/01/2025;30/04/2025;100.00 %
21428979;Boisement;CNPF C+for n° 204 Voutré (EasyJet n° 7);1841;0;Pays de la Loire;Olivier GLEIZES;11/12/2024;30/04/2025;100.00 %
21859334;Boisement;Carbonapp n°304 Boisement Etang-sur-Arroux (71);770;0;Bourgogne Franche Comté;Carbonapp SAS;13/01/2025;25/04/2025;100.00 %
19983871;Reboisement;OKLIMA-foret-Mery-Premecy ;1095;0;Grand Est;Oklima;17/09/2024;25/04/2025;0.00 %
21401025;Boisement;Oklima - Forêt de Cussy-en-Morvan;3318;0;Bourgogne Franche Comté;Oklima;10/12/2024;25/04/2025;0.00 %
20967380;Plantation de vergers;Carbonapp n°299 Verger Audrieu 2 (14);194;0;Normandie;Carbonapp SAS;11/09/2024;24/04/2025;0.00 %
17323091;Boisement;BOISEMENT D'ANCIENNES FRICHES _ LAVAZAN _ SOCOGEF _ P31;3204;0;Nouvelle Aquitaine;Oklima;10/04/2024;22/04/2025;0.00 %
21012753;Boisement;Alliance Forêt Bois / GCF -  Lignan-de-Bordeaux (33) - 2024 n° 522;1633;0;Nouvelle Aquitaine;Alliance Forêts bois;15/11/2024;22/04/2025;0.00 %
20600852;Reboisement;Reboisement post incendie du Bois de Saint-Symphorien;11333;0;Nouvelle Aquitaine;Forestry France;18/10/2024;22/04/2025;100.00 %
21776886;Boisement;Alliance Forêts Bois/ GCF n° 559 Montguyon  (17);453;0;Nouvelle Aquitaine;Alliance Forêts bois;08/01/2025;22/04/2025;0.00 %
18217232;Boisement;Alliance Forêts Bois /GCF n°440 -  La Jemaye Ponteyraud (24);328;0;Nouvelle Aquitaine;Alliance Forêts bois;05/06/2024;22/04/2025;0.00 %
21197658;Boisement;Alliance Forêt Bois / GCF - Soulignac (33) - 2024 n° 535;3194;0;Nouvelle Aquitaine;Alliance Forêts bois;27/12/2024;22/04/2025;0.00 %
21800020;Boisement;CNPF C+for n° 109 Saint-Sulpice-de-Faleyrens;1880;0;Nouvelle Aquitaine;Ingénieur forestier carbone;09/01/2025;22/04/2025;0.00 %
20186378;Reboisement;Alliance Forêt Bois / GCF - La Teste-de-Buch 11 (33) - 2024 n° 487;687;0;Nouvelle Aquitaine;Alliance Forêts bois;27/09/2024;22/04/2025;0.00 %
21494463;Boisement;Carbonapp n°305 Boisement Misson (40);3071;0;Nouvelle Aquitaine;Carbonapp SAS;16/12/2024;22/04/2025;100.00 %
16283212;Reboisement;BOUCLANS - Fransylva Services;781;0;Bourgogne Franche Comté;Fransylva Services ;13/02/2024;18/04/2025;0.00 %
18393598;Boisement;MaForêt #84 - Mareuil en Périgord (24);379;0;Nouvelle Aquitaine;Actiforest;24/06/2024;16/04/2025;100.00 %
19614627;Reboisement;OKLIMA-Forêt(Giron)-Buissière-Galant;1704;0;Nouvelle Aquitaine;Oklima;02/09/2024;16/04/2025;0.00 %
21357091;Boisement;OKLIMA - Forêt de Parcoul-Chenaud;2589;0;Nouvelle Aquitaine;Oklima;06/12/2024;16/04/2025;0.00 %
17747772;Reboisement;MaForêt #78 - Cabanac-et-Villagrains (33);2214;0;Nouvelle Aquitaine;Actiforest;03/05/2024;16/04/2025;78.00 %
20558368;Reboisement;CNPF C+for n° 160 Merpins;538;0;Nouvelle Aquitaine;Ingénieur forestier carbone;16/10/2024;16/04/2025;0.00 %
15805168;Boisement;Boisement_Friche_St-Marthe_SOCOGEF_P21;3679;0;Nouvelle Aquitaine;SASU SOCOGEF;16/01/2024;16/04/2025;0.00 %
18390829;Reboisement;MaForêt #83 - Mareuil en Périgord (24);1140;0;Nouvelle Aquitaine;Actiforest;24/06/2024;16/04/2025;0.00 %
21272509;Boisement;OKLIMA - Forêt du Pizou et d'Eygurande-et-Gardedeuil;3366;0;Nouvelle Aquitaine;Oklima;02/12/2024;16/04/2025;90.00 %
18955670;Reboisement;OKLIMA-Forêt-Saint-léger-de-fougeret;1244;0;Bourgogne Franche Comté;Oklima;11/07/2024;15/04/2025;0.00 %
20185838;Boisement;Alliance Forêt Bois / GCF - Tauriac 1 (33) - 2024 n° 486;4882;0;Nouvelle Aquitaine;Alliance Forêts bois;27/09/2024;11/04/2025;0.00 %
19382212;Boisement;CNPF C+for n° 184 Campagne (Teréga n° 8);495;0;Nouvelle Aquitaine;Olivier GLEIZES;10/01/2025;11/04/2025;100.00 %
18225880;Reboisement;Alliance Forêts Bois /GCF n°441  Echourgnac 2 (24);969;0;Nouvelle Aquitaine;Alliance Forêts bois;06/06/2024;11/04/2025;0.00 %
20592758;Reboisement;Alliance Forêts Bois / GCF - Le Frêche 2 (40) - n° 2024 n°497;862;0;Nouvelle Aquitaine;Alliance Forêts bois;18/10/2024;11/04/2025;0.00 %
21428918;Boisement;CNPF C+for n° 161 Marcillat-en-Combraille & Saint-Fargeol (Banque Populaire AURA n° 2);1127;0;Auvergne Rhône Alpes;Olivier GLEIZES;16/01/2025;11/04/2025;100.00 %
20185596;Boisement;Alliance Forêt Bois / GCF - Pugnac 1 (33) - 2024 n° 485;4794;0;Nouvelle Aquitaine;Alliance Forêts bois;27/09/2024;11/04/2025;0.00 %
21397598;Boisement;Carbonapp n°297 Boisement Mourens (33);3958;0;Nouvelle Aquitaine;Carbonapp SAS;10/12/2024;11/04/2025;70.00 %
17598681;Boisement;Ecotree - Centre-Val de Loire (37) - 01;1026;0;Centre Val de Loire;Ecotree;24/04/2024;10/04/2025;77.68 %
20477949;Reboisement;SYLVO/Forêt d'Ici - Bougey (70);3188;0;Bourgogne Franche Comté;Forêts & Bois de l'Est;11/10/2024;10/04/2025;0.00 %
18814219;Boisement;Ecotree - Centre-Val de Loire (37) - 03;882;0;Centre Val de Loire;Ecotree;03/07/2024;10/04/2025;0.00 %
22295608;Reboisement;Carbonapp n°318 Reboisement Arleuf 2 (58);1304;0;Bourgogne Franche Comté;Carbonapp SAS;03/02/2025;10/04/2025;100.00 %
11830904;Rénovation;Réhabilitation de Champarts & La Chasse;327;0;Ile de France;SA de HLM;19/07/2023;09/04/2025;0.00 %
18838157;Reboisement;STOCK CO2 n°373 - Grand Est (55);6103;0;Grand Est;;04/07/2024;08/04/2025;0.00 %
21264333;Boisement;Alliance Forêt Bois / GCF - Saint-Cirgues (46) - 2024 n° 539;302;0;Occitanie;Alliance Forêts bois;02/12/2024;07/04/2025;0.00 %
21089701;Boisement;Alliance Forêt Bois / GCF - Monclar sur Losse (31) - 2024 n° 531;421;0;Occitanie;Alliance Forêts bois;20/11/2024;07/04/2025;0.00 %
20947698;Boisement;Alliance Forêt Bois / GCF - Mecé 1 (35) - 2024 n° 516;766;0;Bretagne;Alliance Forêts bois;12/11/2024;03/04/2025;0.00 %
18480460;Reboisement;CNPF C+for n° 179 Tour de France 2024 Andon (A.S.O. n° 33);959;0;PACA;Olivier GLEIZES;25/07/2024;02/04/2025;100.00 %
19650777;Grandes Cultures;ReSoil - 2025 - Var - n°1;209;0;PACA;ReSoil;30/08/2024;02/04/2025;90.91 %
19270992;Reboisement;OKLIMA - Forêt de Osches et Souilly;3284;0;Grand Est;Oklima;01/08/2024;01/04/2025;0.00 %
21801959;Reboisement;LUSSE-Fransylva Services;1410;0;Grand Est;Fransylva Services ;09/01/2025;31/03/2025;0.00 %
15700324;Plantation de vergers;Plantation verger : amandiers;887;0;Auvergne Rhône Alpes;Chef d'exploitation;09/01/2024;31/03/2025;0.00 %
22166304;Boisement;Carbonapp n°311 Boisement Vallons-de-l'Erdre (44);2056;0;Pays de la Loire;Carbonapp SAS;28/01/2025;27/03/2025;100.00 %
22091513;Reboisement;MaForêt #120 - Baugé-en-Anjou (49);7631;0;Pays de la Loire;Actiforest;23/01/2025;27/03/2025;100.00 %
19273238;Boisement;Alliance Forêts Bois / GCF n°460 - Saint-Philibert-du-Peuple;2670;0;Pays de la Loire;Alliance Forêts bois;31/07/2024;27/03/2025;0.00 %
22294931;Boisement;Carbonapp n°316 Boisement Mozé-sur-Louet (49);1574;0;Pays de la Loire;Carbonapp SAS;03/02/2025;27/03/2025;100.00 %
21936217;Boisement;CNPF C+for n° 206 Montreuil-le-Chétif (easyJet n° 9);4025;0;Pays de la Loire;Olivier GLEIZES;15/01/2025;27/03/2025;100.00 %
19405955;Boisement;Ecotree - Pays de la Loire (72) - 06;5013;0;Pays de la Loire;Ecotree;09/08/2024;27/03/2025;100.00 %
21453284;Boisement;SAINT SATURNIN - Fransylva Services;1196;0;Pays de la Loire;Fransylva Services ;13/12/2024;27/03/2025;0.00 %
22163808;Boisement;Carbonapp n°310 Boisement Parcé-sur-Sarthe (72);3214;0;Pays de la Loire;Carbonapp SAS;28/01/2025;27/03/2025;100.00 %
22091114;Reboisement;MaForêt #85 - Baugé-en-Anjou (49);1148;0;Pays de la Loire;Actiforest;23/01/2025;27/03/2025;100.00 %
19981008;Boisement;Alliance Forêt Bois / GCF - Goos - n° 475;550;0;Nouvelle Aquitaine;Alliance Forêts bois;17/09/2024;26/03/2025;0.00 %
20100524;Boisement;OKLIMA - Forêt de Laluque;3469;0;Nouvelle Aquitaine;Oklima;24/09/2024;26/03/2025;90.00 %
17978833;Reboisement;Reforest'Action - Rosiers d'Égletons (19);845;0;Nouvelle Aquitaine;REFOREST'ACTION;22/05/2024;26/03/2025;0.00 %
18614554;Boisement;Alliance Forêt Bois / GCF n° 446 - Roquecourbe (81) ;871;0;Occitanie;Alliance Forêts bois;25/06/2024;26/03/2025;0.00 %
19391006;Boisement;OKLIMA - Forêt de Beauronne;3206;0;Nouvelle Aquitaine;Oklima;08/08/2024;26/03/2025;90.00 %
19080981;Reboisement;Alliance Forêts Bois / GCF n°459 - Origne 4;3584;0;Nouvelle Aquitaine;Alliance Forêts bois;18/07/2024;26/03/2025;0.00 %
21033873;Reboisement;Alliance Forêts Bois / GCF- Biscarosse 2 (40) -2024 n°525;556;0;Nouvelle Aquitaine;Alliance Forêts bois;18/11/2024;26/03/2025;0.00 %
21518349;Boisement;CNPF C+for n° 196 Labarthe (Pierre Fabre n° 6);563;0;Occitanie;Olivier GLEIZES;17/12/2024;26/03/2025;100.00 %
18311872;Reboisement;SF²X4C_GUIRDEYRE_R2;20033;0;Nouvelle Aquitaine;SOCIETE FORESTIERE;17/05/2024;26/03/2025;16.15 %
20839261;Boisement; Alliance Forêt Bois / GCF - Lartigue 1 (32) - 2024 n° 508;1597;0;Occitanie;Alliance Forêts bois;04/11/2024;26/03/2025;0.00 %
17213775;Boisement;Alliance Forêts Bois / GCF n°420 Trémouilles (12);670;0;Occitanie;Alliance Forêts bois;04/04/2024;26/03/2025;0.00 %
14541614;Boisement;Reforest'Action - Grandpuits-Bailly-Carrois (77);1149;0;Ile de France;REFOREST'ACTION;11/10/2023;25/03/2025;0.00 %
17674030;Boisement;Sancoins 2 - Fransylva Services;845;0;Centre Val de Loire;Fransylva Services ;29/04/2024;25/03/2025;0.00 %
16474390;Ville arborée;SF²X4C_Forêt Urbaine Nord;109;0;Ile de France;SOCIETE FORESTIERE;23/02/2024;25/03/2025;100.00 %
18609195;Plantation de vergers;STOCK CO2 n°209 - Nouvelle Aquitaine (23);1390;0;Nouvelle Aquitaine;;26/08/2024;20/03/2025;35.97 %
21128390;Boisement;STOCK CO2 n°283 - Normandie (14);954;0;Normandie;;22/11/2024;20/03/2025;79.98 %
17558211;Boisement;Alliance Forêts Bois / GCF n° 428 Livarot-Pays-d'Auge (14);3284;0;Normandie;Alliance Forêts bois;23/04/2024;20/03/2025;0.00 %
18742291;Reboisement;Alliance Forêt Bois / GCF n° 447 - Bannalec (29) ;458;0;Bretagne;Alliance Forêts bois;01/07/2024;14/03/2025;0.00 %
21518927;Reboisement;CNPF C+for n° 174 Tour de France 2025 Saint-Franc (A.S.O. n° 28);399;0;Auvergne Rhône Alpes;Olivier GLEIZES;17/12/2024;14/03/2025;100.00 %
16327294;Reboisement;LA CHEVILLOTTE - Fransylva Services;649;0;Bourgogne Franche Comté;Fransylva Services ;15/02/2024;13/03/2025;0.00 %
10679693;Reboisement;Forêt domaniale de la Haye d'Aubenton;1036;0;Hauts-de-France;Léa BOURLHONNE;24/11/2022;07/03/2025;0.00 %
16782233;Reboisement;LAFRESGUIMONT;4267;0;Hauts-de-France;Ecotree;12/03/2024;07/03/2025;95.99 %
18749041;Reboisement;Alliance Forêts Bois / GCF n° 450 - Kergrist-Moëlou (22);828;0;Bretagne;Alliance Forêts bois;01/07/2024;07/03/2025;0.00 %
14876341;Boisement;Alliance Forêts Bois/ GCF n°345  Sère Rustaing;662;0;Occitanie;Alliance Forêts bois;06/11/2023;06/03/2025;0.00 %
17620775;CarbonAgri;Exploitation pédagogique de Bellegarde - label Bas Carbone;568;0;Occitanie;AFS Exploitation agricole pédagogique de Bellegarde (EPL du Tarn);17/10/2022;06/03/2025;0.00 %
17017581;Reboisement;Alliance Forêts Bois / GCF n°405 - Malause (82);795;0;Occitanie;Alliance Forêts bois;25/03/2024;06/03/2025;0.00 %
15062638;Reboisement;Alliance Forêts Bois / GCF n°363 Golfech;825;0;Occitanie;Alliance Forêts bois;05/01/2024;06/03/2025;0.00 %
16674568;Reboisement;Alliance Forêts Bois/ GCF n°396 - Lamontélarié;456;0;Occitanie;Alliance Forêts bois;05/03/2024;06/03/2025;0.00 %
16259725;Boisement;Brétignolles sur mer 2 - Fransylva services;906;0;Pays de la Loire;Fransylva Services ;12/02/2024;03/03/2025;100.00 %
18777949;Reboisement;Alliance Forêts Bois / GCF n° 452 - Mulsanne (72);353;0;Pays de la Loire;Alliance Forêts bois;02/07/2024;03/03/2025;0.00 %
20970219;Boisement;CNPF C+for n° 192 Ger (Festival de Cannes n° 5);2811;0;Normandie;Olivier GLEIZES;13/11/2024;03/03/2025;100.00 %
17069740;Boisement;Alliance Forêts Bois/ GCF n°410 - Saint-Jacques-de-Néhou;929;0;Normandie;Alliance Forêts bois;27/03/2024;03/03/2025;0.00 %
20046885;Boisement;STOCK CO2 n°372 - Pays de la Loire (53);2268;0;Pays de la Loire;;20/09/2024;03/03/2025;43.83 %
20836284;Reboisement;Carbonapp n°289 Reboisement Haudricourt (76);4008;0;Normandie;Carbonapp SAS;04/11/2024;03/03/2025;100.00 %
21688207;Reboisement;MaForêt #117 - Lavernat (72);3016;0;Pays de la Loire;Actiforest;02/01/2025;03/03/2025;100.00 %
20511892;Boisement;Connerré - Fransylva services;1893;0;Pays de la Loire;Fransylva Services ;15/10/2024;03/03/2025;100.00 %
20078542;Boisement;Alliance Forêt Bois / GCF - La Poterie-Mathieu (27) - 2024 n° 481;1137;0;Normandie;Alliance Forêts bois;23/09/2024;03/03/2025;0.00 %
20752790;Boisement;Saint Gervais - Fransylva services;256;0;Pays de la Loire;Fransylva Services ;22/03/2024;03/03/2025;100.00 %
22492697;Boisement;Alliance Forêts Bois / GCF n° 588- Lazenay (18)  ;2341;0;Centre Val de Loire;Alliance Forêts bois;13/02/2025;03/03/2025;0.00 %
20511995;Boisement;CNPF C+for n° 182 Saint-Berthevin (La Poste n° 31);1159;0;Pays de la Loire;Olivier GLEIZES;14/10/2024;03/03/2025;0.00 %
21334613;Boisement;Carbonapp n°294 Boisement Savennières (49);3008;0;Pays de la Loire;Carbonapp SAS;05/12/2024;03/03/2025;0.00 %
18013897;Reboisement;SF²X4C_MALENTE_R1;46015;0;Nouvelle Aquitaine;SOCIETE FORESTIERE;17/05/2024;28/02/2025;0.00 %
20261848;Boisement;Projet Néosylva - Centre-Val de Loire (18) - 2BILL-123;1167;0;Centre Val de Loire;NEOSYLVA INVESTISSEMENT FORESTIER;01/10/2024;28/02/2025;0.00 %
21150908;Boisement;CNPF C+for n° 191 Lagraulière (Andros n° 3);678;0;Nouvelle Aquitaine;Olivier GLEIZES;25/11/2024;28/02/2025;100.00 %
19905107;Reboisement;Carbonapp n°278 Reboisement M. Belin-Béliet 34 (33);2102;0;Nouvelle Aquitaine;Carbonapp SAS;12/09/2024;28/02/2025;100.00 %
20161138;Reboisement;Carbonapp n°281 Reboisement P. Belin-Béliet 35 (33);1267;0;Nouvelle Aquitaine;Carbonapp SAS;26/09/2024;28/02/2025;100.00 %
20454480;Boisement;CHAMOY ET SAINT PHAL - Fransylva Services;1104;0;Grand Est;Cabinet Atys;10/10/2024;28/02/2025;100.00 %
17557516;Reboisement;Alliance Forêts Bois / GCF n°427 Léon (40);591;0;Nouvelle Aquitaine;Alliance Forêts bois;23/04/2024;28/02/2025;0.00 %
18317338;Reboisement;SF²X4C_MALENTE_R2;34996;0;Nouvelle Aquitaine;SOCIETE FORESTIERE;17/05/2024;28/02/2025;0.00 %
14776245;Boisement;STOCK CO2 n°324 - Nouvelle Aquitaine (87);2763;0;Nouvelle Aquitaine;;05/11/2023;28/02/2025;4.81 %
19854098;Boisement;Alliance Forêt Bois / GCF - Saint-Pey-de-Castets 1 (33) - 2024 n° 470;2226;0;Nouvelle Aquitaine;Alliance Forêts bois;10/09/2024;28/02/2025;0.00 %
19242211;Reboisement;SAINT MAGNE 1 - Fransylva Services;2991;0;Nouvelle Aquitaine;Fransylva Services ;29/07/2024;28/02/2025;90.30 %
21017013;Reboisement;STOCK CO2 n°378 - Grand Est (55);3005;0;Grand Est;;15/11/2024;28/02/2025;0.00 %
11599977;Reboisement;Alliance Forêts Bois/GCF n°188 - Belin-Béliet 4 (33);3865;0;Nouvelle Aquitaine;Alliance Forêts bois;24/02/2023;28/02/2025;0.00 %
19084954;Reboisement;OKLIMA-Saumos- Foret de Ciron;415;0;Nouvelle Aquitaine;Oklima;18/07/2024;28/02/2025;0.00 %
19483566;Reboisement;Carbonapp n°250 Reboisement F. Belin-Béliet 31 (33);1625;0;Nouvelle Aquitaine;Carbonapp SAS;19/08/2024;28/02/2025;100.00 %
21459817;Reboisement;SF²X4C_FRENE_R1;2595;0;Bourgogne Franche Comté;SOCIETE FORESTIERE;13/12/2024;27/02/2025;90.02 %
19904395;Balivage;CNPF C+for n° 172 Tour de France 2024 Saint-Bonnet-de-Joux balivage (A.S.O. n° 26);456;0;Bourgogne Franche Comté;Olivier GLEIZES;13/09/2024;27/02/2025;100.00 %
21321318;Boisement;Carbonapp n°296 Boisement Willeman (62);693;0;Hauts-de-France;Carbonapp SAS;05/12/2024;24/02/2025;100.00 %
20465227;Boisement;CNPF C+for n° 201 Autheux (EasyJet n° 4);4023;0;Hauts-de-France;Olivier GLEIZES;19/11/2024;24/02/2025;100.00 %
18313168;Reboisement;SF²X4C_LA ROCHE CHALAIS_R2;4786;0;Nouvelle Aquitaine;SOCIETE FORESTIERE;17/05/2024;19/02/2025;83.00 %
16639878;Boisement;Alliance Forêts Bois / GCF n°394 Chatenet;1951;0;Nouvelle Aquitaine;Alliance Forêts bois;04/03/2024;19/02/2025;0.00 %
18982472;Reboisement;Alliance Forêts Bois / GCF n°455 - Moustey (40);4124;0;Nouvelle Aquitaine;Alliance Forêts bois;12/07/2024;19/02/2025;0.00 %
17791706;Boisement;Alliance Forêts Bois / GCF n°435 Lourquen (40);1663;0;Nouvelle Aquitaine;Alliance Forêts bois;07/05/2024;19/02/2025;100.00 %
21104991;Reboisement;Carbonapp n°290 Reboisement G. La Teste-de-Buch (33);552;0;Nouvelle Aquitaine;Carbonapp SAS;21/11/2024;19/02/2025;100.00 %
16608007;Boisement;Coopérative Carbone - n°15 ACCLENA - F-X.Coureau / Boisement Saint-Julien-en-Born (40);376;0;Nouvelle Aquitaine;COOPERATIVE CARBONE;01/03/2024;19/02/2025;0.00 %
20649759;Boisement;Carbonapp n°287 Boisement Monget (40);1343;0;Nouvelle Aquitaine;Carbonapp SAS;22/10/2024;19/02/2025;0.00 %
20019629;Reboisement;Carbonapp n°280 Reboisement D. Moustey 2 (40);3094;0;Nouvelle Aquitaine;Carbonapp SAS;19/09/2024;19/02/2025;64.00 %
13769590;Grandes Cultures;Carbonapp - Dossier Collectif n°2 Grandes Cultures - Projets n° 252 à 276;13538;0;Nouvelle Aquitaine;Carbonapp SAS;23/08/2023;19/02/2025;7.90 %
13726428;Boisement;Alliance Forêts Bois/GCF n°301  Gamarde-les-Bains (40);500;0;Nouvelle Aquitaine;Alliance Forêts bois;18/08/2023;19/02/2025;0.00 %
18082717;Boisement;OKLIMA - Forêt de Saint-Geours-de-Maremne;5755;0;Nouvelle Aquitaine;Oklima;29/05/2024;19/02/2025;0.00 %
19278391;Boisement;Alliance Forêts Bois / GCF n°461 - Saint-Vincent-de-Pertignas (33);1909;0;Nouvelle Aquitaine;Alliance Forêts bois;31/07/2024;19/02/2025;0.00 %
17572767;Rénovation;Coopérative Carbone - Ville de Poitiers : Réhabilitation de la caserne Pont Achard à Poitiers (86);127;0;Nouvelle Aquitaine;COOPERATIVE CARBONE;21/05/2024;19/02/2025;100.00 %
19370695;Boisement;OKLIMA - Forêt de Saint-Etienne-de-Puycorbier;6493;0;Nouvelle Aquitaine;Oklima;07/08/2024;19/02/2025;90.00 %
20228482;Boisement;OKLIMA - Forêt de Morcenx-la-Nouvelle;7861;0;Nouvelle Aquitaine;Oklima;30/09/2024;19/02/2025;38.00 %
15850127;Boisement;La Chapelle Hermier - Fransylva services;2118;0;Pays de la Loire;Fransylva Services ;18/01/2024;18/02/2025;100.00 %
20535774;Boisement;Poiroux 2 - Fransylva services;2637;0;Pays de la Loire;Fransylva Services ;16/10/2024;18/02/2025;100.00 %
15369465;Boisement;Touvois 2 - Fransylva services;880;0;Pays de la Loire;Fransylva Services ;12/12/2023;18/02/2025;100.00 %
21332140;Boisement;Carbonapp n°295 Boisement Grand-Auverné (44);3813;0;Pays de la Loire;Carbonapp SAS;05/12/2024;18/02/2025;0.00 %
21294370;Boisement;Carbonapp n°293 Boisement Bouchemaine (49);3045;0;Pays de la Loire;Carbonapp SAS;03/12/2024;18/02/2025;100.00 %
21467282;Reboisement;STOCK CO2 n°387 - Bourgogne Franche Comté (58);894;0;Bourgogne Franche Comté;;13/12/2024;18/02/2025;79.98 %
14604244;Reboisement;Alliance Forêts Bois/GCF n°336 Fresnay l'eveque (28);779;0;Centre Val de Loire;Alliance Forêts bois;16/10/2023;14/02/2025;0.00 %
21357013;Boisement;STOCK CO2 n°384 - Centre Val de Loire (45);2743;0;Centre Val de Loire;;06/12/2024;13/02/2025;42.98 %
16142979;Rénovation;La Terrasse Toulouse;5;5;Occitanie;CLIMAT LOCAL;05/02/2024;11/02/2025;0.00 %
21088502;Boisement;Alliance Forêt Bois / GCF - Montgeard (31) - 2024 n° 530;1214;0;Occitanie;Alliance Forêts bois;20/11/2024;11/02/2025;0.00 %
21503920;Boisement;Alliance Forêts Bois/ GCF n° 551 - Callian (32);1954;0;Occitanie;Alliance Forêts bois;17/12/2024;11/02/2025;0.00 %
20497082;Boisement;Boisement - Indivision SCHNEIDER PASCAL (Hombourg-Budange);651;0;Grand Est;Forêts & Bois de l'Est;18/12/2024;11/02/2025;100.00 %
20482511;Reboisement;STOCK CO2 n°377 - Grand Est (55);11250;0;Grand Est;;11/10/2024;11/02/2025;18.02 %
21780856;Reboisement;Carbonapp n°303 Reboisement Ville-sur-Illon (88);1347;0;Grand Est;Carbonapp SAS;08/01/2025;11/02/2025;0.00 %
21504069;Reboisement;Alliance Forêts Bois/ GCF n° 551 - St Mont (32);988;0;Occitanie;Alliance Forêts bois;17/12/2024;11/02/2025;0.00 %
10490996;CarbonAgri;FCAA - LIFE CARBON FARMING;210303;0;Grand Est;FCAA;04/11/2022;07/02/2025;0.83 %
16741332;Reboisement;Alliance Forêts Bois / GCF n° 398 - La Teste De Buch 8 (33);2291;0;Nouvelle Aquitaine;Alliance Forêts bois;08/03/2024;05/02/2025;100.00 %
17165285;Reboisement;Alliance Forêts Bois / GCF n° 419 Magescq (40);10255;0;Nouvelle Aquitaine;Alliance Forêts bois;02/04/2024;05/02/2025;0.00 %
18165983;Reboisement;Baugé en Anjou - Fransylva Services;41096;0;Pays de la Loire;Fransylva Services ;03/06/2024;05/02/2025;91.00 %
19396875;Reboisement;OKLIMA-forêt- Verteuil d'Agenais;1985;0;Nouvelle Aquitaine;Oklima;09/08/2024;05/02/2025;0.00 %
17574489;Boisement;Alliance Forêts Bois / GCF n° 429 Bussac Forêt (17);1755;0;Nouvelle Aquitaine;Alliance Forêts bois;23/04/2024;05/02/2025;0.00 %
18337703;Reboisement;SF2X4C_LE BARP_R1;20704;0;Nouvelle Aquitaine;SOCIETE FORESTIERE;12/06/2024;05/02/2025;84.69 %
20509944;Reboisement;Carbonapp n°286 Reboisement J. Moustey 3 (40);498;0;Nouvelle Aquitaine;Carbonapp SAS;14/10/2024;05/02/2025;100.00 %
17881597;Reboisement;Alliance Forêts Bois / GCF n°436 - La Teste de Buch - 9 - (33);5218;0;Nouvelle Aquitaine;Alliance Forêts bois;15/05/2024;05/02/2025;0.00 %
17933645;Reboisement;SF²X4C_GUIRDEYRE_R1;17217;0;Nouvelle Aquitaine;SOCIETE FORESTIERE;17/05/2024;05/02/2025;90.69 %
20081518;Boisement;Oklima - Forêt de Saint-Perdon;1438;0;Nouvelle Aquitaine;Oklima;23/09/2024;05/02/2025;0.00 %
18011034;Reboisement;SF²X4C_LE NEGRE_R1;14218;0;Nouvelle Aquitaine;SOCIETE FORESTIERE;17/05/2024;05/02/2025;0.00 %
19814661;Boisement;Alliance Forêt Bois / GCF - Durance 1 (47) - 2024 n° 468;3471;0;Nouvelle Aquitaine;Alliance Forêts bois;09/09/2024;05/02/2025;0.00 %
19981448;Reboisement;Alliance Forêt Bois / GCF - La Teste-de-Buch - n° 476;2426;0;Nouvelle Aquitaine;Alliance Forêts bois;17/09/2024;05/02/2025;0.00 %
21459482;Reboisement;SF²X4C_Olive&Dam_R1;10955;0;Bourgogne Franche Comté;SOCIETE FORESTIERE;13/12/2024;04/02/2025;90.00 %
19833047;Boisement;CNPF C+for n° 150 Luppé-Violles (Teréga n° 2);3256;0;Occitanie;Olivier GLEIZES;09/09/2024;04/02/2025;100.00 %
20838814;Boisement;Alliance Forêt Bois / GCF - Louslitges 1 (32) - 2024 n° 507;525;0;Occitanie;Alliance Forêts bois;04/11/2024;04/02/2025;0.00 %
15388963;Boisement;Alliance Forêts Bois / GCF n°352 Francoulès;171;0;Occitanie;Alliance Forêts bois;13/12/2023;04/02/2025;100.00 %
15513344;Reboisement;Alliance Forêts Bois / GCF n°359 Le Rialet;871;0;Occitanie;Alliance Forêts bois;22/12/2023;04/02/2025;0.00 %
19743526;Haies;Les haies de La Claverie;344;0;Occitanie;Le Printemps des Terres S.A.S;17/10/2024;04/02/2025;0.00 %
17999395;Reboisement;SF²X4C_ROIZE_R1;1703;0;Ile de France;SOCIETE FORESTIERE;23/05/2024;03/02/2025;91.20 %
19469729;Plantation de vergers;projet verger Rocchi;3232;0;Corse;Carbonarii Solutions SAS;16/08/2024;03/02/2025;0.00 %
20561023;Reboisement;OKLIMA - Forêt de Saint-Bonnet-des-Quarts;1557;0;Auvergne Rhône Alpes;Oklima;16/10/2024;31/01/2025;0.00 %
19027528;Boisement;SYLVO/Coopérative CFBL n°11 - THIMORY (45);1685;0;Centre Val de Loire;CFBL Coopérative Forestière;15/07/2024;30/01/2025;0.00 %
19512538;Boisement;OKLIMA - Forêt - Villeton;3102;0;Nouvelle Aquitaine;Oklima;21/08/2024;27/01/2025;3.61 %
19292501;Reboisement;OKLIMA-Forêt-Monestier;926;0;Auvergne Rhône Alpes;Oklima;01/08/2024;24/01/2025;0.00 %
17325167;Boisement;BOISEMENT_CASTETS ET CASTILLON_SOCOGEF_P32;164;0;Nouvelle Aquitaine;SASU SOCOGEF;10/04/2024;23/01/2025;0.00 %
20158589;Reboisement;Oklima -  Forêt de Soustons et Seignosse;1070;0;Nouvelle Aquitaine;Oklima;26/09/2024;23/01/2025;0.00 %
21015334;Boisement;CNPF C+for n° 163 Villebourg & Dissay-sous-Courcillon (Valloire Habitat n° 2);1075;0;Centre Val de Loire;Olivier GLEIZES;18/11/2024;22/01/2025;100.00 %
20646103;Boisement;Alliance Forêt Bois / GCF - Monclar 1 (32) - 2024 n° 501;430;0;Occitanie;Alliance Forêts bois;22/10/2024;22/01/2025;0.00 %
17250838;Reboisement;Alliance Forêts Bois / GCF n°422 Escroux ;911;0;Occitanie;Alliance Forêts bois;05/04/2024;22/01/2025;100.00 %
18744215;Reboisement;Alliance Forêts Bois / GCF n° 449 - Saint Izaire 2 (12);660;0;Occitanie;Alliance Forêts bois;01/07/2024;22/01/2025;0.00 %
15192256;Boisement;La Chapelle Saint-Aubert - Fransylva services;1897;0;Bretagne;Fransylva Services ;29/11/2023;21/01/2025;0.00 %
16998425;Reboisement;SF²X4C_PRUNOY-MORISOIS_R2;4136;0;Bourgogne Franche Comté;SOCIETE FORESTIERE;26/01/2024;20/01/2025;0.00 %
20871788;Boisement;La chaize le vicomte - Fransylva services;514;0;Pays de la Loire;Fransylva Services ;22/03/2024;17/01/2025;100.00 %
20311267;Boisement;Boisement de Mézières;285;0;Pays de la Loire;SELARL CABINET LORNE;21/11/2024;17/01/2025;0.00 %
7904192;Reboisement;Reconstitution Grange Bompard;2970;0;Grand Est;Forêts & Bois de l'Est;31/01/2024;14/01/2025;0.00 %
20952746;Boisement;CNPF C+for n° 200 Le Titre (EasyJet n° 3);1232;0;Hauts-de-France;Olivier GLEIZES;13/11/2024;14/01/2025;100.00 %
21254523;Reboisement;CNPF C+for n° 199 Rosteig (Strasbourg Centre Energies n° 2);815;0;Grand Est;Olivier GLEIZES;20/12/2024;13/01/2025;100.00 %
19742522;Reboisement;Carbonapp n°277 Reboisement G. Belin-Béliet 33 (33);1195;0;Nouvelle Aquitaine;Carbonapp SAS;04/09/2024;13/01/2025;0.00 %
15475952;Boisement;Alliance Forêts Bois / GCF n°354 Bonnut;1657;0;Nouvelle Aquitaine;Alliance Forêts bois;20/12/2023;13/01/2025;0.00 %
19916929;Reboisement;Carbonapp n°279 Reboisement B. Hostens (33);4717;0;Nouvelle Aquitaine;Carbonapp SAS;13/09/2024;13/01/2025;100.00 %
18698540;Reboisement;Carbonapp n°237 Reboisement G. Belin-Béliet 29 (33);2516;0;Nouvelle Aquitaine;Carbonapp SAS;28/06/2024;13/01/2025;0.00 %
14554162;CarbonAgri;STOCK CO2 n°316 - Bourgogne Franche Comté (21);948;0;Bourgogne Franche Comté;;12/10/2023;10/01/2025;0.00 %
12013454;Rénovation;Coopérative  Carbone - Nové Construction n°8 / Rénovation Rochefort (17);13;0;Nouvelle Aquitaine;COOPERATIVE CARBONE;19/04/2023;07/01/2025;100.00 %
14330270;Reboisement;REBOISEMENT EN FORET DOMANIALE DE BREUIL CHENUE;3940;0;Bourgogne Franche Comté;OFFICE NATIONAL DES FORETS BOURGOGNE FRANCHE COMTE;29/09/2023;06/01/2025;100.00 %
16277491;Reboisement;SYLVO/Coopérative CFBL n°07 - ST VINCENT DE REINS (69);542;0;Auvergne Rhône Alpes;CFBL Coopérative Forestière;13/02/2024;03/01/2025;0.00 %
16867816;Boisement;Alliance Forêts Bois / GCF n°401 - La ferté en Ouche 3 (61);2132;0;Normandie;Alliance Forêts bois;15/03/2024;02/01/2025;100.00 %
13000853;Reboisement;Coopératives forestières/COFORET n°25 - LA CHAPELLE AUX CHASSES (03);3650;0;Auvergne Rhône Alpes;COFORET;19/06/2023;31/12/2024;0.00 %
12250913;Rénovation;Coopérative  Carbone - Nové Construction n°9 / Rénovation Versailles (78);90;0;Ile de France;COOPERATIVE CARBONE;19/04/2023;30/12/2024;100.00 %
15797747;Construction;SEQUOIA;450;0;Ile de France;Woodeum;15/01/2024;30/12/2024;0.00 %
20840004;Boisement;Alliance Forêt Bois / GCF - Bernède 1 (32) - 2024 n° 510;921;0;Occitanie;Alliance Forêts bois;04/11/2024;24/12/2024;0.00 %
14178361;Reboisement;Alliance Forêts Bois/GCF n°312 Espalais (82);6050;0;Occitanie;Alliance Forêts bois;20/09/2023;24/12/2024;0.00 %
19105068;Boisement;Alliance Forêts Bois/GCF n°289 Mormès (32);519;0;Occitanie;Alliance Forêts bois;04/08/2023;24/12/2024;0.00 %
15494191;Reboisement;Alliance Forêts Bois / GCF n°356  Espalais 2;1736;0;Occitanie;Alliance Forêts bois;21/12/2023;23/12/2024;0.00 %
19726723;Boisement;Alliance Forêt Bois / GCF - Lauresses 1 (46) - 2024 n° 466;563;0;Occitanie;Alliance Forêts bois;03/09/2024;23/12/2024;0.00 %
20170239;Boisement;CNPF C+for n° 153 Auvillar (Teréga n° 4);2950;0;Occitanie;Olivier GLEIZES;26/09/2024;23/12/2024;100.00 %
20180947;Reboisement;oklima - forêt - Saint Nicolas de Bourgueil ;7652;0;Centre Val de Loire;Oklima;27/09/2024;23/12/2024;0.00 %
11455836;Reboisement;Alliance Forêts Bois/GCF n°172 - Canet de Salars (12);902;0;Occitanie;Alliance Forêts bois;10/02/2023;23/12/2024;0.00 %
13745914;Grandes Cultures;CARBO D'OC 2;51459;0;Occitanie;SCA AGRO D'OC UNION DES CETA D'OC;31/08/2023;23/12/2024;0.00 %
13430726;Reboisement;Reboisement en forêt communale de Arc Sous Montenot;3889;0;Bourgogne Franche Comté;OFFICE NATIONAL DES FORETS BOURGOGNE FRANCHE COMTE;19/07/2023;20/12/2024;100.00 %
19876574;Reboisement;Fransylva Services - Châlons-sur-Vesles ;1204;0;Grand Est;Fransylva Services ;11/09/2024;19/12/2024;75.25 %
18603457;Reboisement;OKLIMA-Forêt-Saumos;4507;0;Nouvelle Aquitaine;Oklima;25/06/2024;18/12/2024;0.00 %
18339923;Reboisement;Bois des Sables;723;0;Pays de la Loire;SELARL CABINET LORNE;03/09/2024;18/12/2024;0.00 %
13848139;Grandes Cultures;ReSoil n°189 - Projet collectif;3772;0;Bretagne;ReSoil;29/08/2023;18/12/2024;0.00 %
12742441;Boisement;Alliance Forêts Bois/GCF n°258 - Smarves (86);1133;0;Nouvelle Aquitaine;Alliance Forêts bois;31/05/2023;18/12/2024;0.00 %
17894362;Boisement;STOCK CO2 n°363 - Nouvelle Aquitaine (33);1349;0;Nouvelle Aquitaine;;15/05/2024;18/12/2024;0.00 %
15005395;Construction;Carbonapp n°245 Bâtiment neuf biosourcé Angers (49);121;0;Pays de la Loire;Carbonapp SAS;15/11/2023;18/12/2024;0.00 %
12549529;Boisement;ICI ON SEME - SAINT-SULPICE-LES-FEUILLES;3193;0;Nouvelle Aquitaine;THE PURE PROJECT;23/10/2023;18/12/2024;0.00 %
18016077;Reboisement;SF²X4C_BEILLON_R1;28325;0;Nouvelle Aquitaine;SOCIETE FORESTIERE;17/05/2024;18/12/2024;90.00 %
20255430;Boisement;Carbonapp n°282 Boisement Momuy (40);2188;0;Nouvelle Aquitaine;Carbonapp SAS;01/10/2024;18/12/2024;86.00 %
18913180;Reboisement;OKLIMA-Forêt(Giron)-Saumos;1633;0;Nouvelle Aquitaine;Oklima;09/07/2024;18/12/2024;0.00 %
17124153;Boisement;Alliance Forêts Bois / GCF n° 417 Sérigny (86);952;0;Nouvelle Aquitaine;Alliance Forêts bois;29/03/2024;18/12/2024;0.00 %
17469928;Boisement;SAVIGNY - Fransylva Services;987;0;Nouvelle Aquitaine;Fransylva Services ;17/04/2024;18/12/2024;0.00 %
18058544;Boisement;OKLIMA - Forêt des Essards ;8773;0;Nouvelle Aquitaine;Oklima;28/05/2024;18/12/2024;46.00 %
18778334;Boisement;OKLIMA - Forêt des Essards ;4972;0;Nouvelle Aquitaine;Oklima;02/07/2024;18/12/2024;0.00 %
13932448;Reboisement;Atmosylva n°12 - Reboisement Gennes-Longuefuye (53);813;0;Pays de la Loire;ATMOSYLVA;04/09/2023;18/12/2024;0.00 %
13008033;Boisement;Alliance Forêts Bois/GCF n°267 - Mérignac 2 (17);918;0;Nouvelle Aquitaine;Alliance Forêts bois;19/06/2023;18/12/2024;0.00 %
16838098;Reboisement;Pierre Aussedat - Projet Reboisement Médoc 2;26832;0;Nouvelle Aquitaine;Pierre Aussedat SARL;14/03/2024;18/12/2024;8.94 %
19298939;Boisement;AZAT LE RIS - Fransylva Services;909;0;Nouvelle Aquitaine;Fransylva Services ;01/08/2024;18/12/2024;59.08 %
14516609;Reboisement;STOCK CO2 n°314 - Nouvelle Aquitaine (33);10525;0;Nouvelle Aquitaine;;10/10/2023;18/12/2024;1.00 %
17561347;Reboisement;Pierre Aussedat - Projet Médoc 4;18442;0;Nouvelle Aquitaine;Pierre Aussedat SARL;23/04/2024;18/12/2024;0.00 %
13792300;Boisement;VEZINS - Fransylva Services;853;0;Pays de la Loire;Fransylva Services ;23/10/2023;18/12/2024;100.00 %
13848022;Grandes Cultures;Veolia Agriculture x ReSoil - Ouest n°2;5423;0;Bretagne;ReSoil;29/08/2023;18/12/2024;6.82 %
14326930;Boisement;Alliance Forêts Bois/GCF n°323 Saint-Pandelon (40);976;0;Nouvelle Aquitaine;Alliance Forêts bois;29/09/2023;18/12/2024;0.00 %
18917059;Reboisement;OKLIMA-Forêt-de-Saint-Hélène;1570;0;Nouvelle Aquitaine;Oklima;09/07/2024;18/12/2024;0.00 %
19822472;Reboisement;STOCK CO2 n°369 - Nouvelle Aquitaine (17);1010;0;Nouvelle Aquitaine;;09/09/2024;18/12/2024;0.00 %
17320308;Boisement;BOISEMENT D'ANCIENNES TERRES DE VIGNES _ SAUVETERRE-DE-GUYENNE _ SOCOGEF _ P30;1193;0;Nouvelle Aquitaine;SASU SOCOGEF;10/04/2024;18/12/2024;0.00 %
20692042;Reboisement;Atmosylva n°18 - Reboisement Herbignac;717;0;Pays de la Loire;ATMOSYLVA;24/10/2024;18/12/2024;0.00 %
19027285;Reboisement;Carbonapp n°246 Reboisement Sainte-Hélène (33);4370;0;Nouvelle Aquitaine;Carbonapp SAS;15/07/2024;17/12/2024;100.00 %
19488340;Reboisement;Carbonapp n°251 Reboisement G. Belin-Béliet 32 (33);532;0;Nouvelle Aquitaine;Carbonapp SAS;19/08/2024;17/12/2024;100.00 %
15414031;CarbonAgri;FCAA_12_2023_CARBON_AGRI;5444;0;Grand Est;FCAA;15/12/2023;17/12/2024;0.00 %
19149326;Reboisement;Carbonapp n°244 Reboisement Origne (33);1149;0;Nouvelle Aquitaine;Carbonapp SAS;23/07/2024;17/12/2024;100.00 %
19373745;Reboisement;Carbonapp n°248 Reboisement B. Saint-Magne 3 (33);629;0;Nouvelle Aquitaine;Carbonapp SAS;07/08/2024;17/12/2024;100.00 %
19025259;Reboisement;Alliance Forêts Bois / GCF n°458 - Mano 2 (40);4750;0;Nouvelle Aquitaine;Alliance Forêts bois;15/07/2024;17/12/2024;0.00 %
18461527;Boisement;Coopérative Carbone - ACCLENA n°17 Boisement à Ygos-Saint-Saturnin (40);835;0;Nouvelle Aquitaine;Fransylva Services ;18/06/2024;17/12/2024;0.00 %
15736391;Boisement;Boisement mixte - Saint Mards en Othe;3956;0;Grand Est;Forêts & Bois de l'Est;11/01/2024;12/12/2024;0.00 %
13726945;Grandes Cultures;Transition agroécologique de 10 agriculteurs dans le département de la Meuse adhérents à la coopérative EMC2;5194;0;Grand Est;EMC2;18/08/2023;12/12/2024;0.00 %
19914433;Boisement;CNPF C+for n° 193 Domvast & Canchy (Festival de Cannes n° 6);2446;0;Hauts-de-France;Olivier GLEIZES;13/09/2024;12/12/2024;100.00 %
13862298;Grandes Cultures;Agora_Lot_2_Aout_2023_GC;2273;0;Hauts-de-France;COOPERATIVE AGRICOLE AGORA;30/08/2023;12/12/2024;0.00 %
12882848;Reboisement;Atmosylva n°13 - Reboisement Boran-sur-Oise (60);1571;0;Hauts-de-France;ATMOSYLVA;29/09/2023;12/12/2024;0.00 %
15004690;Construction;Carbonapp n°239 Bâtiment neuf biosourcé Erquinghem-Lys (59);187;0;Hauts-de-France;Carbonapp SAS;15/11/2023;12/12/2024;0.00 %
17604609;Reboisement;ONF- Reboisement en forêt communale de Saint-Martin-de-Queyrières(1);732;0;PACA;OFFICE NATIONAL DES FORETS;25/04/2024;10/12/2024;100.00 %
16915674;Reboisement;Alliance Forêts Bois/ GCF n°403 - Lacaune;986;0;Occitanie;Alliance Forêts bois;19/03/2024;10/12/2024;0.00 %
12863404;Grandes Cultures;Premier projet collectif Axereal 2023 - Carbone Farmers;6833;0;Centre Val de Loire;Carbone Farmers;30/06/2023;06/12/2024;84.05 %
14920549;Reboisement;SF²X4C_TURSOT_R1;1529;0;Bourgogne Franche Comté;SOCIETE FORESTIERE;09/11/2023;05/12/2024;90.00 %
16915844;Reboisement;Alliance Forêts Bois / GCF n°404 - Chastel (43);621;0;Auvergne Rhône Alpes;Alliance Forêts bois;19/03/2024;03/12/2024;0.00 %
19290090;Grandes Cultures;Sysfarm-Projet Centre Val de Loire N°22;37464;0;Centre Val de Loire;SAS SYSFARM;31/08/2023;28/11/2024;5.10 %
15809058;Boisement;Alliance Forêt Bois / GCF n°368 Goven;741;0;Bretagne;Alliance Forêts bois;16/01/2024;28/11/2024;0.00 %
17678683;Boisement;Reforest'Action - Villefranche-sur-Cher (41);818;0;Centre Val de Loire;REFOREST'ACTION;29/04/2024;28/11/2024;19.44 %
13658589;Grandes Cultures;OKLIMA - Projet de transition agroécologique dans le Grand Est;496;0;Grand Est;Oklima;09/08/2023;25/11/2024;0.00 %
14621833;Reboisement;GF du bois de Moussy;3874;0;Bourgogne Franche Comté;Ecotree;17/10/2023;25/11/2024;0.00 %
18880942;Grandes Cultures;Carbone Farmers- Premier projet collectif Moulin Marion 100% Bio;3633;0;Bourgogne Franche Comté;Carbone Farmers;08/07/2024;22/11/2024;32.65 %
17605267;Reboisement;Alliance Forêts Bois/GCF n°234 - Chillac 2 (16);304;0;Nouvelle Aquitaine;Alliance Forêts bois;25/04/2024;20/11/2024;0.00 %
19297202;Boisement;DROUX - Fransylva Services;548;0;Nouvelle Aquitaine;Fransylva Services ;01/08/2024;20/11/2024;100.00 %
17231310;Boisement;STOCK CO2 n°361 - Nouvelle Aquitaine (33);1359;0;Nouvelle Aquitaine;;04/04/2024;20/11/2024;0.00 %
17928350;Reboisement;Alliance Forêts Bois / GCF n°437 - Echourgnac (24);8077;0;Nouvelle Aquitaine;Alliance Forêts bois;17/05/2024;20/11/2024;0.00 %
19419202;Reboisement;Alliance Forêts Bois / GCF n°462 - Montlieu-la-Garde (17);438;0;Nouvelle Aquitaine;Alliance Forêts bois;12/08/2024;20/11/2024;0.00 %
17691379;Reboisement;Alliance Forêts Bois / GCF n°433 Herm 2 (40);2680;0;Nouvelle Aquitaine;Alliance Forêts bois;30/04/2024;20/11/2024;100.00 %
17070294;Boisement;Alliance Forêts Bois / GCF n° 411- Saint-Avit (47);1138;0;Nouvelle Aquitaine;Alliance Forêts bois;27/03/2024;20/11/2024;0.00 %
14290578;Boisement;Alliance Forêts Bois/GCF n°319 Loupiac (33);659;0;Nouvelle Aquitaine;Alliance Forêts bois;27/09/2023;20/11/2024;0.00 %
17929655;Reboisement;SF²X4C_LA ROCHE CHALAIS_R1;4311;0;Nouvelle Aquitaine;SOCIETE FORESTIERE;17/05/2024;20/11/2024;75.00 %
18512099;Reboisement;Alliance Forêts Bois / GCF n°442 Guillos 6 (33) ;762;0;Nouvelle Aquitaine;Alliance Forêts bois;20/06/2024;20/11/2024;0.00 %
16560588;Boisement;Alliance Forêts Bois GCF / N°393  Montsoué 2;291;0;Nouvelle Aquitaine;Alliance Forêts bois;28/02/2024;20/11/2024;0.00 %
18112161;Boisement;Alliance Forêts Bois /GCF n°439 - Borderes et Lamensans (40);342;0;Nouvelle Aquitaine;Alliance Forêts bois;30/05/2024;20/11/2024;100.00 %
15902023;Boisement;LA HARMOYE - Fransylva Services;530;0;Bretagne;Fransylva Services ;22/01/2024;13/11/2024;0.00 %
18122111;Boisement;SF²X4C_ Lorge_R1;927;0;Bretagne;SOCIETE FORESTIERE;31/05/2024;13/11/2024;90.00 %
17606414;CarbonAgri;STOCK CO2 n°112 - Pays de la Loire (85);3063;0;Pays de la Loire;;25/04/2024;13/11/2024;0.00 %
13698466;Grandes Cultures;ReSoil n°21 - Ile-de-France;1391;0;Ile de France;ReSoil;15/08/2023;13/11/2024;100.00 %
18491141;Reboisement;Val d'Erdre-Auxence - Fransylva Services;2525;0;Pays de la Loire;Fransylva Services ;04/07/2024;13/11/2024;100.00 %
15470375;Reboisement;Alliance Forêts Bois / GCF n°353 Saint Denis Catus;550;0;Occitanie;Alliance Forêts bois;20/12/2023;12/11/2024;0.00 %
19307851;Boisement;CNPF C+for n° 195 Anglès (Pierre Fabre n° 5);774;0;Occitanie;Olivier GLEIZES;16/09/2024;12/11/2024;100.00 %
15168200;Boisement;Domalain - Fransylva services ;1017;0;Bretagne;Fransylva Services ;27/11/2023;12/11/2024;74.72 %
19993773;Reboisement;SF²X4C_PEPINVAST_R1;384;0;Normandie;SOCIETE FORESTIERE;18/09/2024;08/11/2024;90.00 %
13847727;Grandes Cultures;Veolia Agriculture x ReSoil - Ouest n°1;2815;0;Normandie;ReSoil;29/08/2023;08/11/2024;0.00 %
16940486;Boisement;SYLVO/Coopérative CFBL n°08 - ST MARTIN D'ESTREAUX (42);830;0;Auvergne Rhône Alpes;CFBL Coopérative Forestière;20/03/2024;08/11/2024;100.00 %
14921456;Reboisement;SF²X4C_CHARLET_R4;4128;0;Bourgogne Franche Comté;SOCIETE FORESTIERE;09/11/2023;08/11/2024;0.00 %
16676434;Reboisement;Benjamin Prieur_Succieu;612;0;Auvergne Rhône Alpes;Oklima;05/03/2024;08/11/2024;90.00 %
17836110;Boisement;SAINT GILLES DE CRETOT 2 - Fransylva Services;401;0;Normandie;Fransylva Services ;13/05/2024;08/11/2024;0.00 %
15439440;Haies;Symbiose Normandie – Carbone de la haie bocagère 2023;2917;0;Normandie;Symbiose Normanide, Paiements pour Services Environnementaux;18/12/2023;08/11/2024;4.00 %
17952906;Boisement;STOCK CO2 n°364 - Centre Val de Loire (45);3208;0;Centre Val de Loire;;21/05/2024;07/11/2024;0.00 %
15034746;Reboisement;Alliance Forêts Bois/ GCF n°347 Malause;1974;0;Occitanie;Alliance Forêts bois;17/11/2023;05/11/2024;0.00 %
19037441;Reboisement;OKLIMA-Forêt-Montbrun-Bocage;634;0;Occitanie;Oklima;16/07/2024;05/11/2024;0.00 %
19131602;Boisement;CNPF C+for n° 183 Verniolle (Teréga n° 7);2747;0;Occitanie;Olivier GLEIZES;29/07/2024;05/11/2024;100.00 %
14582782;Reboisement;Alliance Forêts Bois/ GCF n°337 Brassac;587;0;Occitanie;Alliance Forêts bois;13/10/2023;05/11/2024;0.00 %
15060511;Boisement;SYLVO/Coopérative CFBL n°04 - SOUVIGNY (03);1165;0;Auvergne Rhône Alpes;CFBL Coopérative Forestière;20/11/2023;05/11/2024;100.00 %
17977343;Reboisement;Alliance Forêts Bois / GCF n° 378 Fontrieu;657;0;Occitanie;Alliance Forêts bois;22/05/2024;05/11/2024;0.00 %
19593986;Reboisement;OKLIMA - Forêt - Mazamet;2910;0;Occitanie;Oklima;27/08/2024;05/11/2024;0.00 %
16033526;Boisement;Alliance Forêts Bois / GCF n° 372 Ayzieu;1236;0;Occitanie;Alliance Forêts bois;30/01/2024;05/11/2024;0.00 %
13697092;Grandes Cultures;Cerfrance GO x ReSoil - Projet Gascogne Occitane n°1;5882;0;Occitanie;ReSoil;14/08/2023;05/11/2024;6.77 %
13983829;Reboisement;Reboisement Roquefère;1959;0;Occitanie;Oklima;07/09/2023;05/11/2024;90.00 %
15121103;Boisement;Alliance Forêts Bois / GCF n°349 Garganvillar;7612;0;Occitanie;Alliance Forêts bois;23/11/2023;05/11/2024;0.00 %
13657877;Grandes Cultures;STOCK CO2 n°206 - Bourgogne Franche Comté;424;0;Bourgogne Franche Comté;;09/08/2023;04/11/2024;69.81 %
19639456;Grandes Cultures;SysFarm - Projet Pays de la Loire N°30;2791;0;Pays de la Loire;SAS SYSFARM;31/08/2023;29/10/2024;0.00 %
12310277;CarbonAgri;STOCK CO2 n°241 - Pays de la Loire;16197;0;Pays de la Loire;;25/04/2023;29/10/2024;0.00 %
14290917;Boisement;Alliance Forêts Bois/GCF n°320 Brainville (50);2150;0;Normandie;Alliance Forêts bois;27/09/2023;28/10/2024;0.00 %
15509906;Boisement;Alliance Forêts Bois / GCF n°358 Rémalard en Perche;1061;0;Normandie;Alliance Forêts bois;22/12/2023;28/10/2024;0.00 %
10680176;Reboisement;Forêt domaniale d'Eu;4250;0;Normandie;Léa BOURLHONNE;24/11/2022;28/10/2024;0.00 %
16230229;Boisement;Alliance Forêts Bois/ GCF n °382 Saint Victor d'Epine;1291;0;Normandie;Alliance Forêts bois;09/02/2024;28/10/2024;0.00 %
16615501;Boisement;Reforest'Action - Neufmesnil (50);1542;0;Normandie;REFOREST'ACTION;01/03/2024;28/10/2024;92.87 %
17108135;Boisement;Alliance Forêts Bois / GCF n° 416 Mahéru (61);802;0;Normandie;Alliance Forêts bois;28/03/2024;28/10/2024;0.00 %
15458943;Boisement;STOCK CO2 n°339 - Normandie (50);1192;0;Normandie;;19/12/2023;28/10/2024;0.83 %
10680366;Reboisement;Forêt domaniale d'Eawy ;1751;0;Normandie;Léa BOURLHONNE;24/11/2022;28/10/2024;0.00 %
10703474;Boisement;Alliance Forêts Bois/GCF n°153 - Sées (61);810;0;Normandie;Alliance Forêts bois;28/11/2022;28/10/2024;100.00 %
13695875;Boisement;STOCK CO2 n°284 - Normandie (61);2295;0;Normandie;;14/08/2023;28/10/2024;0.00 %
15379706;Boisement;Alliance Forêts Bois / GCF n°351 Corbon;2813;0;Normandie;Alliance Forêts bois;13/12/2023;28/10/2024;100.00 %
17796225;Reboisement;Carbonapp n°221 Reboisement P. Belin-Béliet 21 (33);15031;0;Nouvelle Aquitaine;Carbonapp SAS;07/05/2024;25/10/2024;60.40 %
18429793;Reboisement;Carbonapp n°235 Reboisement Belin-Béliet 28 (33);12430;0;Nouvelle Aquitaine;Carbonapp SAS;17/06/2024;25/10/2024;100.00 %
17690176;Reboisement;Alliance Forêts Bois / GCF n°432 Herm (40);3372;0;Nouvelle Aquitaine;Alliance Forêts bois;30/04/2024;25/10/2024;0.00 %
14967241;Boisement;BOISEMENT_FRICHE_BARON(33)_SOCOGEF_P11;1189;0;Nouvelle Aquitaine;SASU SOCOGEF;13/11/2023;25/10/2024;0.00 %
17371359;Boisement;BOISEMENT FRICHE_TAYAC_SOCOGEF_P0051;3234;0;Nouvelle Aquitaine;SASU SOCOGEF;12/04/2024;25/10/2024;0.00 %
13360946;Boisement;Coopérative Carbone - ACCLENA - GDF / Boisement à Rioux (17);302;0;Nouvelle Aquitaine;COOPERATIVE CARBONE;17/07/2023;25/10/2024;97.60 %
13707323;Boisement;Alliance Forêts Bois/GCF n°300  Boivre-la-Vallée (86);352;0;Nouvelle Aquitaine;Alliance Forêts bois;16/08/2023;25/10/2024;0.00 %
16130162;Boisement;Alliance Forêts Bois / GCF n°375 Bruch;344;0;Nouvelle Aquitaine;Alliance Forêts bois;05/02/2024;25/10/2024;100.00 %
18336550;Boisement;Oklima-forêt-Escalans;2401;0;Nouvelle Aquitaine;Oklima;12/06/2024;25/10/2024;90.00 %
18460754;Reboisement;Carbonapp n°236 Reboisement Louchats 2 (33);983;0;Nouvelle Aquitaine;Carbonapp SAS;18/06/2024;25/10/2024;0.00 %
18990546;Reboisement;Carbonapp n°240 Reboisement M. Belin-Béliet 30 (33);5988;0;Nouvelle Aquitaine;Carbonapp SAS;12/07/2024;25/10/2024;100.00 %
13698560;Grandes Cultures;ReSoil n°156 - Hauts-de-France;3320;0;Hauts-de-France;ReSoil;15/08/2023;25/10/2024;9.55 %
13844731;Grandes Cultures;ReSoil n°170 - Lot et Garonne;2277;0;Nouvelle Aquitaine;ReSoil;29/08/2023;25/10/2024;19.24 %
12059087;Reboisement;Alliance Forêts Bois/GCF n°229 - Belin-Béliet 7 (33);7301;0;Nouvelle Aquitaine;Alliance Forêts bois;04/04/2023;25/10/2024;0.00 %
12560250;Reboisement;Alliance Forêts Bois/GCF n°249 - Saint-Aulaye-Puymangou 2 (24);2690;0;Nouvelle Aquitaine;Alliance Forêts bois;15/05/2023;25/10/2024;0.00 %
19046623;Reboisement;Carbonapp n°247 Reboisement Saumos (33);4787;0;Nouvelle Aquitaine;Carbonapp SAS;16/07/2024;25/10/2024;100.00 %
17887359;Boisement;OKLIMA-forêt Saint Hilaire de Lusignan;2568;0;Nouvelle Aquitaine;Oklima;15/05/2024;25/10/2024;90.00 %
14395492;Boisement;Projet Néosylva - Nouvelle-Aquitaine (64) - 2LARB-123;1195;0;Nouvelle Aquitaine;NEOSYLVA INVESTISSEMENT FORESTIER;03/10/2023;25/10/2024;17.50 %
19867432;Boisement;CNPF C+for n° 194 Serain (Festival de Cannes n° 7);579;0;Hauts-de-France;Olivier GLEIZES;11/09/2024;25/10/2024;100.00 %
14767315;Boisement;SYLVO / UNISYLVA - n°1 - St Antoine du Rocher (37);1220;0;Centre Val de Loire;UNISYLVA;27/10/2023;22/10/2024;0.00 %
14098069;Boisement;HIREL - Fransylva Services;2937;0;Bretagne;Fransylva Services ;14/09/2023;22/10/2024;95.34 %
15699440;Boisement;LA FEUILLEE - Fransylva Services;750;0;Bretagne;Fransylva Services ;09/01/2024;22/10/2024;0.00 %
20437925;Boisement;Alliance Forêt Bois / GCF - Fontgombault 1 (36) - 2024 n° 490;170;0;Centre Val de Loire;Alliance Forêts bois;10/10/2024;22/10/2024;0.00 %
17070652;Reboisement;Alliance Forêts Bois / GCF n° 412 - Scaer (29);1154;0;Bretagne;Alliance Forêts bois;20/03/2024;21/10/2024;0.00 %
17123469;Boisement;Projet Néosylva - Bretagne (35) - 2UZEL-124;309;0;Bretagne;NEOSYLVA INVESTISSEMENT FORESTIER;29/03/2024;21/10/2024;0.00 %
18583803;Reboisement;Alliance Forêt Bois / GCF - Pont-Aven 2 (29) - 2024 n° 444;1246;0;Bretagne;Alliance Forêts bois;24/06/2024;21/10/2024;0.00 %
12846186;Reboisement;Alliance Forêts Bois/GCF n°263 - Locoal-Mendon / Olivier Le Gal (56);310;0;Bretagne;Alliance Forêts bois;07/06/2023;16/10/2024;100.00 %
16998350;Reboisement;SF²X4C_ROCHEBIGOT_R1;2183;0;Bourgogne Franche Comté;SOCIETE FORESTIERE;26/01/2024;15/10/2024;0.00 %
19299027;Ville arborée;SF²X4C_Aubépin&Quai Boudet;109;0;Pays de la Loire;SOCIETE FORESTIERE;24/01/2024;11/10/2024;34.21 %
10764670;Plantation de vergers;MB AMANDIERS DE PROVENCE;2808;0;PACA;"Carbon&amp;Co";06/01/2021;11/10/2024;0.00 %
10765098;Plantation de vergers;DOMAINE SAINT GEORGE;462;0;PACA;"Carbon&amp;Co";19/03/2021;11/10/2024;0.00 %
16998256;Reboisement;SF²X4C_GRANDCHAMP_R1;1786;0;Bourgogne Franche Comté;SOCIETE FORESTIERE;26/01/2024;10/10/2024;0.00 %
17383195;Reboisement;STOCK CO2 n°337 - Grand Est (08);953;0;Grand Est;;12/04/2024;10/10/2024;0.00 %
13660967;Boisement;Alliance Forêts Bois/GCF n°297  Viella (32);3640;0;Occitanie;Alliance Forêts bois;09/08/2023;08/10/2024;0.00 %
16786003;Reboisement;OKLIMA- forêt de La Salvetat-sur-Agout;2577;0;Occitanie;Oklima;12/03/2024;08/10/2024;90.00 %
13120837;Reboisement;Office National des Forêts - Forêt domaniale du Haut-Agout - parcelles 22 - 23 - 25 - 55;2546;0;Occitanie;EPIC;27/06/2023;08/10/2024;0.00 %
16061752;Reboisement;SF²X4C_SECHEVAL_R1;10403;0;Grand Est;SOCIETE FORESTIERE;23/01/2024;08/10/2024;90.00 %
18655883;Reboisement;AUMESSAS - Fransylva Services;1025;0;Occitanie;Fransylva Services ;27/06/2024;08/10/2024;100.00 %
14418628;Reboisement;Alliance Forêts Bois/GCF n°328 Béziers  (34);214;0;Occitanie;Alliance Forêts bois;04/10/2023;08/10/2024;0.00 %
17687414;Reboisement;Alliance Forêts Bois / GCF n° 431 Le Bez 2 (81)  ;425;0;Occitanie;Alliance Forêts bois;30/04/2024;08/10/2024;0.00 %
19147455;Reboisement;OKLIMA-Forêt-Fougax-Et-Barrineuf;1973;0;Occitanie;Oklima;23/07/2024;08/10/2024;0.00 %
15192203;Reboisement;ONF-REBOISEMENT-FC SEMONS-1;1172;0;Auvergne Rhône Alpes;Office National des forêts;29/11/2023;07/10/2024;100.00 %
16999268;Reboisement;SF²X4C_MONTVIANEIX_R1;1188;0;Auvergne Rhône Alpes;SOCIETE FORESTIERE;26/01/2024;07/10/2024;0.00 %
17981372;Boisement;Carbonapp n°229 Boisement Gouise (03);1886;0;Auvergne Rhône Alpes;Carbonapp SAS;22/05/2024;07/10/2024;100.00 %
13697364;Grandes Cultures;ReSoil n°90 - Drôme;2734;0;Auvergne Rhône Alpes;ReSoil;15/08/2023;07/10/2024;22.31 %
17918747;Reboisement;CNPF C+for n° 171 Tour de France 2024 Saint-Cassin (A.S.O. n° 25);388;0;Auvergne Rhône Alpes;Olivier GLEIZES;17/05/2024;07/10/2024;100.00 %
18212435;Reboisement;OKLIMA - forêt de Mazerat-Aurouze;4314;0;Auvergne Rhône Alpes;Oklima;06/06/2024;07/10/2024;90.00 %
18579008;Reboisement;OKLIMA-Forêt-Le Vernet Sainte Marguerite;2983;0;Auvergne Rhône Alpes;Oklima;25/06/2024;07/10/2024;0.00 %
17671995;Reboisement;ONF-REBOISEMENT-FC-ECOLE-EN-BAUGE;165;0;Auvergne Rhône Alpes;Office National des forêts;29/04/2024;04/10/2024;100.00 %
17461069;Boisement;OKLIMA - Forêt de Poudenas/Sainte-Maure-de-Peyriac;5878;0;Nouvelle Aquitaine;Oklima;17/04/2024;04/10/2024;0.00 %
15499258;Boisement;Saint Sulpice le Guérétois - Fransylva Services;3276;0;Nouvelle Aquitaine;Fransylva Services ;21/12/2023;04/10/2024;100.00 %
17312243;Boisement;Boisement de terres agricoles _ SAILLANS (33) _ SOCOGEF _ P26;1665;0;Nouvelle Aquitaine;SASU SOCOGEF;09/04/2024;04/10/2024;0.00 %
17020203;Boisement;STOCK CO2 n°356 - Nouvelle Aquitaine (33);1450;0;Nouvelle Aquitaine;;25/03/2024;04/10/2024;0.00 %
18109423;Boisement;CNPF C+for n° 176 Tour de France 2024 Casteide-Cami (A.S.O. n° 30);381;0;Nouvelle Aquitaine;Olivier GLEIZES;30/05/2024;04/10/2024;100.00 %
18128970;Reboisement;Carbonapp n°232 Reboisement R. Belin-Béliet 27 (33);2668;0;Nouvelle Aquitaine;Carbonapp SAS;31/05/2024;04/10/2024;100.00 %
16041657;Reboisement;Carbonapp n°249 Reboisement Servon-Melzicourt (51);7607;0;Grand Est;Carbonapp SAS;30/01/2024;04/10/2024;100.00 %
18286457;Reboisement;Carbonapp n°233 Reboisement D. Louchats 1 (33);11469;0;Nouvelle Aquitaine;Carbonapp SAS;10/06/2024;04/10/2024;43.10 %
16737470;Boisement;CNPF C+for n° 159 Durmignat ( Banque Populaire AURA n° 1);519;0;Auvergne Rhône Alpes;Olivier GLEIZES;08/03/2024;04/10/2024;100.00 %
14891894;Reboisement;SF²X4C-DANNONCE-R1;1014;0;Grand Est;SOCIETE FORESTIERE;07/11/2023;03/10/2024;90.00 %
14752578;Boisement;Projet Néosylva - Auvergne-Rhône-Alpes (38) - 2TOUR-123;1127;0;Auvergne Rhône Alpes;NEOSYLVA INVESTISSEMENT FORESTIER;26/10/2023;03/10/2024;0.00 %
15191929;Reboisement;ONF_REBOISEMENT_FD_CHAUTAGNE_2;1855;0;Auvergne Rhône Alpes;Office National des forêts;29/11/2023;03/10/2024;100.00 %
20245297;Boisement;Pierre Aussedat-Boisement de Bernieulles (62);580;0;Hauts-de-France;Pierre Aussedat SARL;07/12/2021;01/10/2024;0.00 %
13105824;Sobac'eco-tmm;STOCK CO2 n°215 - Pays de la Loire (44);533;0;Pays de la Loire;;26/06/2023;30/09/2024;0.00 %
15487631;Grandes Cultures;SysFarm - Projet Ile de France N°16;12113;0;Ile de France;SAS SYSFARM;12/10/2022;30/09/2024;8.28 %
13697435;Grandes Cultures;ReSoil n°99 - Yonne;2556;0;Bourgogne Franche Comté;ReSoil;15/08/2023;30/09/2024;0.00 %
18745473;Boisement;Alliance Forêt Bois / GCF  n° 448 - Durtal  (49);938;0;Pays de la Loire;Alliance Forêts bois;01/07/2024;27/09/2024;0.00 %
14891557;Reboisement;SF²X4C-ESSART LA DAME-R1;6448;0;Grand Est;SOCIETE FORESTIERE;07/11/2023;27/09/2024;90.00 %
19131024;Reboisement;Carbonapp n°242 Reboisement Vensac (33);1453;0;Nouvelle Aquitaine;Carbonapp SAS;22/07/2024;27/09/2024;0.00 %
15219001;Boisement;STOCK CO2 n°330 - Pays de la Loire (85);247;0;Pays de la Loire;;30/11/2023;27/09/2024;80.16 %
17370186;Boisement;BOISEMENT ANCIENNES TERRES AGRICOLES_CERE_SOCOGEF_P0050;1953;0;Nouvelle Aquitaine;SASU SOCOGEF;12/04/2024;27/09/2024;0.00 %
16898760;Boisement;Carbonapp n°218 Boisement Sérent (56);635;0;Bretagne;Carbonapp SAS;18/03/2024;27/09/2024;0.00 %
18292995;Boisement;CNPF C+for n° 181 Averton (MTECT n° 4);1587;0;Pays de la Loire;Olivier GLEIZES;10/06/2024;27/09/2024;100.00 %
15365640;Boisement;Commana - Fransylva services;2220;0;Bretagne;Fransylva Services ;12/12/2023;27/09/2024;100.00 %
15803363;Boisement;GENNES SUR SEICHE - Fransylva Services;1611;0;Bretagne;Fransylva Services ;16/01/2024;27/09/2024;73.10 %
13845080;Grandes Cultures;ReSoil n°171 - Nouvelle Aquitaine;4457;0;Nouvelle Aquitaine;ReSoil;29/08/2023;27/09/2024;6.96 %
16108737;Boisement;MAINSAT - Fransylva Services;1128;0;Nouvelle Aquitaine;Fransylva Services ;02/02/2024;24/09/2024;88.65 %
18333447;Boisement;Carbonapp n°234 Boisement Cocumont 1 (47);765;0;Nouvelle Aquitaine;Carbonapp SAS;12/06/2024;24/09/2024;100.00 %
15470581;Boisement;Boisement_friche_St-Martin-Curton_Socogef_P17;441;0;Nouvelle Aquitaine;SASU SOCOGEF;20/12/2023;24/09/2024;0.00 %
18888653;Boisement;Carbonapp n°238 Boisement Cocumont 2 (47);1305;0;Nouvelle Aquitaine;Carbonapp SAS;08/07/2024;24/09/2024;100.00 %
17995841;Reboisement;Carbonapp n°227 Reboisement M. Belin-Béliet 25 (33);2114;0;Nouvelle Aquitaine;Carbonapp SAS;23/05/2024;24/09/2024;100.00 %
13698553;Grandes Cultures;ReSoil n°155 - Hauts-de-France;8051;0;Hauts-de-France;ReSoil;15/08/2023;20/09/2024;0.00 %
18669460;Boisement;CNPF C+for n° 169 Masnières (Deloitte France n° 2);1170;0;Hauts-de-France;Olivier GLEIZES;06/06/2024;20/09/2024;100.00 %
13698406;Grandes Cultures;ReSoil n°42 - Bassin Parisien;11158;0;Ile de France;ReSoil;15/08/2023;19/09/2024;0.00 %
18893596;CarbonAgri;STOCK CO2 n°118 - Bourgogne Franche Comté (21);2864;0;Bourgogne Franche Comté;;08/07/2024;19/09/2024;0.00 %
14524682;Reboisement;SYLVO/Coopérative CFBL n°02 - MORNAY (71);2675;0;Bourgogne Franche Comté;CFBL Coopérative Forestière;11/10/2023;19/09/2024;0.00 %
13991243;Reboisement;ONF - Reboisement en forêt domaniale de la WOEVRE (55) - saison 2023_2024;2419;0;Grand Est;Office National des Forêts;07/09/2023;17/09/2024;0.00 %
10823910;Plantation de vergers;Carbonapp n°84 Verger Daglan 2 (24);32;0;Nouvelle Aquitaine;Carbonapp SAS;23/11/2022;17/09/2024;0.00 %
10764547;Plantation de vergers;GAEC DE BRUNEL;528;0;Occitanie;"Carbon&amp;Co";31/12/2020;11/09/2024;0.00 %
17865289;Reboisement;CNPF C+for n° 162 Les Rives (Milhe & Avons n° 1);492;0;Occitanie;Olivier GLEIZES;14/05/2024;10/09/2024;100.00 %
16915448;Boisement;Alliance Forêts Bois / GCF n°402 - Laval-Roquecezière;1339;0;Occitanie;Alliance Forêts bois;19/03/2024;09/09/2024;100.00 %
18086589;Boisement;Carbonapp n°231 Boisement Avelesges (80);891;0;Hauts-de-France;Carbonapp SAS;29/05/2024;09/09/2024;0.00 %
11636539;Plantation de vergers;AGOTERRA - Verger Récoltes et Nous;3;0;Hauts-de-France;AGOTERRA;28/02/2023;09/09/2024;0.00 %
16202331;Reboisement;Alliance Forêts Bois/ GCF n°381  Le Bez;232;0;Occitanie;Alliance Forêts bois;08/02/2024;09/09/2024;0.00 %
18984707;Boisement;Carbonapp n°241 Boisement Lerzy (02);1929;0;Hauts-de-France;Carbonapp SAS;12/07/2024;09/09/2024;100.00 %
16532549;Reboisement;Alliance Forêts Bois GCF / N°391  Castres;346;0;Occitanie;Alliance Forêts bois;27/02/2024;09/09/2024;0.00 %
16479096;Reboisement;STOCK CO2 n°348 - Nouvelle Aquitaine (40);857;0;Nouvelle Aquitaine;;23/02/2024;06/09/2024;0.00 %
17701283;Reboisement;Alliance Forêts Bois / GCF n°434 Magescq 4 (40);1760;0;Nouvelle Aquitaine;Alliance Forêts bois;30/04/2024;06/09/2024;0.00 %
15940324;Plantation de vergers;Carbonapp n°212 Verger Lamothe-Montravel 2 (24);117;0;Nouvelle Aquitaine;Carbonapp SAS;16/03/2023;06/09/2024;0.00 %
13422617;Plantation de vergers;Carbonapp n°89 Verger Saint-Clément (19);170;0;Nouvelle Aquitaine;Carbonapp SAS;16/03/2023;06/09/2024;0.00 %
14662225;Plantation de vergers;Carbonapp n°151 Verger Varès 3 (47);540;0;Nouvelle Aquitaine;Carbonapp SAS;16/03/2023;06/09/2024;0.00 %
16092149;Reboisement;STOCK CO2 n°320 - Nouvelle Aquitaine (33);4963;0;Nouvelle Aquitaine;;01/02/2024;06/09/2024;26.64 %
16758186;Reboisement;Alliance Forêts Bois / GCF n°399 - Saint Magne 8 (33);3918;0;Nouvelle Aquitaine;Alliance Forêts bois;11/03/2024;06/09/2024;0.00 %
17369576;Reboisement;RECONSTITUTION PARCELLES INCENDIEES_ST MAGNE_SOCOGEF_P0047;4338;0;Nouvelle Aquitaine;Oklima;12/04/2024;06/09/2024;90.00 %
17741630;Reboisement;MaForêt #133 - Azur (40);2525;0;Nouvelle Aquitaine;Actiforest;03/05/2024;06/09/2024;100.00 %
14385317;Plantation de vergers;Carbonapp n°110 Verger Saint-Etienne-de-Fougères 3 (47);175;0;Nouvelle Aquitaine;Carbonapp SAS;16/03/2023;06/09/2024;0.00 %
14461825;Plantation de vergers;Carbonapp n°149 Verger Saint-Sever (40);579;0;Nouvelle Aquitaine;Carbonapp SAS;16/03/2023;06/09/2024;0.00 %
17272526;Boisement;Alliance Forêts Bois/ GCF n°424 Sainte-Croix-Du-Mont;2269;0;Nouvelle Aquitaine;Alliance Forêts bois;08/04/2024;06/09/2024;0.00 %
14271742;Plantation de vergers;Carbonapp n°81 Verger Troche (19);156;0;Nouvelle Aquitaine;Carbonapp SAS;16/03/2023;06/09/2024;0.00 %
17955332;Reboisement;Carbonapp n°226 Reboisement Saint-Magne 2 (33);2599;0;Nouvelle Aquitaine;Carbonapp SAS;21/05/2024;06/09/2024;0.00 %
16184413;Boisement;Alliance Forêts Bois/ GCF n°378 Baron (33);1279;0;Nouvelle Aquitaine;Alliance Forêts bois;07/02/2024;06/09/2024;0.00 %
11841529;Vergers collectifs;Carbonapp - Dossier Collectif - Vergers n°6;6220;0;Nouvelle Aquitaine;Carbonapp SAS;16/03/2023;06/09/2024;36.01 %
15155982;Plantation de vergers;Carbonapp n°166 Verger Pinel-Hauterive (47);217;0;Nouvelle Aquitaine;Carbonapp SAS;16/03/2023;06/09/2024;0.00 %
16477497;Reboisement;Alliance Forêts Bois / GCF n°387 Pillac;439;0;Nouvelle Aquitaine;Alliance Forêts bois;23/02/2024;05/09/2024;0.00 %
12407713;Reboisement;SF²X4C_ Marsois_R1;2148;0;Grand Est;SOCIETE FORESTIERE;02/05/2023;03/09/2024;90.00 %
13606768;Grandes Cultures;Coopérative  Carbone -  n° 10 Union Entente / Grandes cultures  Tonnay-Boutonne (17);16644;0;Nouvelle Aquitaine;COOPERATIVE CARBONE;23/08/2023;02/09/2024;0.51 %
14266319;Vergers collectifs;Carbon&Co_Occitanie n°1;5083;0;Occitanie;"Carbon&amp;Co";02/12/2022;02/09/2024;33.60 %
13697359;Grandes Cultures;ReSoil n°89 - Auvergne Rhône Alpes;2168;0;Auvergne Rhône Alpes;ReSoil;15/08/2023;30/08/2024;54.92 %
14489133;Boisement;ONF-BOISEMENT-FC-BEAUFORT-1;698;0;Auvergne Rhône Alpes;Office National des forêts;09/10/2023;29/08/2024;100.00 %
15191104;Boisement;ONF - Boisement - FC Les ALLUES-2;296;0;Auvergne Rhône Alpes;Office National des forêts;29/11/2023;29/08/2024;100.00 %
14490693;Boisement;ONF-BOISEMENT-FC-LA_PLAGNE-1;249;0;Auvergne Rhône Alpes;Office National des forêts;09/10/2023;29/08/2024;100.00 %
17455357;Reboisement;ONF-REBOISEMENT-FC_ST_HELENE_SUR_ISERE;1039;0;Auvergne Rhône Alpes;Office National des forêts;17/04/2024;29/08/2024;100.00 %
18453645;Boisement;STOCK CO2 n°366 - Grand Est (10);4684;0;Grand Est;;18/06/2024;27/08/2024;0.00 %
14458161;Reboisement;Alliance Forêts Bois/GCF n°332 Fontrieu 2 (81);1298;0;Occitanie;Alliance Forêts bois;06/10/2023;27/08/2024;0.00 %
14892026;Reboisement;SF²X4C-MAREILLES-R2;11585;0;Grand Est;SOCIETE FORESTIERE;07/11/2023;27/08/2024;90.00 %
15509836;Boisement;Alliance Forêts Bois / GCF n°357 Putanges-Le-Lac;686;0;Normandie;Alliance Forêts bois;22/12/2023;26/08/2024;0.00 %
16273428;CarbonAgri;FCAA_N°2bis;12656;0;Normandie;FCAA;31/01/2021;26/08/2024;0.00 %
10757140;CarbonAgri;FCAA_N°3_CARBON_AGRI;705243;0;Normandie;FCAA;05/12/2022;26/08/2024;5.57 %
10703046;Boisement;Alliance Forêts Bois/GCF n°149 - La Ferté en Ouche (61);2425;0;Normandie;Alliance Forêts bois;28/11/2022;26/08/2024;0.00 %
15512799;Boisement;Alliance Forêts Bois / GCF n°360 Douvrend;177;0;Normandie;Alliance Forêts bois;22/12/2023;26/08/2024;100.00 %
14333504;Grandes Cultures;SysFarm - Projet Centre Val de Loire N°20;5820;0;Centre Val de Loire;SAS SYSFARM;30/09/2022;21/08/2024;0.03 %
13681000;Grandes Cultures;ReSoil n°55 - Centre Val de Loire;824;0;Centre Val de Loire;ReSoil;11/08/2023;21/08/2024;60.00 %
17920175;Boisement;CNPF C+for n° 178 Tour de France 2024 Roujan (A.S.O. n° 32);626;0;Occitanie;Olivier GLEIZES;18/06/2024;20/08/2024;100.00 %
12379526;Reboisement;SF²X4C_JOIGNY_R1;1377;0;Bourgogne Franche Comté;SOCIETE FORESTIERE;28/04/2023;19/08/2024;0.00 %
17072250;Boisement;Alliance Forêts Bois / GCF n°413 - Baugé en Anjou 3 (49);1139;0;Pays de la Loire;Alliance Forêts bois;27/03/2024;14/08/2024;0.00 %
15174532;Boisement;STOCK CO2 n°328 - Pays de la Loire (85);4754;0;Pays de la Loire;;28/11/2023;14/08/2024;80.00 %
13681271;Grandes Cultures;ReSoil n°59 - Pays de la Loire;2415;0;Pays de la Loire;ReSoil;11/08/2023;14/08/2024;29.48 %
15915880;Construction;Carbonapp n°228 Bâtiment neuf biosourcé Les Herbiers (85);41;0;Pays de la Loire;Carbonapp SAS;23/01/2024;14/08/2024;0.00 %
14965958;Construction;Carbonapp n°243 Bâtiment neuf biosourcé Laval (53);186;0;Pays de la Loire;Carbonapp SAS;13/11/2023;14/08/2024;0.00 %
13503179;Boisement;BRISSAC - Fransylva Services;886;0;Pays de la Loire;Fransylva Services ;26/07/2023;14/08/2024;97.63 %
13680368;Grandes Cultures;ReSoil n°46 - Loire-Atlantique;2257;0;Pays de la Loire;ReSoil;11/08/2023;14/08/2024;11.52 %
18002285;Boisement;CNPF C+for n° 180 Loiron-Ruillé n° 2 (MTECT n° 3);1987;0;Pays de la Loire;Olivier GLEIZES;23/05/2024;14/08/2024;100.00 %
18669478;Boisement;CNPF C+for n° 168 Chemazé (Deloitte France n° 1);1208;0;Pays de la Loire;Olivier GLEIZES;27/06/2024;14/08/2024;100.00 %
13437099;Grandes Cultures;STOCK CO2 n°355 - Pays de Loire (85);14781;0;Pays de la Loire;;20/07/2023;14/08/2024;2.44 %
18835619;Boisement;OKLIMA - Forêt de Saint-Mars-de-Coutais;904;0;Pays de la Loire;Oklima;04/07/2024;14/08/2024;0.00 %
13698277;Grandes Cultures;ReSoil n°49 - Projet Grand- Est;3655;0;Grand Est;ReSoil;15/08/2023;13/08/2024;20.13 %
17383525;Reboisement;STOCK CO2 n°338 - Grand Est (08);3229;0;Grand Est;;12/04/2024;13/08/2024;0.00 %
13151263;Reboisement;ONF - REBOISEMENT NORD COTE D'OR CHATILLONNAIS;1980;0;Bourgogne Franche Comté;OFFICE NATIONAL DES FORETS BOURGOGNE FRANCHE COMTE;29/06/2023;09/08/2024;100.00 %
16998208;Reboisement;SF²X4C_BONJOUR_R1;6100;0;Bourgogne Franche Comté;SOCIETE FORESTIERE;26/01/2024;09/08/2024;0.00 %
17784828;Reboisement;SF²X4C_Jard_R1;5820;0;Grand Est;SOCIETE FORESTIERE;06/05/2024;05/08/2024;0.00 %
16963765;Reboisement;Carbonapp n°213 Reboisement Beulotte-Saint-Laurent (70);1855;0;Bourgogne Franche Comté;Carbonapp SAS;21/03/2024;02/08/2024;100.00 %
16677402;Boisement;OKLIMA - Forêt d'Hauterives;472;0;Auvergne Rhône Alpes;Oklima;05/03/2024;02/08/2024;0.00 %
15357249;Reboisement;Alliance Forêts Bois / GCF n°350 Le Masnau-Massuguiès;1182;0;Occitanie;Alliance Forêts bois;11/12/2023;01/08/2024;0.00 %
15946011;Boisement;Saint Quentin la Porterie 2 - Fransylva Services;426;0;Occitanie;Fransylva Services ;24/01/2024;01/08/2024;93.00 %
16073430;Reboisement;Alliance Forêt Bois / GCF n°374 Mano;582;0;Nouvelle Aquitaine;Alliance Forêts bois;01/02/2024;01/08/2024;0.00 %
14497113;Reboisement;CNPF C+for n° 155 Pierre Fabre Le Carla (Pierre Fabre n° 3);1127;0;Occitanie;Olivier GLEIZES;09/10/2023;01/08/2024;100.00 %
14441445;Reboisement;Alliance Forêts Bois/GCF n°330 Anglès (81);932;0;Occitanie;Alliance Forêts bois;05/10/2023;01/08/2024;0.00 %
17286053;Reboisement;Alliance Forêts Bois / GCF n°425 Saint Izaire (12);1168;0;Occitanie;Alliance Forêts bois;08/04/2024;01/08/2024;0.00 %
17586054;Reboisement;Alliance Forêts Bois / GCF n° 430 Fontrieu 4 (81);553;0;Occitanie;Alliance Forêts bois;24/04/2024;31/07/2024;0.00 %
9987337;Grandes Cultures;FCAA_N°3_Grandes_Cultures;59676;0;Hauts-de-France;FCAA;14/10/2022;31/07/2024;34.64 %
17286973;Boisement;Alliance Forêts Bois / GCF n° 388 Poulan Pouzols;1730;0;Occitanie;Alliance Forêts bois;08/04/2024;31/07/2024;0.00 %
11282743;Reboisement;Reboisement Mont-Dore;960;0;Auvergne Rhône Alpes;Oklima;01/06/2023;31/07/2024;0.00 %
14556384;Boisement;Alliance Forêts Bois / Saint-Jean-Mirabel GCF n°338;992;0;Occitanie;Alliance Forêts bois;16/10/2023;31/07/2024;100.00 %
17620487;Rénovation;LBC1;311;0;Hauts-de-France;NEOCEM;27/05/2024;31/07/2024;0.00 %
14881107;Boisement;SAINT GENEYS - Fransylva Services;256;0;Auvergne Rhône Alpes;Fransylva Services ;06/11/2023;31/07/2024;100.00 %
15930034;Boisement;Carbonapp n°210 Boisement Fieffes-Montrelet (80);612;0;Hauts-de-France;Carbonapp SAS;23/01/2024;31/07/2024;100.00 %
16210061;Boisement;CNPF C+for n° 146 Millam (La Poste n° 30);500;0;Hauts-de-France;Olivier GLEIZES;08/02/2024;31/07/2024;100.00 %
13983405;Boisement;Boisement Chirat-l'Eglise;1628;0;Auvergne Rhône Alpes;Oklima;07/09/2023;31/07/2024;0.00 %
13842364;Boisement;Lachapelle Graillouse - Fransylva Services;301;0;Auvergne Rhône Alpes;Fransylva Services ;29/08/2023;31/07/2024;100.00 %
16523899;Boisement;Boisement Saint André en Vivarais ;1327;0;Auvergne Rhône Alpes;Oklima;27/02/2024;31/07/2024;90.00 %
10497947;Boisement;STOCK CO2 n°181 - Auvergne Rhône Alpes (26);2948;0;Auvergne Rhône Alpes;;09/02/2022;31/07/2024;41.69 %
16254643;Boisement;Oklima-Forêt-Rochepaule;477;0;Auvergne Rhône Alpes;Oklima;13/02/2024;31/07/2024;0.00 %
15398191;Boisement;SF²X4C_Bondonnière_B1;730;0;Centre Val de Loire;SOCIETE FORESTIERE;14/12/2023;30/07/2024;90.00 %
17060577;Boisement;Alliance Forêts Bois / GCF n° 409 - Putanges Le Lac (61);851;0;Normandie;Alliance Forêts bois;26/03/2024;26/07/2024;0.00 %
16152290;Boisement;Alliance Forêts Bois / GCF n° 377 La Ferriere au Doyen ;385;0;Normandie;Alliance Forêts bois;06/02/2024;26/07/2024;0.00 %
16964208;Boisement;Carbonapp n°220 Boisement Le Vicel (50);2143;0;Normandie;Carbonapp SAS;21/03/2024;26/07/2024;100.00 %
14540814;Reboisement;SF2X4C_LUE_R1;3649;0;Nouvelle Aquitaine;SOCIETE FORESTIERE;22/12/2023;26/07/2024;90.00 %
15446616;Boisement;CNPF C+for n° 144 Saint-Pierre-des-Ifs (La Poste n° 28);808;0;Normandie;Olivier GLEIZES;06/02/2024;26/07/2024;100.00 %
18187236;Boisement;SF²X4C_ MORSENT_R1 ;2695;0;Normandie;SOCIETE FORESTIERE;04/06/2024;26/07/2024;90.00 %
13706713;Boisement;Alliance Forêts Bois/GCF n°299  Limalonges (79);443;0;Nouvelle Aquitaine;Alliance Forêts bois;16/08/2023;25/07/2024;100.00 %
16184756;Boisement;Alliance Forêts Bois/ GCF n°379 Baron 2 (33);973;0;Nouvelle Aquitaine;Alliance Forêts bois;07/02/2024;25/07/2024;0.00 %
15753566;Boisement;Alliance Forêts Bois/GCF n°247 - Savignac-de-Nontron (24);312;0;Nouvelle Aquitaine;Alliance Forêts bois;12/01/2024;25/07/2024;0.00 %
13703223;Boisement;Alliance Forêts Bois/GCF n°298  Les Châteliers (79);2485;0;Nouvelle Aquitaine;Alliance Forêts bois;16/08/2023;25/07/2024;100.00 %
17043268;Boisement;Alliance Forêts Bois / GCF n°407 - Orches (86);188;0;Nouvelle Aquitaine;Alliance Forêts bois;26/03/2024;25/07/2024;0.00 %
15475913;Boisement;Alliance Forêts Bois / GCF n°355 Saint-Girons-en-Béarn ;590;0;Nouvelle Aquitaine;Alliance Forêts bois;20/12/2023;25/07/2024;0.00 %
15646377;Boisement;Alliance Forêts Bois / GCF n° 365 Bernos Beaulac;362;0;Nouvelle Aquitaine;Alliance Forêts bois;05/01/2024;25/07/2024;0.00 %
17081768;Boisement;Alliance Forêts Bois / GCF n° 415  Saint Justin (40);1167;0;Nouvelle Aquitaine;Alliance Forêts bois;27/03/2024;25/07/2024;0.00 %
13882266;Boisement;Alliance Forêts Bois/GCF n°307 Courpignac (17);517;0;Nouvelle Aquitaine;Alliance Forêts bois;31/08/2023;24/07/2024;0.00 %
17593521;Reboisement;Carbonapp n°219 Reboisement D. Belin-Béliet 20 (33);14532;0;Nouvelle Aquitaine;Carbonapp SAS;24/04/2024;24/07/2024;100.00 %
15182832;Reboisement;Reboisement_Landiras/Guillos_Socogef_P18;24482;0;Nouvelle Aquitaine;SASU SOCOGEF;28/11/2023;24/07/2024;0.00 %
12557732;Boisement;Alliance Forêts Bois/GCF n°246 - Marsaneix (24);307;0;Nouvelle Aquitaine;Alliance Forêts bois;15/05/2023;24/07/2024;0.00 %
18016445;Boisement;SF²X4C_ RANES_R1;2615;0;Normandie;SOCIETE FORESTIERE;24/05/2024;23/07/2024;88.87 %
16414453;Reboisement;MaForêt #75 Pennedepie (14);389;0;Normandie;Actiforest;20/02/2024;23/07/2024;100.00 %
11504752;Haies;STOCK CO2 n°228 - Normandie (76);585;0;Normandie;;15/02/2023;23/07/2024;56.41 %
17892560;Sobac'eco-tmm;STOCK CO2 n°266 - Grand Est (10);811;0;Grand Est;;15/05/2024;23/07/2024;0.00 %
15930109;Boisement;Carbonapp n°208 Boisement Avremesnil (76);867;0;Normandie;Carbonapp SAS;23/01/2024;23/07/2024;100.00 %
17175722;Boisement;CNPF C+for n° 164 Argences & Hotot-en-Auge (CDC n° 5);3327;0;Normandie;Olivier GLEIZES;02/04/2024;23/07/2024;100.00 %
13009377;Reboisement;Alliance Forêts Bois/GCF n°268 - Landiras 2 (33);6122;0;Nouvelle Aquitaine;Alliance Forêts bois;19/06/2023;23/07/2024;0.00 %
13874065;Boisement;SF²X4C_MARETTE_B1;3183;0;Normandie;SOCIETE FORESTIERE;31/08/2023;23/07/2024;0.00 %
13494922;Boisement;CNPF C+for n° 139 Saint-Pierre-le-Moûtier (EasyJet n° 1);4823;0;Bourgogne Franche Comté;Olivier GLEIZES;25/07/2023;22/07/2024;100.00 %
17888031;Reboisement;OKLIMA - Forêt de la Salvetat-sur-Agout;442;0;Occitanie;Oklima;15/05/2024;19/07/2024;0.00 %
14291345;Plantation de vergers;implantation 2.5hectares verger amandier;215;0;Occitanie;scea terragnere;27/09/2023;19/07/2024;0.00 %
13660676;Boisement;Alliance Forêts Bois/GCF n°296 Casaux-Villecomtal (32);718;0;Occitanie;Alliance Forêts bois;09/08/2023;19/07/2024;0.00 %
16163816;Reboisement;OKLIMA - Forêt de La-Teste-de-Buch;19899;0;Nouvelle Aquitaine;Oklima;06/02/2024;17/07/2024;90.00 %
15642437;Reboisement;Reboisement_incendie_Belin-Beliet_SOCOGEF_P25;2517;0;Nouvelle Aquitaine;SASU SOCOGEF;05/01/2024;17/07/2024;0.00 %
15643629;Reboisement;Alliance Forêt bois / GCF n°364 Balizac 2;2042;0;Nouvelle Aquitaine;Alliance Forêts bois;05/01/2024;16/07/2024;0.00 %
17368500;Reboisement;RECONSTITUTION_BELIN-BELIET_SOCOGEF_P0046;4620;0;Nouvelle Aquitaine;Carbonapp SAS;12/04/2024;16/07/2024;0.00 %
16014634;Reboisement;Reboisement_Incendie_Mano_Socogef_P28;8478;0;Nouvelle Aquitaine;Oklima;29/01/2024;16/07/2024;0.00 %
18017134;Reboisement;Carbonapp n°230 Reboisement F. Belin-Béliet 26 (33);2510;0;Nouvelle Aquitaine;Carbonapp SAS;24/05/2024;16/07/2024;0.00 %
15642391;Reboisement;Reboisment_Incendie_Belin-Beliet_Socogef_;2147;0;Nouvelle Aquitaine;SASU SOCOGEF;05/01/2024;16/07/2024;0.00 %
16674892;Reboisement;Carbonapp n°217 Reboisement D. Moustey 1 (40);4405;0;Nouvelle Aquitaine;Carbonapp SAS;05/03/2024;16/07/2024;100.00 %
17353611;Reboisement;RECONSTITUTION BOIS INCENDIES_BELIN-BELIET_SOCOGEF_P45;3273;0;Nouvelle Aquitaine;SASU SOCOGEF;10/04/2024;16/07/2024;0.00 %
17825050;Reboisement;Carbonapp n°222 Reboisement D. Belin-Béliet 22 (33);6103;0;Nouvelle Aquitaine;Carbonapp SAS;10/05/2024;16/07/2024;96.00 %
17353789;Reboisement;RECONSTITUTION BOIS INCENDIES_LANDIRAS_SOCOGEF_P43;3043;0;Nouvelle Aquitaine;SASU SOCOGEF;11/04/2024;16/07/2024;0.00 %
17861719;Reboisement;Carbonapp n°224 Reboisement P. Belin-Béliet 24 (33);7733;0;Nouvelle Aquitaine;Carbonapp SAS;14/05/2024;16/07/2024;100.00 %
17370835;Reboisement;RECONSTITUTION PARCELLES INCENDIEES_BELIN-BELIET_SOCOGEF_P0054;2181;0;Nouvelle Aquitaine;;12/04/2024;16/07/2024;0.00 %
17885058;Reboisement;Carbonapp n°225 Reboisement Saint-Symphorien (33);2788;0;Nouvelle Aquitaine;Carbonapp SAS;15/05/2024;16/07/2024;45.00 %
17825085;Reboisement;Carbonapp n°223 Reboisement I. Belin-Béliet 23 (33);9678;0;Nouvelle Aquitaine;Carbonapp SAS;10/05/2024;16/07/2024;0.00 %
14920344;Reboisement;SF²X4C_EPERON_R1;2351;0;Bourgogne Franche Comté;SOCIETE FORESTIERE;09/11/2023;15/07/2024;90.00 %
13698417;Grandes Cultures;ReSoil n°42 - Villemaréchal (77);695;0;Ile de France;ReSoil;15/08/2023;12/07/2024;100.00 %
15540217;Boisement;OKLIMA-forêt à VOUZON (lieu dit BOUJONNEAU);338;0;Centre Val de Loire;Oklima;27/12/2023;12/07/2024;0.00 %
17853259;Reboisement;STOCK CO2 n°256 - Centre Val de Loire (45);509;0;Centre Val de Loire;;13/05/2024;12/07/2024;0.00 %
16155886;Plantation de vergers;Carbonapp n°214 Verger Apt (84);65;0;PACA;Carbonapp SAS;16/03/2023;12/07/2024;0.00 %
15139447;Boisement;SF²X4C_Maubuisson_B2;1880;0;Ile de France;SOCIETE FORESTIERE;24/11/2023;11/07/2024;90.00 %
15606067;Reboisement;Alliance Forêts Bois / GCF n°361 Vert;193;0;Nouvelle Aquitaine;Alliance Forêts bois;03/01/2024;10/07/2024;0.00 %
13695734;Boisement;STOCK CO2 n°272 - Nouvelle Aquitaine (40);933;0;Nouvelle Aquitaine;;14/08/2023;10/07/2024;0.00 %
15198015;Plantation de vergers;Carbonapp n°138 Verger Loury (45);483;0;Centre Val de Loire;Carbonapp SAS;16/03/2023;10/07/2024;0.00 %
14268914;Plantation de vergers;Carbonapp n°143 Verger Valloire-sur-Cisse (41);276;0;Centre Val de Loire;Carbonapp SAS;16/03/2023;10/07/2024;0.00 %
15271889;Plantation de vergers;Carbonapp n°148 Verger Villiers-le-Morhier 2 (28);486;0;Centre Val de Loire;Carbonapp SAS;16/03/2023;10/07/2024;0.00 %
13698267;Grandes Cultures;ReSoil n°48 - Projet Grand-Est;8292;0;Grand Est;ReSoil;15/08/2023;10/07/2024;19.24 %
14579054;Plantation de vergers;Carbonapp n°150 Verger Ormoy (28);443;0;Centre Val de Loire;Carbonapp SAS;16/03/2023;10/07/2024;0.00 %
10765544;Plantation de vergers;REBOUL VIEUX;257;0;Occitanie;"Carbon&amp;Co";21/12/2021;09/07/2024;0.00 %
11854534;Boisement;Alliance Forêts Bois/GCF n°206 - Lanne-Soubiran (32);750;0;Occitanie;Alliance Forêts bois;17/03/2023;09/07/2024;100.00 %
13660186;Boisement;Alliance Forêts Bois/GCF n°295  Panjas (32);394;0;Occitanie;Alliance Forêts bois;09/08/2023;09/07/2024;0.00 %
15930199;Reboisement;Carbonapp n°206 Reboisement Marcilly-la-Gueurce (71);920;0;Bourgogne Franche Comté;Carbonapp SAS;23/01/2024;09/07/2024;100.00 %
16998073;Reboisement;SF²X4C_AUCLAIR_R1;1136;0;Bourgogne Franche Comté;SOCIETE FORESTIERE;26/01/2024;09/07/2024;0.00 %
16772502;Reboisement;Alliance Forêts Bois / GCF n °400 - Espérausse;450;0;Occitanie;Alliance Forêts bois;11/03/2024;09/07/2024;0.00 %
17030051;Boisement;Alliance Forêts Bois / GCF n°406 - Le Fel (12);200;0;Occitanie;Alliance Forêts bois;25/03/2024;09/07/2024;0.00 %
14920114;Reboisement;SF²X4C_GUEDELON_R1;758;0;Bourgogne Franche Comté;SOCIETE FORESTIERE;09/11/2023;08/07/2024;0.00 %
16574905;Grandes Cultures;Lycée Amiens - Le Paraclet GC;586;0;Hauts-de-France;Oklima;29/01/2024;05/07/2024;100.00 %
15904074;Boisement;SYLVO/Coopérative CFBL n°06 - SAINT ROMAIN SOUS GOURDON (71);413;0;Bourgogne Franche Comté;CFBL Coopérative Forestière;22/01/2024;05/07/2024;100.00 %
16968024;Reboisement;Reforest'Action - Fillière (74);813;0;Auvergne Rhône Alpes;REFOREST'ACTION;21/03/2024;01/07/2024;25.80 %
16526813;Reboisement;Alliance Forêts Bois GCF / N°390  Terre-de-Bancalié;401;0;Occitanie;Alliance Forêts bois;27/02/2024;01/07/2024;0.00 %
16032840;Reboisement;Alliance Forêts Bois / GCF n° 372 Lacaune 3;311;0;Occitanie;Alliance Forêts bois;30/01/2024;01/07/2024;0.00 %
10765400;Plantation de vergers;SCEA TORDEUR;617;0;Hauts-de-France;CO2RESPONSABLES;22/09/2021;25/06/2024;0.00 %
15219104;Reboisement;STOCK CO2 n°331 - Bourgogne Franche Comté (21);1080;0;Bourgogne Franche Comté;;30/11/2023;25/06/2024;0.00 %
16217667;Reboisement;OKLIMA- forêt à Vendresse (Ardennes);5145;0;Grand Est;Oklima;09/02/2024;25/06/2024;90.00 %
13843846;Grandes Cultures;ReSoil n°168 - Nouvelle Aquitaine;2376;0;Nouvelle Aquitaine;ReSoil;29/08/2023;21/06/2024;48.50 %
15794271;Boisement;SEGRE EN ANJOU BLEU 3 - Fransylva Services;4888;0;Pays de la Loire;Fransylva Services ;15/01/2024;20/06/2024;100.00 %
15942463;Boisement;CHAMBELLAY - Fransylva Services;1993;0;Pays de la Loire;Fransylva Services ;24/01/2024;20/06/2024;0.00 %
10764672;Plantation de vergers;REBOUL VIEUX;404;0;Occitanie;"Carbon&amp;Co";06/04/2021;20/06/2024;0.00 %
10764982;Plantation de vergers;SEMALENS;320;0;Occitanie;"Carbon&amp;Co";13/01/2021;20/06/2024;0.00 %
15330739;Boisement;STOCK CO2 n°335 - Pays de la Loire (72);2211;0;Pays de la Loire;;08/12/2023;20/06/2024;79.96 %
15806555;Boisement;Alliance Forêt Bois / GCF n°367 Durtal;1025;0;Pays de la Loire;Alliance Forêts bois;16/01/2024;20/06/2024;100.00 %
15720719;Boisement;CNPF C+for n° 106 Grand'Landes (CDC n° 1);5146;0;Pays de la Loire;Olivier GLEIZES;10/01/2024;20/06/2024;100.00 %
15690694;CarbonAgri;STOCK CO2 n°344 - Pays de Loire (49);4232;0;Pays de la Loire;;07/07/2023;20/06/2024;9.54 %
12318840;Boisement;OKLIMA - Forêt de Beaulieu sous la Roche;1910;0;Pays de la Loire;Oklima;02/05/2023;20/06/2024;0.00 %
14921910;Reboisement;SF²X4C_CHAMPLIVAULT_R1;1941;0;Bourgogne Franche Comté;SOCIETE FORESTIERE;09/11/2023;20/06/2024;0.00 %
10764937;Plantation de vergers;EARL IZARD;301;0;Occitanie;"Carbon&amp;Co";07/01/2021;20/06/2024;0.00 %
12039024;Reboisement;OKLIMA - Forêt de Malicorne-sur-Sarthe;3182;0;Pays de la Loire;Oklima;28/06/2023;20/06/2024;0.00 %
13003510;Boisement;Alliance Forêts Bois/GCF n°266 - Gaillères 2 (40);614;0;Nouvelle Aquitaine;Alliance Forêts bois;19/06/2023;19/06/2024;0.00 %
15957992;Boisement;Alliance Forêts Bois / GCF n° 370 Boisredon;3070;0;Nouvelle Aquitaine;Alliance Forêts bois;25/01/2024;19/06/2024;0.00 %
14291117;Boisement;Alliance Forêts Bois/GCF n°321 Lacquy (40);1800;0;Nouvelle Aquitaine;Alliance Forêts bois;27/09/2023;19/06/2024;0.00 %
15951770;Boisement;CNPF C+for n° 156 Barran (Pierre Fabre n° 4);2219;0;Occitanie;Olivier GLEIZES;24/01/2024;19/06/2024;100.00 %
10886961;Reboisement;Alliance Forêts Bois/GCF n°157 - Hostens 3 (33);1956;0;Nouvelle Aquitaine;Alliance Forêts bois;15/12/2022;18/06/2024;0.00 %
11633198;Reboisement;Coopératives forestières/COFORET n°13 - VALSONNE (69);1522;0;Auvergne Rhône Alpes;COFORET;28/02/2023;18/06/2024;0.00 %
13643045;Reboisement;Alliance Forêts Bois/GCF n° 290- Seignosse 3 (40);1420;0;Nouvelle Aquitaine;Alliance Forêts bois;08/08/2023;18/06/2024;0.00 %
15612486;Reboisement;Alliance Forêts Bois / GCF n°362 Vert;756;0;Nouvelle Aquitaine;Alliance Forêts bois;03/01/2024;18/06/2024;0.00 %
14795241;Reboisement;Coopératives forestières/COFORET n°34 - VIOLAY (42);905;0;Auvergne Rhône Alpes;COFORET;30/10/2023;18/06/2024;0.00 %
13531999;Reboisement;Alliance Forêts Bois/GCF n°284 Origne 3 (33);1405;0;Nouvelle Aquitaine;Alliance Forêts bois;28/07/2023;18/06/2024;0.00 %
16446043;Reboisement;OKLIMA - Forêt de Saint-Julien-Vocance;552;0;Auvergne Rhône Alpes;Oklima;22/02/2024;18/06/2024;90.00 %
14004751;Reboisement;Coopératives forestières / COFORET Un projet LBC n°32 - VALSONNE (69);448;0;Auvergne Rhône Alpes;COFORET;08/09/2023;18/06/2024;0.00 %
14248357;Reboisement;Alliance Forêts Bois/GCF n°314 La Roche-Chalais 4 (24);3329;0;Nouvelle Aquitaine;Alliance Forêts bois;25/09/2023;18/06/2024;0.00 %
10189931;Grandes Cultures;Aéroports de Lyon (VINCI Airports), Chambre d’Agriculture du Rhône et GEDA de l'Ozon, accélérateurs de la transition bas carbone en grandes cultures;9478;0;Auvergne Rhône Alpes;chambre d'agriculture du Rhône;11/10/2022;17/06/2024;42.00 %
10928140;Haies;Carbocage 2023;2382;0;Pays de la Loire;Solenat;20/12/2022;17/06/2024;99.99 %
17212489;Boisement;OKLIMA _Boisement à Saint Cécile;4169;0;Pays de la Loire;Oklima;04/04/2024;17/06/2024;90.00 %
16945122;Boisement;STOCK CO2 n°354 - Pays de la Loire (44);801;0;Pays de la Loire;;20/03/2024;17/06/2024;7.73 %
15372451;Boisement;Viennes la ville - Fransylva services;2414;0;Grand Est;Fransylva Services ;12/12/2023;13/06/2024;100.00 %
17370884;Boisement;STOCK CO2 n°352 - Grand Est (08);6086;0;Grand Est;;12/04/2024;13/06/2024;0.00 %
10703296;Boisement;Alliance Forêts Bois/GCF n°151 - Lessay (50);474;0;Normandie;Alliance Forêts bois;28/11/2022;11/06/2024;100.00 %
12217074;Boisement;SF²X4C_BOSGUERARD de MARCOUVILLE;3244;0;Normandie;SOCIETE FORESTIERE;17/04/2023;11/06/2024;90.00 %
17045691;Boisement;CNPF C+for n° 177 Tour de France 2024 Cazouls-lès-Béziers (A.S.O. n° 31);310;0;Occitanie;Olivier GLEIZES;27/03/2024;11/06/2024;100.00 %
14074975;Reboisement;STOCK CO2 n°305 - Normandie (14);1857;0;Normandie;;13/09/2023;11/06/2024;78.45 %
11896534;Boisement;Alliance Forêts Bois/GCF n°212 - Tilly (27);853;0;Normandie;Alliance Forêts bois;21/03/2023;11/06/2024;0.00 %
17873933;Boisement;CNPF C+for n° 173 Tour de France 2024 Colombey-les-Deux-Eglises (A.S.O. n° 27);219;0;Grand Est;Olivier GLEIZES;14/05/2024;11/06/2024;100.00 %
11896370;Boisement;Alliance Forêts Bois/GCF n°210 - Gonneville-Le Theil (50);2572;0;Normandie;Alliance Forêts bois;21/03/2023;11/06/2024;100.00 %
11294005;Boisement;STOCK CO2 n°197 - Normandie (14);1286;0;Normandie;;27/01/2023;11/06/2024;0.00 %
14919645;Reboisement;SF²X4C_POTENCE_R2;2417;0;Bourgogne Franche Comté;SOCIETE FORESTIERE;09/11/2023;11/06/2024;0.00 %
16091888;Reboisement;STOCK CO2 n°318 - Nouvelle Aquitaine (40);4820;0;Nouvelle Aquitaine;;01/02/2024;10/06/2024;1.59 %
16686769;Boisement;Boisement à Vernon (Vienne);1754;0;Nouvelle Aquitaine;Oklima;06/03/2024;10/06/2024;0.00 %
14159860;Reboisement;Reboisement de Neldoreth;665;0;Bourgogne Franche Comté;Kloros;06/10/2023;10/06/2024;0.00 %
15239386;Boisement;STOCK CO2 n°333 - Nouvelle Aquitaine (40);935;0;Nouvelle Aquitaine;;01/12/2023;10/06/2024;0.00 %
13695755;Boisement;STOCK CO2 n°273 - Nouvelle Aquitaine (40);2653;0;Nouvelle Aquitaine;;14/08/2023;10/06/2024;0.00 %
16092434;Reboisement;STOCK CO2 n°323 - Nouvelle Aquitaine (40);1775;0;Nouvelle Aquitaine;;01/02/2024;10/06/2024;0.00 %
15775341;Boisement;Carbonapp n°200 Boisement Fienvillers (80);673;0;Hauts-de-France;Carbonapp SAS;15/01/2024;10/06/2024;100.00 %
14160669;Reboisement;Unisylva n°6 - Thauron (23);1578;0;Nouvelle Aquitaine;UNISYLVA;19/09/2023;10/06/2024;100.00 %
13262967;Rénovation;MELLOTTEE;338;0;Centre Val de Loire;ILEX ENVIRONNEMENT;28/07/2023;06/06/2024;0.00 %
14891831;Reboisement;SF²X4-BONNEVAL-R1;4015;0;Grand Est;SOCIETE FORESTIERE;07/11/2023;06/06/2024;0.00 %
9523973;Reboisement;ONF - FD Haut-Dourdou - parcelles 65 - 66 - 217 - 240 - 242 - 243;7152;0;Occitanie;EPIC;03/08/2022;04/06/2024;0.00 %
11403173;Reboisement;SYLVO/Coopérative CFBL n°01 - SAINT AGNAN (58);1577;0;Bourgogne Franche Comté;CFBL Coopérative Forestière;06/02/2023;03/06/2024;100.00 %
14527944;Boisement;Boisement à Cabanac-et-Villagrains (Gironde);2382;0;Nouvelle Aquitaine;Oklima;11/10/2023;31/05/2024;90.00 %
16252824;Reboisement;Alliance Forêts Bois/ GCF n °384 Laluque;962;0;Nouvelle Aquitaine;Alliance Forêts bois;12/02/2024;31/05/2024;0.00 %
13225207;Boisement;La Chapelle Bertin - 01 - MaForêt #148 (43);388;0;Auvergne Rhône Alpes;Actiforest;17/12/2023;31/05/2024;0.00 %
14458817;Boisement;Boisement Angoumé;1631;0;Nouvelle Aquitaine;Oklima;12/02/2024;31/05/2024;90.00 %
14262750;Reboisement;Alliance Forêts Bois/GCF n°318 Vendays-Montalivet (33);710;0;Nouvelle Aquitaine;Alliance Forêts bois;26/09/2023;31/05/2024;0.00 %
15627955;Boisement;Boisement Bruch;4010;0;Nouvelle Aquitaine;Oklima;04/01/2024;31/05/2024;90.00 %
15141133;Plantation de vergers;Carbonapp n°90 Verger Oissery (77);220;0;Ile de France;Carbonapp SAS;16/03/2023;31/05/2024;0.00 %
16256061;Reboisement;Alliance Forêts Bois/ GCF n °385 Laluque;846;0;Nouvelle Aquitaine;Alliance Forêts bois;12/02/2024;31/05/2024;0.00 %
15896035;Reboisement;Reboisement à Mimizan et Magescq;3745;0;Nouvelle Aquitaine;Oklima;22/01/2024;30/05/2024;92.80 %
15929884;Boisement;Carbonapp n°209 Boisement Conteville-en-Ternois (62);1669;0;Hauts-de-France;Carbonapp SAS;23/01/2024;30/05/2024;100.00 %
15219311;Reboisement;Reboisement à Seignosse (Landes);1091;0;Nouvelle Aquitaine;Oklima;30/11/2023;30/05/2024;90.00 %
15828422;Reboisement;Reboisement à Soustons (Landes);204;0;Nouvelle Aquitaine;Oklima;17/01/2024;30/05/2024;90.00 %
14707548;Reboisement;CNPF C+for n° 85 Oise (IAE Paris n° 5);264;0;Hauts-de-France;Olivier GLEIZES;24/10/2023;30/05/2024;100.00 %
16500056;Rénovation;Coopérative  Carbone - Métropole Européenne de Lille (MEL) n°7 / Rénovation Roubaix (59);277;0;Hauts-de-France;COOPERATIVE CARBONE;26/02/2024;30/05/2024;100.00 %
16422868;Reboisement;Reboisement à Saumos (Gironde);22856;0;Nouvelle Aquitaine;Oklima;21/02/2024;30/05/2024;90.00 %
15839287;Reboisement;Reboisement à Léon (Landes);1323;0;Nouvelle Aquitaine;Oklima;17/01/2024;30/05/2024;0.00 %
17383677;Boisement;CNPF C+for n° 147 Bavinchove (EasyJet & EcoAct n° 2);787;0;Hauts-de-France;Olivier GLEIZES;12/04/2024;30/05/2024;100.00 %
13698533;Grandes Cultures;ReSoil n°44;2177;0;Hauts-de-France;ReSoil;15/08/2023;30/05/2024;24.80 %
13718854;Haies;Les haies de La Bruyère;314;0;Normandie;Le Printemps des Terres S.A.S;17/08/2023;29/05/2024;0.00 %
14613185;Boisement;Projet Néosylva - Centre-Val de Loire (37) - 2CFON-122;2080;0;Centre Val de Loire;NEOSYLVA INVESTISSEMENT FORESTIER;16/10/2023;29/05/2024;0.00 %
17077478;Boisement;Boisement_SAMBIN;1810;0;Centre Val de Loire;Oklima;27/03/2024;29/05/2024;90.00 %
10607304;Boisement;Projet Néosylva - Nouvelle-Aquitaine (64) - 2SALI-122;2274;0;Nouvelle Aquitaine;NEOSYLVA INVESTISSEMENT FORESTIER;16/11/2022;29/05/2024;60.40 %
15866568;Boisement;CNPF C+for n° 122 Tour de France 2023 Saligny-sur-Roudon (A.S.O. n° 18);1915;0;Auvergne Rhône Alpes;Olivier GLEIZES;19/01/2024;28/05/2024;100.00 %
12873211;Reboisement;Alliance Forêts Bois/GCF n°233 - Teillet 2 (81);805;0;Occitanie;Alliance Forêts bois;08/06/2023;28/05/2024;0.00 %
16988425;Reboisement;Boisement Olivier Louppe Jametz;2394;0;Grand Est;SELAS;22/03/2023;28/05/2024;0.00 %
15490399;Grandes Cultures;Carbone Farmers - Projet Secalia;18464;0;Bourgogne Franche Comté;Carbone Farmers;29/08/2022;28/05/2024;69.21 %
13829053;Reboisement;Alliance Forêts Bois/GCF n°304 Lacaune (81);673;0;Occitanie;Alliance Forêts bois;28/08/2023;28/05/2024;100.00 %
14441066;Reboisement;Belle Combe;6959;0;Bourgogne Franche Comté;Le Printemps des Terres S.A.S;09/10/2023;27/05/2024;0.00 %
17197774;Boisement;OKLIMA - forêt Aubigny-sur-Nère  ;1488;0;Centre Val de Loire;Oklima;03/04/2024;24/05/2024;100.00 %
17613847;Reboisement;OKLIMA - Forêt de Bélâbre ;1899;0;Centre Val de Loire;Oklima;25/04/2024;24/05/2024;0.00 %
16995330;Boisement;CNPF C+for n° 167 Rainneville (ASL Airlines n° 4);1703;0;Hauts-de-France;Olivier GLEIZES;25/03/2024;23/05/2024;100.00 %
16285305;Reboisement;Alliance Forêts Bois/ GCF n °386 Lacaze;333;0;Occitanie;Alliance Forêts bois;13/02/2024;22/05/2024;0.00 %
11934406;Boisement;Alliance Forêts Bois/GCF n°217 - Blousson-Sérian (32);1171;0;Occitanie;Alliance Forêts bois;24/03/2023;22/05/2024;100.00 %
13785243;Boisement;Alliance Forêts Bois/GCF n°304 Mirepoix (32);736;0;Occitanie;Alliance Forêts bois;24/08/2023;22/05/2024;0.00 %
13789557;Boisement;Faymoreau;2478;0;Pays de la Loire;Fransylva Services ;24/08/2023;21/05/2024;0.00 %
15020169;Boisement;Boisement à Courbeveille (Mayenne);2637;0;Pays de la Loire;Oklima;16/11/2023;21/05/2024;90.00 %
14068150;Construction;Evodia;690;0;Ile de France;Woodeum;07/04/2023;21/05/2024;0.00 %
14512162;Boisement;Le Bois Hu;551;0;Pays de la Loire;SELARL CABINET LORNE;01/03/2024;21/05/2024;0.00 %
15418766;Construction;Stellata;1127;0;Ile de France;Woodeum;07/04/2023;21/05/2024;0.00 %
11774531;Boisement;Boisement à Soudan (Loire-Atlantique);2978;0;Pays de la Loire;Oklima;28/06/2023;21/05/2024;100.00 %
12750585;Reboisement;Fercé sur Sarthe - Fransylva Services;3269;0;Pays de la Loire;Fransylva Services ;12/07/2023;21/05/2024;0.00 %
13428940;Reboisement;SF²X4C_LIBAVILLE_R1;8258;0;Grand Est;SOCIETE FORESTIERE;26/07/2023;17/05/2024;90.00 %
14874692;Reboisement;OKLIMA - forêt de Saint-Cyr-en-Val;140;0;Centre Val de Loire;Oklima;06/11/2023;16/05/2024;0.00 %
11678407;Reboisement;STOCK CO2 n°234 - Auvergne Rhône Alpes (03);529;0;Auvergne Rhône Alpes;;02/03/2023;14/05/2024;0.00 %
15818231;Plantation de vergers;amandiers;29;0;PACA;olivier pinel;16/01/2024;07/05/2024;0.00 %
15295630;Boisement;Ménéac - Fransylva services ;1545;0;Bretagne;Fransylva Services ;06/12/2023;06/05/2024;100.00 %
15479387;Plantation de vergers;STOCK CO2 n°342 - Occitanie (81);217;0;Occitanie;;20/12/2023;06/05/2024;86.64 %
13928523;Boisement;Boisement à Fontaine-le-Dun (Seine-Maritime);626;0;Normandie;Oklima;04/09/2023;06/05/2024;37.00 %
14447668;Reboisement;Alliance Forêts Bois/GCF n°331 Fontrieu (81);3614;0;Occitanie;Alliance Forêts bois;05/10/2023;06/05/2024;0.00 %
14166607;Reboisement;CORDEBUGLE - Fransylva Services;1113;0;Normandie;Fransylva Services ;19/09/2023;06/05/2024;0.00 %
15929377;Boisement;Carbonapp n°205 Boisement Fiennes (62);4332;0;Hauts-de-France;Carbonapp SAS;23/01/2024;06/05/2024;100.00 %
11026171;Boisement;STOCK CO2 n°192 - Normandie (50);622;0;Normandie;;03/01/2023;06/05/2024;79.90 %
10777793;Haies;SYMBIOSE Normandie – Carbone de la haie bocagère 2022;3193;0;Normandie;Symbiose Normanide, Paiements pour Services Environnementaux;08/12/2022;06/05/2024;0.68 %
10015924;Boisement;GCF/Nord Seine Forêt 2A n°34 - Aubéguimont (76);940;0;Normandie;Forêts & Bois de l'Est;18/10/2021;06/05/2024;0.00 %
15350935;Boisement;SF²X4C_Ferme Mésangère_B1;1175;0;Normandie;SOCIETE FORESTIERE;11/12/2023;06/05/2024;80.09 %
15826482;Boisement;Carbonapp n°202 Boisement Saint-Josse (62);1629;0;Hauts-de-France;Carbonapp SAS;17/01/2024;06/05/2024;100.00 %
12621856;Boisement;Alliance Forêts Bois/GCF n°256 - Mesnil en Ouche (27);2332;0;Normandie;Alliance Forêts bois;22/05/2023;06/05/2024;100.00 %
10032400;Boisement;GCF/Nord Seine Forêt 2A n°35 - Saint-Valery-en-Caux (76);438;0;Normandie;Forêts & Bois de l'Est;10/11/2021;06/05/2024;100.00 %
13870890;Grandes Cultures;STOCK CO2 n°93;2625;0;Grand Est;;15/07/2022;03/05/2024;28.49 %
13719794;Reboisement;SF²X4C_CHARLET_R3;2743;0;Bourgogne Franche Comté;SOCIETE FORESTIERE;17/08/2023;30/04/2024;0.00 %
11131021;Reboisement;CNPF C+for n° 114 Baugé -en-Anjou (Ministère de l'Agriculture et de la Souveraineté alimentaire n° 1);1478;0;Pays de la Loire;Olivier GLEIZES;23/02/2024;30/04/2024;100.00 %
12464529;Boisement;Boisement Chemiré en Charnie ;1244;0;Pays de la Loire;André  Jouve;08/03/2024;30/04/2024;0.00 %
12955930;Reboisement;MaForêt #53 Mulsanne (72);1171;0;Pays de la Loire;Actiforest;15/06/2023;30/04/2024;100.00 %
15894041;Boisement;SYLVO/Coopérative CFBL n°05 - BAUGE EN ANJOU (49);1464;0;Pays de la Loire;CFBL Coopérative Forestière;22/01/2024;30/04/2024;100.00 %
15549071;Boisement;SF²X4C_ ANDREVILLE_B1;4512;0;Pays de la Loire;SOCIETE FORESTIERE;28/12/2023;30/04/2024;90.00 %
15833977;Reboisement;MaForêt #77 Mulsanne, Teloché, Ruaudin (72);13984;0;Pays de la Loire;Actiforest;17/01/2024;30/04/2024;100.00 %
12751104;Reboisement;Alliance Forêts Bois/GCF n°260 - Peux-et-Couffouleux (12);1108;0;Occitanie;Alliance Forêts bois;31/05/2023;25/04/2024;100.00 %
11285424;Reboisement;STOCK CO2 n°196 - Occitanie (81);745;0;Occitanie;;26/01/2023;25/04/2024;0.00 %
14670339;Boisement;Coopératives Forestières/CFBL n°2309 - SAINT CIRGUES LA LOUTRE (19);977;0;Nouvelle Aquitaine;CFBL Coopérative Forestière;19/10/2023;24/04/2024;100.00 %
16639132;Reboisement;Carbonapp n°216 Reboisement Belin-Béliet 19 (33);1468;0;Nouvelle Aquitaine;Carbonapp SAS;04/03/2024;24/04/2024;91.00 %
11760481;Boisement;CNPF C+for n° 165 Saint-Pardon-de-Conques (Teréga n° 6);456;0;Nouvelle Aquitaine;Olivier GLEIZES;09/03/2023;24/04/2024;100.00 %
15665275;Reboisement;Alliance Forêts Bois / GCF n° 366 Balizac;386;0;Nouvelle Aquitaine;Alliance Forêts bois;08/01/2024;24/04/2024;0.00 %
16017930;Balivage;CNPF C+for n° 125 Tour de France 2023 Périgord Limousin balivage (A.S.O. n° 21);79;0;Nouvelle Aquitaine;Olivier GLEIZES;29/01/2024;24/04/2024;100.00 %
16648898;Reboisement;Carbonapp n°215 Reboisement Belin-Béliet 18 (33);10649;0;Nouvelle Aquitaine;Carbonapp SAS;04/03/2024;24/04/2024;95.00 %
11737602;Boisement;CNPF C+for n° 94 Carignan-de-Bordeaux (Immoconstruction n° 5);708;0;Nouvelle Aquitaine;Olivier GLEIZES;08/03/2023;24/04/2024;100.00 %
14074402;Boisement;STOCK CO2 n°303 - Nouvelle Aquitaine (40);2459;0;Nouvelle Aquitaine;;13/09/2023;24/04/2024;0.00 %
14920373;Boisement;Boisement_Friche_RAMOUS (64)_SOCOGEF_P11;1789;0;Nouvelle Aquitaine;SASU SOCOGEF;09/11/2023;24/04/2024;0.00 %
11937472;Reboisement;Alliance Forêts Bois/GCF n°218 - Seignosse (40);568;0;Nouvelle Aquitaine;Alliance Forêts bois;24/03/2023;24/04/2024;0.00 %
14291376;Reboisement;Alliance Forêts Bois/GCF n°322 Clérac (17);721;0;Nouvelle Aquitaine;Alliance Forêts bois;27/09/2023;24/04/2024;0.00 %
14459627;Reboisement;Alliance Forêts Bois/GCF n°333 Salles (33);710;0;Nouvelle Aquitaine;Alliance Forêts bois;06/10/2023;24/04/2024;0.00 %
12086786;Reboisement;SF²X4C_ Rosnay_R1 ;9674;0;Bourgogne Franche Comté;SOCIETE FORESTIERE;05/04/2023;22/04/2024;90.00 %
14134123;Reboisement;SF²X4C_ RUPT_R1 ;6786;0;Bourgogne Franche Comté;SOCIETE FORESTIERE;18/09/2023;22/04/2024;90.00 %
15374348;Reboisement;Soligny les étangs - Fransylva services;830;0;Grand Est;Fransylva Services ;12/12/2023;19/04/2024;98.60 %
14891627;Reboisement;SF²X4C-CLEFMONT-R1;9684;0;Grand Est;SOCIETE FORESTIERE;07/11/2023;19/04/2024;90.00 %
11442123;Boisement;Projet Néosylva - Grand Est (55) - 2SAUB-123;3358;0;Grand Est;NEOSYLVA INVESTISSEMENT FORESTIER;09/02/2023;19/04/2024;0.00 %
13760698;Grandes Cultures;Carbon&Co - Grand Est n°15;1304;0;Grand Est;"Carbon&amp;Co";26/08/2022;19/04/2024;0.00 %
14116899;Plantation de vergers;Carbonapp n°75 Verger Bellegarde (30);94;0;Occitanie;Carbonapp SAS;16/03/2023;18/04/2024;0.00 %
8783919;Boisement;Projet Néosylva - Centre-Val de Loire (37) - 2PBRO-122;2441;0;Centre Val de Loire;NEOSYLVA INVESTISSEMENT FORESTIER;13/05/2022;17/04/2024;0.00 %
10886552;Boisement;Alliance Forêts Bois/GCF n°156 - Saint Cirgue (81);391;0;Occitanie;Alliance Forêts bois;15/12/2022;15/04/2024;0.00 %
13333600;Boisement;Alliance Forêts Bois/GCF n°276 - Le Sequestre (81);472;0;Occitanie;Alliance Forêts bois;11/07/2023;15/04/2024;0.00 %
14535632;Boisement;Reforest'Action - La Touche des Près Partie 2 (53);3003;0;Pays de la Loire;REFOREST'ACTION;11/10/2023;12/04/2024;100.00 %
15132642;Plantation de vergers;Carbonapp n°80 Verger Silly-Le-Long (60);601;0;Hauts-de-France;Carbonapp SAS;16/03/2023;12/04/2024;0.00 %
12904393;Reboisement;Alliance Forêts Bois/GCF n°265 - La flèche (72);787;0;Pays de la Loire;Alliance Forêts bois;12/06/2023;12/04/2024;0.00 %
15929679;Boisement;Carbonapp n°207 Boisement Baugé-en-Anjou (49);1494;0;Pays de la Loire;Carbonapp SAS;23/01/2024;12/04/2024;100.00 %
15043636;Plantation de vergers;Carbonapp n°198 Verger Courteuil (60);921;0;Hauts-de-France;Carbonapp SAS;16/03/2023;12/04/2024;0.00 %
13695777;Reboisement;STOCK CO2 n°274 - Auvergne Rhône Alpes (03);816;0;Auvergne Rhône Alpes;;14/08/2023;12/04/2024;0.00 %
10884210;Reboisement;Reboisement de la forêt de Saint-Franchy (Nièvre)  ;8012;0;Bourgogne Franche Comté;Oklima;16/02/2023;11/04/2024;90.00 %
13533077;Reboisement;Reforest'Action - Tournemire (15);2223;0;Auvergne Rhône Alpes;REFOREST'ACTION;28/07/2023;10/04/2024;100.00 %
13989094;Reboisement;SF²X4C_POTENCE_R1;8904;0;Bourgogne Franche Comté;SOCIETE FORESTIERE;07/09/2023;10/04/2024;0.00 %
13669353;Plantation de vergers;Carbonapp n°73 Verger Larreule (65);45;0;Occitanie;Carbonapp SAS;10/08/2023;10/04/2024;0.00 %
15931585;Reboisement;Carbonapp n°211 Reboisement Viry (39);652;0;Bourgogne Franche Comté;Carbonapp SAS;23/01/2024;09/04/2024;100.00 %
15008276;Plantation de vergers;Carbonapp n°203 Verger Bernadets-Debat (65);216;0;Occitanie;Carbonapp SAS;16/03/2023;08/04/2024;0.00 %
12178212;CarbonAgri;STOCK CO2 n°240 - Bourgogne-Franche-Comté (39);561;0;Bourgogne Franche Comté;;13/04/2023;05/04/2024;0.00 %
15215634;Reboisement;STOCK CO2 n°329 - Bourgogne Franche Comté (58);1151;0;Bourgogne Franche Comté;;30/11/2023;05/04/2024;0.00 %
14541781;Boisement;Reforest'Action - Charny Orée de Puisaye (89);1036;0;Bourgogne Franche Comté;REFOREST'ACTION;11/10/2023;05/04/2024;40.74 %
15008386;Plantation de vergers;Carbonapp n°204 Verger Bernadets-Debat 2 (65) ;415;0;Occitanie;Carbonapp SAS;16/03/2023;04/04/2024;0.00 %
10216850;Sobac'eco-tmm;SysFarm - France N°19;10236;0;Bourgogne Franche Comté;SAS SYSFARM;12/10/2022;04/04/2024;2.13 %
10205313;Reboisement;Alliance Forêts Bois/GCF n°136 - Serviès (81);886;0;Occitanie;Alliance Forêts bois;12/10/2022;02/04/2024;0.00 %
14488450;Boisement;CNPF C+for n° 148 Gard (Banque Neuflize n° 6);604;0;Occitanie;Olivier GLEIZES;09/10/2023;02/04/2024;100.00 %
11126712;Boisement;Alliance Forêts Bois/GCF n°166 - Molandier 2 (11);2265;0;Occitanie;Alliance Forêts bois;19/05/2022;02/04/2024;100.00 %
13479444;Reboisement;MAS CABARDES - Fransylva Services;1198;0;Occitanie;Fransylva Services ;24/07/2023;02/04/2024;0.00 %
14724757;Boisement;DOMPIERRE SUR YON - Fransylva Services;2590;0;Pays de la Loire;Fransylva Services ;24/10/2023;29/03/2024;94.01 %
15814256;Boisement;Carbonapp n°201 Boisement La Possonnière (49);1513;0;Pays de la Loire;Carbonapp SAS;16/01/2024;29/03/2024;100.00 %
11430940;Boisement;STOCK CO2 n°226 - Pays de la Loire (85);762;0;Pays de la Loire;;08/02/2023;29/03/2024;0.00 %
14701079;Boisement;Alliance Forêts Bois/ GCF n°340 Baugé-en-Anjou (49);361;0;Pays de la Loire;Alliance Forêts bois;23/10/2023;29/03/2024;100.00 %
13439298;Reboisement;Alliance Forêts Bois/GCF n°279 Courléon (49);689;0;Pays de la Loire;Alliance Forêts bois;20/07/2023;29/03/2024;0.00 %
14973641;Reboisement;Carbonapp n°160 Reboisement Groissiat (01);302;0;Auvergne Rhône Alpes;Carbonapp SAS;13/11/2023;28/03/2024;100.00 %
15460389;Reboisement;STOCK CO2 n°340 - Bourgogne France Comté (70);11868;0;Bourgogne Franche Comté;;19/12/2023;28/03/2024;0.00 %
13632442;Boisement;Carbonapp n°137 Boisement Laventie (62);543;0;Hauts-de-France;Carbonapp SAS;07/08/2023;27/03/2024;100.00 %
13838297;Boisement;Alliance Forêts Bois/GCF n°305 Argentonnay  (79);3594;0;Nouvelle Aquitaine;Alliance Forêts bois;29/08/2023;27/03/2024;100.00 %
15464786;Grandes Cultures;SysFarm - Projet Hauts de France N°15;24597;0;Hauts-de-France;SAS SYSFARM;12/10/2022;27/03/2024;22.40 %
13557807;Boisement;Alliance Forêts Bois/GCF n°286 Vielle Tursan (40);839;0;Nouvelle Aquitaine;Alliance Forêts bois;31/07/2023;27/03/2024;0.00 %
10898940;Reboisement;MaForêt #49 Royère-de-Vassivière (23);5962;0;Nouvelle Aquitaine;Actiforest;16/12/2022;27/03/2024;91.00 %
13846348;Reboisement;REBOISEMENT PARCELLES INCENDIEES _ P10 _ SOCOGEF _ BELIN-BELIET (33);13475;0;Nouvelle Aquitaine;Oklima;29/08/2023;27/03/2024;0.00 %
14516296;Reboisement;STOCK CO2 n°311 - Nouvelle Aquitaine (40);1753;0;Nouvelle Aquitaine;;10/10/2023;27/03/2024;0.00 %
14729589;Reboisement;Alliance Forêts Bois/ GCF n°342 Belin-Béliet (33);13444;0;Nouvelle Aquitaine;Alliance Forêts bois;24/10/2023;27/03/2024;0.00 %
15735251;Reboisement;Carbonapp n°199 Reboisement Saint-Magne (33);11908;0;Nouvelle Aquitaine;Carbonapp SAS;11/01/2024;27/03/2024;100.00 %
13138531;Reboisement;Alliance Forêts Bois/GCF n°269 - Landiras 3 (33);243;0;Nouvelle Aquitaine;Alliance Forêts bois;28/06/2023;27/03/2024;100.00 %
14776507;Plantation de vergers;STOCK CO2 n°230 - Hauts de France (60);67;0;Hauts-de-France;;27/10/2023;27/03/2024;0.00 %
14252013;Reboisement;Alliance Forêts Bois/GCF n°316 Hostens 8 (33);1447;0;Nouvelle Aquitaine;Alliance Forêts bois;25/09/2023;27/03/2024;0.00 %
13802164;Boisement;Alliance Forêts Bois/GCF n°305 Vanzac (17);145;0;Nouvelle Aquitaine;Alliance Forêts bois;25/08/2023;27/03/2024;0.00 %
15196343;Grandes Cultures;Carbone Farmers- Noriap 1er projet collectif;37001;0;Hauts-de-France;Carbone Farmers;19/08/2022;27/03/2024;88.49 %
11620079;Reboisement;Alliance Forêts Bois/GCF n°201 - Guillos 4 (33);6065;0;Nouvelle Aquitaine;Alliance Forêts bois;27/02/2023;27/03/2024;100.00 %
13653910;Boisement;Alliance Forêts Bois/GCF n°291  Virelade (33);1548;0;Nouvelle Aquitaine;Alliance Forêts bois;09/08/2023;27/03/2024;90.00 %
14949746;Boisement;Carbonapp n°158 Boisement Fricamps (80);572;0;Hauts-de-France;Carbonapp SAS;10/11/2023;27/03/2024;100.00 %
15239264;Boisement;STOCK CO2 n°332 - Nouvelle Aquitaine (47);5833;0;Nouvelle Aquitaine;;01/12/2023;27/03/2024;0.00 %
14835756;Ecométhane;Carbonapp/Bleu-Blanc-Coeur - Dossier Collectif n°1 Ecométhane - Projets n°174 à 196;5391;0;Hauts-de-France;Carbonapp SAS;29/12/2023;27/03/2024;43.50 %
12332321;Sobac'eco-tmm;STOCK CO2 n°243 - Hauts-de-France (80);536;0;Hauts-de-France;;01/05/2023;27/03/2024;0.00 %
12560282;Reboisement;Alliance Forêts Bois/GCF n°250 - Saint-Aulaye-Puymangou 3 (24);433;0;Nouvelle Aquitaine;Alliance Forêts bois;15/05/2023;27/03/2024;0.00 %
14355543;Boisement;Boisement à Mareuil-sur-Cher (Loir-et-Cher);1627;0;Centre Val de Loire;Oklima;02/10/2023;26/03/2024;0.00 %
14418020;Boisement;Alliance Forêts Bois/GCF n°327 Retjons  (40);731;0;Nouvelle Aquitaine;Alliance Forêts bois;04/10/2023;26/03/2024;0.00 %
12696502;Reboisement;REBOISEMENT PARCELLES INCENDIEES _P9 _ BALIZAC (33);1357;0;Nouvelle Aquitaine;SASU SOCOGEF;26/05/2023;26/03/2024;0.00 %
14144502;Reboisement;Projet Néosylva - Grand Est (51) - 2MAUP-122;443;0;Grand Est;NEOSYLVA INVESTISSEMENT FORESTIER;18/09/2023;25/03/2024;0.00 %
13725782;Grandes Cultures;Carbon&Co - Grand Est n°20;1971;0;Grand Est;"Carbon&amp;Co";15/09/2022;25/03/2024;0.00 %
13695214;Reboisement;STOCK CO2 n°62 - Grand Est (51);3916;0;Grand Est;;14/08/2023;25/03/2024;0.00 %
14503649;Reboisement;CNPF C+for n° 126 Tour de France 2023 Villossanges (A.S.O. n° 22);384;0;Auvergne Rhône Alpes;Olivier GLEIZES;10/10/2023;25/03/2024;100.00 %
13923374;Boisement;Alliance Forêts Bois/GCF n°310 Aubagnan (40);661;0;Nouvelle Aquitaine;Alliance Forêts bois;04/09/2023;19/03/2024;0.00 %
14478491;Boisement;Alliance Forêts Bois/GCF °334 Hontanx (40);353;0;Nouvelle Aquitaine;Alliance Forêts bois;09/10/2023;19/03/2024;0.00 %
11481296;Reboisement;Alliance Forêts Bois/GCF N°176 - Belin-Béliet 3 (33);4130;0;Nouvelle Aquitaine;Alliance Forêts bois;13/02/2023;19/03/2024;0.00 %
14370081;Reboisement;Alliance Forêts Bois/GCF n°326 Moustey (40);2416;0;Nouvelle Aquitaine;Alliance Forêts bois;02/10/2023;19/03/2024;0.00 %
15181065;Reboisement;Coopératives Forestières/CFBL n°2314 - CHAMBAIN (21);428;0;Bourgogne Franche Comté;CFBL Coopérative Forestière;28/11/2023;19/03/2024;0.00 %
11937550;Reboisement;Alliance Forêts Bois/GCF n°219 - Seignosse 2 (40);1300;0;Nouvelle Aquitaine;Alliance Forêts bois;24/03/2023;19/03/2024;0.00 %
14814812;Reboisement;Alliance Forêts Bois/ GCF n°344 Mano;554;0;Nouvelle Aquitaine;Alliance Forêts bois;31/10/2023;19/03/2024;0.00 %
13923968;Boisement;Alliance Forêts Bois/GCF n°311 Eugénie-les-Bains (40);830;0;Nouvelle Aquitaine;Alliance Forêts bois;04/09/2023;19/03/2024;0.00 %
13750918;Boisement;Alliance Forêts Bois/GCF n°302 Loretz-d'Argenton (79);390;0;Nouvelle Aquitaine;Alliance Forêts bois;21/08/2023;19/03/2024;100.00 %
8868556;Reboisement;Saint Gatien des Bois - Fransylva Services ;1898;0;Normandie;Fransylva Services ;23/05/2022;19/03/2024;84.00 %
14245094;Reboisement;Alliance Forêts Bois/GCF n°313 La Roche-Chalais 3 (24);3046;0;Nouvelle Aquitaine;Alliance Forêts bois;25/09/2023;19/03/2024;0.00 %
13922433;Boisement;Alliance Forêts Bois/GCF n°309 Bascons (40);701;0;Nouvelle Aquitaine;Alliance Forêts bois;04/09/2023;19/03/2024;69.00 %
14998931;Boisement;Coopératives Forestières/CFBL n°2310 - VARZY (58);812;0;Bourgogne Franche Comté;CFBL Coopérative Forestière;15/11/2023;19/03/2024;0.00 %
11567063;Reboisement;Alliance Forêts Bois/GCF n°197 - Guillos (33);9073;0;Nouvelle Aquitaine;Alliance Forêts bois;27/02/2023;19/03/2024;100.00 %
13489433;Reboisement;BELLENCOMBRE - Fransylva Services;563;0;Normandie;Fransylva Services ;25/07/2023;19/03/2024;100.00 %
13889768;Reboisement;Alliance Forêts Bois/GCF n°308 La Teste-de-Buch 7 (33);2652;0;Nouvelle Aquitaine;Alliance Forêts bois;01/09/2023;19/03/2024;0.00 %
12053180;Reboisement;Alliance Forêts Bois/GCF n°228 - Belin-Béliet 6 (33);10825;0;Nouvelle Aquitaine;Alliance Forêts bois;03/04/2023;19/03/2024;0.00 %
13281963;Reboisement;Alliance Forêts Bois/GCF n°273 - Hostens 7 (33);2613;0;Nouvelle Aquitaine;Alliance Forêts bois;06/07/2023;19/03/2024;100.00 %
14495693;Boisement;Alliance Forêts Bois/ GCF n°335 Samadet (40);504;0;Nouvelle Aquitaine;Alliance Forêts bois;09/10/2023;19/03/2024;0.00 %
13284227;Reboisement;Pierre Aussedat - Reboisement de Tarnac (19);1209;0;Nouvelle Aquitaine;Fransylva Services ;04/09/2023;18/03/2024;100.00 %
14516492;Reboisement;STOCK CO2 n°313 - Nouvelle Aquitaine (40);2692;0;Nouvelle Aquitaine;;10/10/2023;18/03/2024;0.00 %
10288531;Grandes Cultures;Dossier Collectif Grandes Cultures - AAMF #1;4885;0;Nouvelle Aquitaine;Carbonapp SAS;19/10/2022;18/03/2024;0.00 %
15163979;Reboisement;Reboisement_Giscos_Socogef_P14;931;0;Nouvelle Aquitaine;SASU SOCOGEF;27/11/2023;18/03/2024;0.00 %
13698257;Grandes Cultures;ReSoil n°43 - Projet Grand-Est;4012;0;Grand Est;ReSoil;15/08/2023;18/03/2024;0.00 %
14835579;Reboisement;Reboisement à Sermaize-les-Bains (Marne);1456;0;Grand Est;Oklima;02/11/2023;18/03/2024;90.00 %
15174393;Reboisement;Reboisement_déperissement_Gabarret_Socogef_P15;244;0;Nouvelle Aquitaine;SASU SOCOGEF;28/11/2023;18/03/2024;0.00 %
12857149;Reboisement;MaForêt #69 Cabanac-et-Villagrains (33);16597;0;Nouvelle Aquitaine;Actiforest;07/06/2023;14/03/2024;89.00 %
11896059;Reboisement;Alliance Forêts Bois/GCF n°209 - Chambois (27);1712;0;Normandie;Alliance Forêts bois;21/03/2023;14/03/2024;0.00 %
10638773;Boisement;Unisylva n°1 - La Coquille (24);625;0;Nouvelle Aquitaine;UNISYLVA;21/11/2022;14/03/2024;0.00 %
13842895;Boisement;Alliance Forêts Bois/GCF n°306 Saint Germain la Campagne (27);637;0;Normandie;Alliance Forêts bois;29/08/2023;14/03/2024;0.00 %
12840091;Boisement;Reforest'Action - Chiché 2 (79);892;0;Nouvelle Aquitaine;Fransylva Services ;06/06/2023;14/03/2024;100.00 %
11038210;Boisement;Unisylva n°2 - Clairavaux (23);635;0;Nouvelle Aquitaine;UNISYLVA;04/01/2023;14/03/2024;0.00 %
10702869;Boisement;Alliance Forêts Bois/GCF n°148 - Cérences (50);4461;0;Normandie;Alliance Forêts bois;28/11/2022;14/03/2024;0.00 %
16283616;Boisement;Boisement à Donnery ;1820;0;Centre Val de Loire;Oklima;13/02/2024;13/03/2024;90.00 %
11815487;Reboisement;Carbonapp n°86 Reboisement Joudes (71);3879;0;Bourgogne Franche Comté;Carbonapp SAS;14/03/2023;12/03/2024;0.00 %
11590319;Plantation de vergers;STOCK CO2 n°231 - Auvergne Rhône Alpes (26);197;0;Auvergne Rhône Alpes;;23/02/2023;12/03/2024;0.00 %
14710565;Reboisement;BRASPARTS - Fransylva services;1943;0;Bretagne;Fransylva Services ;23/10/2023;11/03/2024;100.00 %
14942650;Boisement;Alliance Forêts Bois/ GCF n°346 Artigat;672;0;Occitanie;Alliance Forêts bois;10/11/2023;07/03/2024;0.00 %
10702636;Boisement;Alliance Forêts Bois/GCF n°146 - Saint Jean Pla de Corts (66);1193;0;Occitanie;Alliance Forêts bois;28/11/2022;07/03/2024;100.00 %
10205518;Boisement;Alliance Forêts Bois/GCF n°137 - Saix (81);977;0;Occitanie;Alliance Forêts bois;12/10/2022;07/03/2024;0.00 %
13410336;Reboisement;ONF – Reboisement en forêt domaniale de la Madone n°1;159;0;PACA;Office national des forêts;18/07/2023;06/03/2024;0.00 %
14486333;Grandes Cultures;Projet SysFarm - Projet France N°18;6451;0;Centre Val de Loire;SAS SYSFARM;10/10/2022;06/03/2024;13.88 %
13255301;Boisement;Alliance Forêts Bois/GCF n°272 - Villiers le morhier (28);530;0;Centre Val de Loire;Alliance Forêts bois;05/07/2023;06/03/2024;0.00 %
13698098;Grandes Cultures;ReSoil n°47 - Projet Moselle;2670;0;Grand Est;ReSoil;15/08/2023;04/03/2024;25.41 %
14462574;Boisement;CNPF C+for n° 145 Saint-Germain-en-Coglès (La Poste n° 29);377;0;Bretagne;Olivier GLEIZES;06/10/2023;04/03/2024;100.00 %
12340936;Reboisement;MaForêt #50 Château-l'Hermitage (72);1104;0;Pays de la Loire;Actiforest;26/04/2023;28/02/2024;100.00 %
12979779;Reboisement;MaForêt #63 Ruaudin (72);2004;0;Pays de la Loire;Actiforest;16/06/2023;28/02/2024;100.00 %
13253745;Reboisement;Alliance Forêts Bois/GCF n°270 - Bauge en anjou (49);321;0;Pays de la Loire;Alliance Forêts bois;05/07/2023;28/02/2024;0.00 %
14208008;Boisement;CORON - Fransylva Services;1499;0;Pays de la Loire;Fransylva Services ;22/09/2023;28/02/2024;100.00 %
15460584;Reboisement;STOCK CO2 n°341 - Bourgogne Franche Comté (70);1396;0;Bourgogne Franche Comté;;19/12/2023;28/02/2024;99.99 %
14208493;Boisement;TOUVOIS - Fransylva Services;2066;0;Pays de la Loire;Fransylva Services ;10/10/2023;28/02/2024;100.00 %
14093218;Boisement;Reforest'Action - Daon (53);924;0;Pays de la Loire;REFOREST'ACTION;14/09/2023;28/02/2024;100.00 %
10989449;Grandes Cultures;ReSoil n°16 - Hauts de France;17916;0;Hauts-de-France;ReSoil;29/12/2022;28/02/2024;48.37 %
13253812;Reboisement;Alliance Forêts Bois/GCF n°271 - Bauge en anjou 2 (49);1044;0;Pays de la Loire;Alliance Forêts bois;05/07/2023;28/02/2024;0.00 %
14948700;Boisement;Carbonapp n°156 Boisement Val d’Erdre-Auxence (49);3031;0;Pays de la Loire;Carbonapp SAS;10/11/2023;28/02/2024;100.00 %
10742602;Boisement;Reforest'Action - La Réorthe (85);1205;0;Pays de la Loire;REFOREST'ACTION;01/12/2022;28/02/2024;100.00 %
14532140;Boisement;Projet Néosylva - Pays de la Loire (44) - 2CHAU-123;1896;0;Pays de la Loire;NEOSYLVA INVESTISSEMENT FORESTIER;11/10/2023;28/02/2024;9.30 %
14867052;Boisement;Segré en Anjou 2 - Fransylva Services;476;0;Pays de la Loire;Fransylva Services ;06/11/2023;28/02/2024;100.00 %
15107757;Boisement;CNPF C+for n° 158 Crémarest (IAE Paris n° 6);965;0;Hauts-de-France;Olivier GLEIZES;22/11/2023;28/02/2024;100.00 %
15289318;Boisement;Carbonapp n°167 Boisement Montsûrs (53);3088;0;Pays de la Loire;Carbonapp SAS;06/12/2023;28/02/2024;99.00 %
13632358;Boisement;Carbonapp n°136 Boisement Ablainzevelle (62);325;0;Hauts-de-France;Carbonapp SAS;07/08/2023;28/02/2024;100.00 %
13943726;Boisement;Projet Néosylva - Pays de la Loire (44) - 2CHAM-122;2451;0;Pays de la Loire;NEOSYLVA INVESTISSEMENT FORESTIER;05/09/2023;28/02/2024;100.00 %
14556819;Boisement;CHATEAUNEUF - Fransylva Services;2781;0;Pays de la Loire;Fransylva Services ;23/10/2023;28/02/2024;0.00 %
14536138;Boisement;CNPF C+for n° 107 L'Aiguillon-sur-Vie (CDC n° 2);7827;0;Pays de la Loire;Olivier GLEIZES;27/10/2023;28/02/2024;100.00 %
11449824;Reboisement;STOCK CO2 n°227 - Bourgogne Franche Comté (89);556;0;Bourgogne Franche Comté;;09/02/2023;27/02/2024;0.00 %
12179757;Reboisement;Carbonapp n°97 Reboisement Planchez 2 (58);724;0;Bourgogne Franche Comté;Carbonapp SAS;13/04/2023;27/02/2024;100.00 %
14106793;Boisement;Coopératives Forestières/CFBL n°2307 - SAINTE RADEGONDE (71);367;0;Bourgogne Franche Comté;CFBL Coopérative Forestière;15/09/2023;27/02/2024;100.00 %
9975804;Grandes Cultures;"CARBO D&#039;OC 1";134410;0;Occitanie;SCA AGRO D'OC UNION DES CETA D'OC;31/08/2022;19/02/2024;0.00 %
15215543;Reboisement;Carbonapp n°162 Reboisement G. Belin-Béliet 7 (33);3151;0;Nouvelle Aquitaine;Carbonapp SAS;30/11/2023;15/02/2024;94.00 %
15331547;Reboisement;Carbonapp n°170 Reboisement D.C. Belin-Béliet 13 (33);2920;0;Nouvelle Aquitaine;Carbonapp SAS;08/12/2023;15/02/2024;100.00 %
12409529;Reboisement;REBOISEMENT PARCELLES INCENDIEES _ SOCOGEF_P3 _ ORIGNE (33);7278;0;Nouvelle Aquitaine;Oklima;02/05/2023;15/02/2024;0.00 %
15718369;Reboisement;Carbonapp n°197 Reboisement P. Belin-Béliet 17 (33);285;0;Nouvelle Aquitaine;Carbonapp SAS;10/01/2024;15/02/2024;100.00 %
12590619;Reboisement;Alliance Forêts Bois/GCF n°255 - Origne 2 (33);1490;0;Nouvelle Aquitaine;Alliance Forêts bois;17/05/2023;15/02/2024;0.00 %
15316972;Reboisement;Carbonapp n°168 Reboisement S. Belin-Béliet 11 (33);2228;0;Nouvelle Aquitaine;Carbonapp SAS;07/12/2023;15/02/2024;100.00 %
14367407;Reboisement;Alliance Forêts Bois/GCF n°324 Lucbardez 2 (40);521;0;Nouvelle Aquitaine;Alliance Forêts bois;02/10/2023;15/02/2024;100.00 %
13438209;Reboisement;Alliance Forêts Bois/GCF n°278 - Saint-Symphorien (33);1856;0;Nouvelle Aquitaine;Alliance Forêts bois;20/07/2023;15/02/2024;100.00 %
15233318;Reboisement;Carbonapp n°164 Reboisement R. Belin-Béliet 9 (33);970;0;Nouvelle Aquitaine;Carbonapp SAS;01/12/2023;15/02/2024;100.00 %
15387007;Reboisement;Carbonapp n°173 Reboisement B. Belin-Béliet 15 (33);5399;0;Nouvelle Aquitaine;Carbonapp SAS;13/12/2023;15/02/2024;100.00 %
14994312;Reboisement;Carbonapp n°161 Reboisement Aubaine (21);1738;0;Bourgogne Franche Comté;Carbonapp SAS;14/11/2023;15/02/2024;100.00 %
15328953;Reboisement;Carbonapp n°169 Reboisement B. Belin-Béliet 12 (33);739;0;Nouvelle Aquitaine;Carbonapp SAS;08/12/2023;15/02/2024;100.00 %
14328747;Grandes Cultures;SysFarm - Projet Centre Val de Loire N°14;28233;0;Centre Val de Loire;SAS SYSFARM;30/09/2022;15/02/2024;57.27 %
15218796;Reboisement;Carbonapp n°162 Reboisement L. Belin-Béliet 8 (33);3727;0;Nouvelle Aquitaine;Carbonapp SAS;30/11/2023;15/02/2024;100.00 %
15366870;Reboisement;Carbonapp n°171 Reboisement P. Belin-Béliet 14 (33);300;0;Nouvelle Aquitaine;Carbonapp SAS;12/12/2023;15/02/2024;100.00 %
15715597;Reboisement;Carbonapp n°172 Reboisement D. Belin-Béliet 16 (33);358;0;Nouvelle Aquitaine;Carbonapp SAS;10/01/2024;15/02/2024;100.00 %
8885339;Reboisement;Alliance Forêts Bois/GCF n°102 - Le Chatenet en Dognon (87);1070;0;Nouvelle Aquitaine;Alliance Forêts bois;25/05/2022;15/02/2024;100.00 %
12409895;Reboisement;REBOISEMENT PARCELLES INCENDIEES _P6 _ LANDIRAS (33);2693;0;Nouvelle Aquitaine;SASU SOCOGEF;02/05/2023;15/02/2024;0.00 %
15235399;Reboisement;Carbonapp n°165 Reboisement M. Belin-Béliet 10 (33);2307;0;Nouvelle Aquitaine;Carbonapp SAS;01/12/2023;15/02/2024;100.00 %
13327810;Reboisement;ONF – Reboisement en forêt domaniale du Pali n°1;286;0;PACA;EPIC;10/07/2023;14/02/2024;0.00 %
14356485;Haies;Carbonapp n°147 Haies Plumergat (56);67;0;Bretagne;Carbonapp SAS;02/10/2023;14/02/2024;0.00 %
11934208;Reboisement;Alliance Forêts Bois/GCF n°216 - Servanches (24);1607;0;Nouvelle Aquitaine;Alliance Forêts bois;24/03/2023;12/02/2024;0.00 %
13148554;Reboisement;La forêt de Puyclaud ;3947;0;Nouvelle Aquitaine;Le Printemps des Terres S.A.S;28/06/2023;12/02/2024;100.00 %
13531914;Reboisement;Alliance Forêts Bois/GCF n°283 Saint Symphorien 2 (33);3118;0;Nouvelle Aquitaine;Alliance Forêts bois;28/07/2023;12/02/2024;0.00 %
11934050;Reboisement;Alliance Forêts Bois/GCF n°215 - Magescq (40);500;0;Nouvelle Aquitaine;Alliance Forêts bois;24/03/2023;12/02/2024;0.00 %
13658277;Reboisement;Alliance Forêts Bois/GCF n°294  Mano (40);5100;0;Nouvelle Aquitaine;Alliance Forêts bois;09/08/2023;12/02/2024;0.00 %
10702353;Reboisement;Alliance Forêts Bois/GCF n°143 - Lugos (33);496;0;Nouvelle Aquitaine;Alliance Forêts bois;28/11/2022;08/02/2024;0.00 %
11192211;Balivage;CNPF C+for n° 115 Collonges-la-Rouge (Ministère de l'Agriculture et de la Souveraineté alimentaire n° 2);124;0;Nouvelle Aquitaine;Olivier GLEIZES;02/11/2022;08/02/2024;100.00 %
12550163;Reboisement;Alliance Forêts Bois/GCF n°242 - Saint Julien d'Armagnac 2 (40);2488;0;Nouvelle Aquitaine;Alliance Forêts bois;15/05/2023;08/02/2024;0.00 %
13784601;Boisement;Alliance Forêts Bois/GCF n°303 Bazas (33);2343;0;Nouvelle Aquitaine;Alliance Forêts bois;24/08/2023;08/02/2024;0.00 %
10487970;Boisement;STOCK CO2 n°180 - Nouvelle Aquitaine (87);3224;0;Nouvelle Aquitaine;;03/11/2022;08/02/2024;46.53 %
14516413;Reboisement;STOCK CO2 n°312 - Nouvelle Aquitaine (40);1014;0;Nouvelle Aquitaine;;10/10/2023;08/02/2024;16.55 %
14742824;Reboisement;Alliance Forêts Bois/ GCF n°343 Saint Michel de Castelnau;159;0;Nouvelle Aquitaine;Alliance Forêts bois;25/10/2023;08/02/2024;0.00 %
14054345;Boisement;MaForêt #75 - Dienné (86);1401;0;Nouvelle Aquitaine;Actiforest;12/09/2023;08/02/2024;100.00 %
14536139;Boisement;CNPF C+for n° 154 Gijounet (Pierre Fabre n° 2);1650;0;Occitanie;Olivier GLEIZES;11/10/2023;08/02/2024;100.00 %
10991306;Grandes Cultures;ReSoil n°32;18325;0;Ile de France;ReSoil;29/12/2022;07/02/2024;2.48 %
15064982;Boisement;Alliance Forêts Bois/GCF n°277 - La Chapelle-d'Aligné (72);846;0;Pays de la Loire;Alliance Forêts bois;19/07/2023;02/02/2024;100.00 %
14630590;Boisement;CNPF C+FOR n°137 Conflans-sur-Anille (Chloé n°3);1409;0;Pays de la Loire;Olivier GLEIZES;17/10/2023;02/02/2024;100.00 %
13983005;Boisement;Boisement de Villeneuve;735;0;Pays de la Loire;SELARL CABINET LORNE;25/10/2023;02/02/2024;6.80 %
14198352;Boisement;Projet Néosylva - Pays de la Loire (49) - 2ROUS-122;377;0;Pays de la Loire;NEOSYLVA INVESTISSEMENT FORESTIER;21/09/2023;02/02/2024;0.00 %
12640125;Reboisement;Reboisement Rauret;3742;0;Auvergne Rhône Alpes;Oklima;23/05/2023;02/02/2024;90.00 %
15062679;Boisement;Alliance Forêts Bois/GCF n°280 Froidfond (85);430;0;Pays de la Loire;Alliance Forêts bois;20/07/2023;02/02/2024;100.00 %
13722040;Grandes Cultures;Carbon&Co - Grand Est n°19;560;0;Grand Est;"Carbon&amp;Co";15/09/2022;01/02/2024;0.00 %
13716405;Grandes Cultures;Soufflet_Lot 1_Sept_2022_GC;7120;0;Grand Est;"Carbon&amp;Co";15/09/2022;01/02/2024;0.00 %
14808785;Reboisement;Carbonapp n°154 Reboisement Dainville-Bertheléville 1 (55);8961;0;Grand Est;Carbonapp SAS;31/10/2023;01/02/2024;100.00 %
10991394;Grandes Cultures;ReSoil n°33 - Seine-et-Marne;1083;0;Ile de France;ReSoil;29/12/2022;31/01/2024;0.00 %
12221770;Sobac'eco-tmm;STOCK CO2 n°82 - Nouvelle Aquitaine (79);433;0;Nouvelle Aquitaine;;03/05/2022;31/01/2024;0.00 %
10991204;Grandes Cultures;ReSoil n°31 - Seine-et-Marne;1544;0;Ile de France;ReSoil;29/12/2022;30/01/2024;0.00 %
10990758;Grandes Cultures;ReSoil n°28 - Seine-et-Marne;1730;0;Ile de France;ReSoil;29/12/2022;29/01/2024;0.00 %
12412167;Grandes Cultures;SysFarm - Projet Ile de France N°10;950;0;Ile de France;SAS SYSFARM;12/10/2022;29/01/2024;100.00 %
10910452;Plantation de vergers;Verger La Grange;61;0;Ile de France;IMAGREEN TRANSITIONS;19/12/2022;29/01/2024;0.00 %
14674690;Reboisement;REBOISEMENT PARCELLES INCENDIEES _P13 _ ORIGNE (33) _ SOCOGEF;576;0;Nouvelle Aquitaine;Oklima;20/10/2023;23/01/2024;0.00 %
11600011;Reboisement;Alliance Forêts Bois/GCF n°189 - Belin-Béliet 5 (33);5982;0;Nouvelle Aquitaine;Alliance Forêts bois;24/02/2023;22/01/2024;100.00 %
11619350;Reboisement;Alliance Forêts Bois/GCF n°198 - Guillos 2 (33);2647;0;Nouvelle Aquitaine;Alliance Forêts bois;27/02/2023;22/01/2024;100.00 %
14259499;Reboisement;Alliance Forêts Bois/GCF n°317 Magescq 2 (40);2644;0;Nouvelle Aquitaine;Alliance Forêts bois;26/09/2023;22/01/2024;0.00 %
13256962;Boisement;CNPF C+for n° 109 Bonnes (CDC n° 4);5508;0;Nouvelle Aquitaine;Olivier GLEIZES;05/07/2023;22/01/2024;100.00 %
11712109;Reboisement;Alliance Forêts Bois/GCF n°204 - Vert (40);425;0;Nouvelle Aquitaine;Alliance Forêts bois;06/03/2023;22/01/2024;0.00 %
14249716;Reboisement;Alliance Forêts Bois/GCF n°315 Louchats 4 (33);554;0;Nouvelle Aquitaine;Alliance Forêts bois;25/09/2023;22/01/2024;0.00 %
10250771;Grandes Cultures;STOCK CO2 n°162 - Occitanie;4095;0;Occitanie;;14/10/2022;22/01/2024;16.94 %
14686302;Reboisement;Alliance Forêts Bois/ GCF n°339 Saint Magne (33);1079;0;Nouvelle Aquitaine;Alliance Forêts bois;20/10/2023;22/01/2024;0.00 %
13557845;Boisement;Alliance Forêts Bois/GCF n°287 Saint Justin 5 (40);264;0;Nouvelle Aquitaine;Alliance Forêts bois;31/07/2023;22/01/2024;0.00 %
10473988;Reboisement;STOCK CO2 n°179 - Nouvelle Aquitaine (40);598;0;Nouvelle Aquitaine;;02/11/2022;22/01/2024;0.00 %
12331648;Reboisement;SOCOGEF _ P2 _ BELIN-BELIET / ORIGNE (33);4991;0;Nouvelle Aquitaine;SASU SOCOGEF;02/05/2023;22/01/2024;0.00 %
14368282;Reboisement;Alliance Forêts Bois/GCF n°325 Arue 2 (40);315;0;Nouvelle Aquitaine;Alliance Forêts bois;02/10/2023;22/01/2024;0.00 %
14725365;Reboisement;Carbonapp n°153 Reboisement M. Belin-Béliet 5 (33);18886;0;Nouvelle Aquitaine;Carbonapp SAS;24/10/2023;22/01/2024;100.00 %
10268786;Boisement;Jazeneuil - Fransylva Services ;1062;0;Nouvelle Aquitaine;Fransylva Services ;17/10/2022;22/01/2024;100.00 %
14964621;Reboisement;Carbonapp n°159 Reboisement F. Belin-Béliet 6 (33);4165;0;Nouvelle Aquitaine;Carbonapp SAS;13/11/2023;22/01/2024;100.00 %
13596342;Boisement;SANCOINS;1804;0;Centre Val de Loire;Fransylva Services ;03/08/2023;17/01/2024;74.00 %
13487709;Reboisement;Coopératives Forestières/CFBL n°2306 - TAVERNAY (71);620;0;Bourgogne Franche Comté;CFBL Coopérative Forestière;25/07/2023;16/01/2024;0.00 %
15111260;Boisement;Coopératives Forestières/CFBL n°2313 - MAREY-SUR-TILLE (21);649;0;Bourgogne Franche Comté;CFBL Coopérative Forestière;22/11/2023;16/01/2024;100.00 %
12181752;Grandes Cultures;Carbone Farmers- SAGE 1er Projet Collectif;9363;0;Grand Est;Carbone Farmers;19/08/2022;16/01/2024;63.63 %
10730229;Plantation de vergers;AGOTERRA - Tagnon;279;0;Grand Est;AGOTERRA;30/11/2022;16/01/2024;100.00 %
14116215;Boisement;CNPF C+for n° 84 Vallon-en-Sully (USH n° 2);359;0;Auvergne Rhône Alpes;Olivier GLEIZES;15/09/2023;10/01/2024;100.00 %
9782271;Reboisement;STOCK CO2 n°104 - Auvergne Rhône Alpes (63);866;0;Auvergne Rhône Alpes;;05/09/2022;10/01/2024;70.21 %
14948967;Reboisement;Carbonapp n°157 Reboisement Uzay-le-Venon (18);1222;0;Centre Val de Loire;Carbonapp SAS;10/11/2023;05/01/2024;100.00 %
13695505;Boisement;STOCK CO2 n°99 - Centre Val de Loire (37);1459;0;Centre Val de Loire;;14/08/2023;03/01/2024;79.99 %
14074519;Boisement;STOCK CO2 n°304 - Normandie (76);3598;0;Normandie;;13/09/2023;02/01/2024;79.04 %
14657371;Boisement;CNPF C+for n° 131 Capelle-les-Grands (ALiS n° 1);592;0;Normandie;Olivier GLEIZES;20/10/2023;02/01/2024;100.00 %
10703368;Boisement;Alliance Forêts Bois/GCF n°152 - Neaufles Auvergny (27);710;0;Normandie;Alliance Forêts bois;27/11/2022;02/01/2024;100.00 %
11896423;Boisement;Alliance Forêts Bois/GCF n°211 - Hodeng-Hodenger (76);1088;0;Normandie;Alliance Forêts bois;21/03/2023;02/01/2024;0.00 %
10269680;Plantation de vergers;AGOTERRA : Caillouet-Orgeville;903;0;Normandie;AGOTERRA;07/11/2022;21/12/2023;100.00 %
10703185;Boisement;Alliance Forêts Bois/GCF n°150 - La Ferté en Ouch 2 (61);2644;0;Normandie;Alliance Forêts bois;28/11/2022;20/12/2023;0.00 %
13859921;Grandes Cultures;Projet SysFarm <> NatUp 2023;4758;0;Normandie;SAS SYSFARM;14/10/2022;20/12/2023;12.71 %
10951764;Reboisement;STOCK CO2 n°191 - Normandie (61);1175;0;Normandie;;22/12/2022;20/12/2023;0.00 %
10990657;Grandes Cultures;ReSoil n°25 - Seine-et-Marne;1352;0;Ile de France;ReSoil;29/12/2022;19/12/2023;0.00 %
10990683;Grandes Cultures;ReSoil n°26 - Seine-et-Marne;1352;0;Ile de France;ReSoil;29/12/2022;19/12/2023;0.00 %
10991084;Grandes Cultures;ReSoil n°29 - Seine-et-Marne;1938;0;Ile de France;ReSoil;29/12/2022;19/12/2023;0.00 %
12164885;Reboisement;Carbonapp n°93 Reboisement Planchez 1 (58);333;0;Bourgogne Franche Comté;Carbonapp SAS;12/04/2023;19/12/2023;100.00 %
12165618;Reboisement;Carbonapp n°96 Reboisement Arleuf (58);344;0;Bourgogne Franche Comté;Carbonapp SAS;12/04/2023;19/12/2023;100.00 %
11606075;Reboisement;Alliance Forêts Bois/GCF n°192 - Louchats 2 (33);1677;0;Nouvelle Aquitaine;Alliance Forêts bois;24/02/2023;18/12/2023;100.00 %
12403143;Grandes Cultures;SysFarm - Projet Ile de France N°11;1402;0;Ile de France;SAS SYSFARM;12/10/2022;18/12/2023;0.00 %
10990722;Grandes Cultures;ReSoil n°27 - Seine-et-Marne;2003;0;Ile de France;ReSoil;29/12/2022;18/12/2023;0.00 %
10991125;Grandes Cultures;ReSoil n°30 - Seine-et-Marne;10148;0;Ile de France;ReSoil;29/12/2022;18/12/2023;5.59 %
13558034;Reboisement;Alliance Forêts Bois/GCF n°288 Le Sen (40);239;0;Nouvelle Aquitaine;Alliance Forêts bois;31/07/2023;18/12/2023;0.00 %
14727630;Reboisement;Carbonapp n°155 Reboisement Dainville-Bertheléville 2 (55);9665;0;Grand Est;Carbonapp SAS;24/10/2023;15/12/2023;100.00 %
12750741;Boisement;Saint Just Sauvage - Fransylva Services;1630;0;Grand Est;Fransylva Services ;31/05/2023;15/12/2023;100.00 %
9218326;Boisement;Alliance Forêts Bois/GCF n°114 - Sorèze (81);1026;0;Occitanie;Alliance Forêts bois;30/06/2022;15/12/2023;0.00 %
13647262;Grandes Cultures;EMC2_Lot 1_Sept 2022_GC;7328;0;Grand Est;"Carbon&amp;Co";26/08/2022;15/12/2023;0.00 %
13726566;Grandes Cultures;Carbon&Co - Grand Est n°21;424;0;Grand Est;"Carbon&amp;Co";15/09/2022;15/12/2023;0.00 %
12572658;Reboisement;Alliance Forêts Bois/GCF n°254 -  Calmels-et-le-Viala 2 (12);603;0;Occitanie;Alliance Forêts bois;16/05/2023;15/12/2023;100.00 %
14311192;Boisement;STOCK CO2 n°309 - Centre Val de Loire (45);533;0;Centre Val de Loire;;28/09/2023;13/12/2023;0.00 %
13847839;Reboisement;SF²X4C_BOURGOUET_R1;2113;0;Bretagne;SOCIETE FORESTIERE;29/08/2023;13/12/2023;0.00 %
14515910;Reboisement;STOCK CO2 n°310 - Nouvelle Aquitaine (40);4722;0;Nouvelle Aquitaine;;10/10/2023;12/12/2023;23.89 %
12560178;Reboisement;Alliance Forêts Bois/GCF n°248 - Saint-Aulaye-Puymangou (24);1159;0;Nouvelle Aquitaine;Alliance Forêts bois;15/05/2023;12/12/2023;0.00 %
11977711;Reboisement;Alliance Forêts Bois/GCF n°223 - Bors (16);1724;0;Nouvelle Aquitaine;Alliance Forêts bois;28/03/2023;12/12/2023;0.00 %
14587818;Reboisement;Carbonapp n°145 Reboisement Morbier 1 (39);471;0;Bourgogne Franche Comté;Carbonapp SAS;13/10/2023;12/12/2023;100.00 %
12550419;Reboisement;Alliance Forêts Bois/GCF n°244 - Saint Justin 4 (40);736;0;Nouvelle Aquitaine;Alliance Forêts bois;15/05/2023;12/12/2023;0.00 %
14335573;Reboisement;Carbonapp n°146 Reboisement Morbier 3 (39);411;0;Bourgogne Franche Comté;Carbonapp SAS;29/09/2023;12/12/2023;100.00 %
11876860;Reboisement;Reboisement Vergezac;1419;0;Auvergne Rhône Alpes;Oklima;20/03/2023;11/12/2023;90.00 %
13360377;Boisement;CNPF C+for n° 141 Chelers;954;0;Hauts-de-France;Olivier GLEIZES;19/07/2023;08/12/2023;100.00 %
14174691;Grandes Cultures;Projet SysFarm <> Noriap 2023;6750;0;Hauts-de-France;SAS SYSFARM;14/10/2022;08/12/2023;12.07 %
14313279;Boisement;CNPF C+for n° 149 Preures (Banque Neuflize n° 7);562;0;Hauts-de-France;Olivier GLEIZES;28/09/2023;08/12/2023;100.00 %
13459235;Boisement;CNPF C+for n° 142 Chaumont-en-Vexin;1967;0;Hauts-de-France;Olivier GLEIZES;27/07/2023;08/12/2023;100.00 %
13125002;Reboisement;ONF – Reboisement en forêt domaniale du Val Daluis n°1;307;0;PACA;EPIC;10/07/2023;08/12/2023;0.00 %
11429991;Boisement;CNPF C+for n° 134 Gagnac-sur-Cère (Andros n° 2);632;0;Occitanie;Olivier GLEIZES;08/02/2023;06/12/2023;100.00 %
10951757;Reboisement;STOCK CO2 n°190 - Normandie (61);1345;0;Normandie;;22/12/2022;06/12/2023;0.00 %
12533964;Boisement;boisement Castelnau;427;0;Occitanie;bruno julien;08/06/2023;06/12/2023;0.00 %
12549868;Boisement;Alliance Forêts Bois/GCF n°239 - Vielle Soubiran (40);1972;0;Nouvelle Aquitaine;Alliance Forêts bois;15/05/2023;01/12/2023;0.00 %
13322768;Boisement;Alliance Forêts Bois/GCF n°275 -  Porte de Benauge (33);840;0;Nouvelle Aquitaine;Alliance Forêts bois;10/07/2023;30/11/2023;0.00 %
13533842;Reboisement;Reforest'Action - Perrigny-sur-l'Ognon (21);884;0;Bourgogne Franche Comté;REFOREST'ACTION;28/07/2023;30/11/2023;0.00 %
14074268;Boisement;STOCK CO2 n°302 - Nouvelle Aquitaine (40);1885;0;Nouvelle Aquitaine;;13/09/2023;29/11/2023;0.00 %
13799948;Reboisement;Carbonapp n°140 Reboisement Choux (39);1357;0;Bourgogne Franche Comté;Carbonapp SAS;25/08/2023;28/11/2023;100.00 %
11586759;Boisement;Alliance Forêts Bois/GCF n°181 - Artix (64);399;0;Nouvelle Aquitaine;Alliance Forêts bois;23/02/2023;28/11/2023;100.00 %
12165448;Reboisement;Carbonapp n°94 Reboisement Anost (71);654;0;Bourgogne Franche Comté;Carbonapp SAS;12/04/2023;27/11/2023;100.00 %
9857954;Grandes Cultures;Scara_Lot_1_Juillet_2022_GC;4235;0;Grand Est;"Carbon&amp;Co";18/07/2022;27/11/2023;0.00 %
12165542;Reboisement;Carbonapp n°95 Reboisement Corancy (58);159;0;Bourgogne Franche Comté;Carbonapp SAS;12/04/2023;27/11/2023;100.00 %
12244298;Reboisement;Carbonapp n°98 Reboisement Planchez 3 (58);356;0;Bourgogne Franche Comté;Carbonapp SAS;19/04/2023;27/11/2023;100.00 %
12550063;Boisement;Alliance Forêts Bois/GCF n°241 - Aurice 2 (40);401;0;Nouvelle Aquitaine;Alliance Forêts bois;15/05/2023;24/11/2023;0.00 %
13695894;Boisement;STOCK CO2 n°286 - Nouvelle Aquitaine (47);6993;0;Nouvelle Aquitaine;;14/08/2023;24/11/2023;0.00 %
13188459;Boisement;CNPF C+for n° 135 Bressuire (Chloé n° 1);1112;0;Nouvelle Aquitaine;Olivier GLEIZES;30/06/2023;24/11/2023;100.00 %
14668037;Boisement;Carbonapp n°152 Boisement Vouneuil-sur-Vienne (86);1024;0;Nouvelle Aquitaine;Carbonapp SAS;19/10/2023;24/11/2023;100.00 %
13695527;Boisement;STOCK CO2 n°100 - Nouvelle Aquitaine (86);3284;0;Nouvelle Aquitaine;;14/08/2023;24/11/2023;0.00 %
12764688;Boisement;Alliance Forêts Bois/GCF n°262 - Perquie (40) ;1632;0;Nouvelle Aquitaine;Alliance Forêts bois;01/06/2023;24/11/2023;0.00 %
11590578;Boisement;Alliance Forêts Bois/GCF n°185 - Dognen (64);789;0;Nouvelle Aquitaine;Alliance Forêts bois;23/02/2023;24/11/2023;100.00 %
12569212;Boisement;Alliance Forêts Bois/GCF n°252 - Saint-Saud-Lacoussière (24);355;0;Nouvelle Aquitaine;Alliance Forêts bois;06/05/2023;23/11/2023;0.00 %
10765603;Plantation de vergers;AMANDES DU SOMAIL;465;0;Occitanie;CO2RESPONSABLES;17/02/2021;23/11/2023;0.00 %
13534119;Boisement;Reforest'Action - Preuilly-sur-Claise (37);862;0;Centre Val de Loire;REFOREST'ACTION;28/07/2023;23/11/2023;33.99 %
10764403;Vergers collectifs;VERGERS CDA 1;7946;0;PACA;CO2RESPONSABLES;07/01/2021;22/11/2023;13.50 %
12410146;Boisement;BOISEMENT ANCIENNES TERRES AGRICOLES _ SOCOGEF _ P7 _ MONGAUZY (33);725;0;Nouvelle Aquitaine;SASU SOCOGEF;02/05/2023;20/11/2023;0.00 %
9451725;Boisement;Coopérative Carbone - ACCLENA - CNPF n°5 / Boisement Sainte-Ouenne (79);963;0;Nouvelle Aquitaine;COOPERATIVE CARBONE;26/07/2022;20/11/2023;1.10 %
12410277;Boisement;BOISEMENT ANCIENNES TERRES AGRICOLES _ SOCOGEF _ P8 _ SAINT-JULIEN-D'ARMAGNAC (40);2715;0;Nouvelle Aquitaine;SASU SOCOGEF;02/05/2023;09/11/2023;0.00 %
12046147;Reboisement;Alliance Forêts Bois/GCF n°227 - Espérausses (81);1406;0;Occitanie;Alliance Forêts bois;03/04/2023;09/11/2023;0.00 %
13660397;Grandes Cultures;Carbon&Co - Grand Est n°3;483;0;Grand Est;"Carbon&amp;Co";26/08/2022;06/11/2023;0.00 %
10990139;Grandes Cultures;ReSoil n°20 - Projet collectif;40543;0;Hauts-de-France;ReSoil;29/12/2022;06/11/2023;0.00 %
13671029;Grandes Cultures;Carbon&Co - Grand Est n°9;1494;0;Grand Est;"Carbon&amp;Co";26/08/2022;06/11/2023;0.00 %
10104273;Grandes Cultures;Carbonapp - Dossier Collectif n°1 Grandes Cultures - Projets n°111 à 135;49461;0;Hauts-de-France;Carbonapp SAS;04/10/2022;06/11/2023;8.66 %
10992121;Grandes Cultures;ReSoil n°9 - Côte d'Or;1473;0;Bourgogne Franche Comté;ReSoil;29/12/2022;06/11/2023;0.00 %
12181810;Grandes Cultures;Carbone Farmers- Groupement des producteurs de Blé de la région de Dieuze-Mohrange 1er projet Collectif;2258;0;Grand Est;Carbone Farmers;19/08/2022;06/11/2023;100.00 %
13671402;Grandes Cultures;Carbon&Co - Grand Est n°10;1381;0;Grand Est;"Carbon&amp;Co";26/08/2022;06/11/2023;0.00 %
13411214;Boisement;Carbonapp n°109 Boisement Neuville-Coppegueule (80);1194;0;Hauts-de-France;Carbonapp SAS;18/07/2023;06/11/2023;100.00 %
10992353;Grandes Cultures;ReSoil n°41 - Côte d'Or;896;0;Bourgogne Franche Comté;ReSoil;29/12/2022;06/11/2023;100.00 %
13721432;Grandes Cultures;Carbon&Co - Grand Est n°18;2623;0;Grand Est;"Carbon&amp;Co";15/09/2022;30/10/2023;0.00 %
13718185;Grandes Cultures;Carbon&Co - Grand Est n°16;885;0;Grand Est;"Carbon&amp;Co";15/09/2022;30/10/2023;0.00 %
13560498;Grandes Cultures;Agoterra & SysFarm n° 1;5499;0;Centre Val de Loire;SAS SYSFARM;30/09/2022;27/10/2023;0.00 %
10656982;Reboisement;ONF - Reboisement en Forêt Domaniale de Chaumour dép.21;1472;0;Bourgogne Franche Comté;OFFICE NATIONAL DES FORETS BOURGOGNE FRANCHE COMTE;30/01/2023;27/10/2023;100.00 %
12512404;Boisement;STOCK CO2 n°251 - Pays de la Loire (44);1202;0;Pays de la Loire;;11/05/2023;26/10/2023;33.94 %
11352658;Boisement;STOCK CO2 n°202 - Pays de la Loire (44);954;0;Pays de la Loire;;01/02/2023;26/10/2023;19.91 %
13762507;Boisement;Carbonapp n°139 Boisement Plumergat (56);577;0;Bretagne;Carbonapp SAS;22/08/2023;25/10/2023;100.00 %
8836090;Boisement;Alliance Forêts Bois/GCF n°95 - Molandier (11);2870;0;Occitanie;Alliance Forêts bois;19/05/2022;24/10/2023;100.00 %
11311062;Reboisement;Alliance Forêts Bois/GCF n°167 - Camarès (12);3309;0;Occitanie;Alliance Forêts bois;30/01/2023;24/10/2023;100.00 %
14397051;Plantation de vergers;Chalets Périgord Nature - Verger fruit à coque du sud ouest n°1;55;0;Nouvelle Aquitaine;Carbonapp SAS;15/10/2021;23/10/2023;100.00 %
14407658;Plantation de vergers;EARL de Flore - Verger fruit à coque du sud ouest n°1;582;0;Nouvelle Aquitaine;Carbonapp SAS;15/10/2021;23/10/2023;100.00 %
14394729;Plantation de vergers;EARL du grand verger - Verger fruit à coque du sud ouest n°1;216;0;Nouvelle Aquitaine;Carbonapp SAS;15/10/2021;23/10/2023;100.00 %
14397760;Plantation de vergers;Bernard Roudergue - Verger fruit à coque du sud ouest n°1;105;0;Nouvelle Aquitaine;Carbonapp SAS;15/10/2021;23/10/2023;100.00 %
11853938;Reboisement;Coopératives Forestières/CFBL n°2304 - ALLIGNY EN MORVAN (58);529;0;Bourgogne Franche Comté;CFBL Coopérative Forestière;17/03/2023;23/10/2023;100.00 %
14396495;Plantation de vergers;EARL DE Borde Mégère - Verger fruit à coque du sud ouest n°1;285;0;Nouvelle Aquitaine;Carbonapp SAS;15/10/2021;23/10/2023;0.00 %
14403857;Plantation de vergers;EARL des Trois Loups - Verger fruit à coque du sud ouest n°1;582;0;Nouvelle Aquitaine;Carbonapp SAS;15/10/2021;23/10/2023;0.00 %
14372980;Plantation de vergers;EARL de Costa - Verger fruit à coque du sud ouest n°1;182;0;Nouvelle Aquitaine;Carbonapp SAS;15/10/2021;23/10/2023;100.00 %
13790550;Grandes Cultures;Carbon&Co - Grand Est n°8;705;0;Grand Est;"Carbon&amp;Co";26/08/2022;20/10/2023;0.00 %
12409811;Reboisement;REBOISEMENT PARCELLES INCENDIEES _ SOCOGEF _ P5 _ ORIGNE (33);1803;0;Nouvelle Aquitaine;SASU SOCOGEF;05/02/2023;19/10/2023;0.00 %
12456672;Reboisement;Alliance Forêts Bois/GCF n°236 - Cubjac-Auvezerze-Val de l'Ans (24);1623;0;Nouvelle Aquitaine;Alliance Forêts bois;05/05/2023;19/10/2023;100.00 %
13354204;Grandes Cultures;STOCK CO2 n°269 - Centre Val de Loire;9130;0;Centre Val de Loire;;30/09/2022;18/10/2023;0.00 %
11606250;Reboisement;Alliance Forêts Bois/GCF n°196 - Saint-Magne 6 (33);333;0;Nouvelle Aquitaine;Alliance Forêts bois;24/02/2023;18/10/2023;100.00 %
13272326;Boisement;CNPF C+for n° 118 Seilhac (A.S.O. n° 14);384;0;Nouvelle Aquitaine;Olivier GLEIZES;06/07/2023;18/10/2023;100.00 %
13354116;Grandes Cultures;STOCK CO2 n°268 - Centre Val de Loire;10293;0;Centre Val de Loire;;10/10/2022;18/10/2023;0.00 %
13413771;Reboisement;STOCK CO2 n°275 - Nouvelle Aquitaine (40);2647;0;Nouvelle Aquitaine;;18/09/2023;18/10/2023;43.25 %
13561014;Boisement;CNPF C+for n° 130 Bellegarde (Aéroport de Marseille Provence & EcoAct n° 1);2265;0;Occitanie;Olivier GLEIZES;31/07/2023;17/10/2023;100.00 %
10098849;Grandes Cultures;Carbonapp n°27 Grandes Cultures Saint-Thibéry (34);2770;0;Occitanie;Carbonapp SAS;12/07/2022;17/10/2023;20.00 %
11777915;Plantation de vergers;Le verger de Cathy 1ere parcelle ;117;0;Occitanie;;01/04/2023;17/10/2023;0.00 %
12166309;Sobac'eco-tmm;SysFarm - Projet Auvergne Rhône Alpes N°9;470;0;Auvergne Rhône Alpes;SAS SYSFARM;12/10/2022;13/10/2023;100.00 %
13354246;Grandes Cultures;STOCK CO2 n°270 - Centre Val de Loire;10728;0;Centre Val de Loire;;30/09/2022;13/10/2023;0.00 %
13449759;Reboisement;CNPF C+for n° 112 Dolleren (Bubendorff n° 1);2202;0;Grand Est;Olivier GLEIZES;20/07/2023;13/10/2023;100.00 %
11590493;Boisement;Alliance Forêts Bois/GCF n°184 - Came (64);2050;0;Nouvelle Aquitaine;Alliance Forêts bois;23/02/2023;13/10/2023;0.00 %
13670843;Grandes Cultures;Carbon&Co - Grand Est n°7;745;0;Grand Est;"Carbon&amp;Co";26/08/2022;13/10/2023;0.00 %
449;Boisement;Sanilhac 2;283;0;Nouvelle Aquitaine;Carbonapp SAS;25/02/2022;13/10/2023;100.00 %
11340365;Grandes Cultures;STOCK CO2 n°199 - Centre Val de Loire;7945;0;Centre Val de Loire;;30/09/2022;11/10/2023;0.00 %
11340391;Grandes Cultures;STOCK CO2 n°200 - Centre Val de Loire;5708;0;Centre Val de Loire;;30/09/2022;11/10/2023;8.82 %
10206287;Boisement;Alliance Forêts Bois/GCF n°140 - Vernon (86);812;0;Nouvelle Aquitaine;Alliance Forêts bois;12/10/2022;10/10/2023;100.00 %
10281862;Ecométhane;Ecométhane Bleu-Blanc-Cœur n°1;1826;0;Grand Est;BLEU-BLANC-COEUR;14/12/2022;10/10/2023;0.00 %
10702753;Boisement;Alliance Forêts Bois/GCF n°147 - Herré 3 (40);1918;0;Nouvelle Aquitaine;Alliance Forêts bois;28/11/2022;10/10/2023;0.00 %
8885665;Reboisement;Alliance Forêts Bois/GCF n°105 - Saint-Magne 2 / GF de Riflet (33);6599;0;Nouvelle Aquitaine;Alliance Forêts bois;25/05/2022;09/10/2023;100.00 %
12619406;Boisement;Boisement à Campet-et-Lamolère (Landes);899;0;Nouvelle Aquitaine;EDF;22/05/2023;04/10/2023;100.00 %
12129682;Boisement;Atmosylva n°10 - Boisement Maen Roch (35);636;0;Bretagne;ATMOSYLVA;10/04/2023;29/09/2023;34.91 %
11090962;Reboisement;SF²X4C_VOUDENAY_ET_DEPENDANCE_R1;2746;0;Bourgogne Franche Comté;SOCIETE FORESTIERE;09/01/2023;29/09/2023;0.00 %
10878079;Grandes Cultures;SysFarm - Projet Centre Val de Loire N°6;524;0;Centre Val de Loire;SAS SYSFARM;12/10/2022;29/09/2023;0.00 %
10927961;Reboisement;ONF - Reboisement en forêt domaniale de Lacaune (81) - parcelles 10_b - 12_a - 13_c - 38_a;2076;0;Occitanie;EPIC;17/03/2022;28/09/2023;0.00 %
11298920;Reboisement;Reforest'Action - Peyro Crouzade (81);870;0;Occitanie;REFOREST'ACTION;27/01/2023;28/09/2023;100.00 %
12374504;Reboisement;Carbonapp n°101 Reboisement Brion (01);287;0;Auvergne Rhône Alpes;Carbonapp SAS;28/04/2023;28/09/2023;100.00 %
12578697;Boisement;STOCK CO2 n°258 - Auvergne Rhône Alpes (03);2332;0;Auvergne Rhône Alpes;;16/05/2023;28/09/2023;51.76 %
8836176;Boisement;Alliance Forêts Bois/GCF n°96 - Bouillac (82);1116;0;Occitanie;Alliance Forêts bois;19/05/2022;28/09/2023;100.00 %
12232476;Grandes Cultures;SysFarm - Projet Normandie N°7;11783;0;Normandie;SAS SYSFARM;15/10/2022;27/09/2023;0.00 %
12884397;Boisement;CNPF C+for n° 136 Le Pin (Chloé n° 2);907;0;Normandie;Olivier GLEIZES;10/06/2023;27/09/2023;100.00 %
10745074;Reboisement;Fransylva Services - Berrien ;944;0;Bretagne;Fransylva Services ;01/12/2022;27/09/2023;0.00 %
13671877;Grandes Cultures;Carbon&Co - Grand Est n°11;1925;0;Grand Est;"Carbon&amp;Co";26/08/2022;26/09/2023;0.00 %
11414179;Sobac'eco-tmm;STOCK CO2 n°208 - Grand Est (51);857;0;Grand Est;;14/02/2023;26/09/2023;0.00 %
11841159;Reboisement;CNPF C+for n° 132 Andlau (Strasbourg Centre Energies n° 1);1728;0;Grand Est;Olivier GLEIZES;16/03/2023;26/09/2023;100.00 %
11732999;Reboisement;CNPF C+for n° 133 Andlau (Internationaux de Strasbourg n° 2);522;0;Grand Est;Olivier GLEIZES;08/03/2023;26/09/2023;68.00 %
11712124;Reboisement;"C&#43;for n° 116 Réchicourt-le-Château";913;0;Grand Est;Olivier GLEIZES;08/03/2023;26/09/2023;100.00 %
12079036;Reboisement;Alliance Forêts Bois/GCF n°230 - La Teste-de-Buch 4 (33);1452;0;Nouvelle Aquitaine;Alliance Forêts bois;05/04/2023;25/09/2023;100.00 %
11715476;Reboisement;SF²X4C_SaintAmbroise_R1;7822;0;Bourgogne Franche Comté;SOCIETE FORESTIERE;25/04/2022;25/09/2023;0.00 %
13665035;Reboisement;Alliance Forêts Bois/GCF n°292  Belin-Béliet 8 (33);6726;0;Nouvelle Aquitaine;Alliance Forêts bois;10/08/2023;22/09/2023;100.00 %
12341051;Reboisement;Carbonapp n°99 Reboisement Plateau d'Hauteville (01);988;0;Auvergne Rhône Alpes;Carbonapp SAS;26/04/2023;21/09/2023;100.00 %
12852700;Reboisement;Coopératives Forestières/CFBL n°2305 - LUSIGNY SUR OUCHE (21);1367;0;Bourgogne Franche Comté;CFBL Coopérative Forestière;07/06/2023;21/09/2023;0.00 %
12900266;Reboisement;CNPF C+for n° 127 Tour de France 2023 Puy de Sancy (A.S.O. n° 23);1242;0;Auvergne Rhône Alpes;Olivier GLEIZES;12/06/2023;21/09/2023;100.00 %
10565947;Grandes Cultures;STOCK CO2 n° 87 - Centre Val de Loire (18);350;0;Centre Val de Loire;;09/06/2022;19/09/2023;0.00 %
8333915;Reboisement;ICI ON SEME - TROISFONTAINES;1335;0;Grand Est;THE PURE PROJECT;01/04/2022;19/09/2023;0.00 %
11340395;Grandes Cultures;STOCK CO2 n°201 - Centre Val de Loire;9174;0;Centre Val de Loire;;10/10/2022;19/09/2023;70.00 %
9782200;Reboisement;STOCK CO2 n°103 - Centre Val de Loire (45);398;0;Centre Val de Loire;;05/09/2022;19/09/2023;0.00 %
13660290;Grandes Cultures;Carbon&Co - Grand Est n°2;578;0;Grand Est;"Carbon&amp;Co";26/08/2022;12/09/2023;0.00 %
13679954;Grandes Cultures;Carbon&Co - Grand Est n°14;548;0;Grand Est;"Carbon&amp;Co";26/08/2022;12/09/2023;0.00 %
13718833;Grandes Cultures;Carbon&Co - Grand Est n°17;915;0;Grand Est;"Carbon&amp;Co";15/09/2022;12/09/2023;0.00 %
13772821;Boisement;CNPF C+for n° 140 Oulches;990;0;Centre Val de Loire;Olivier GLEIZES;23/08/2023;12/09/2023;100.00 %
13660668;Grandes Cultures;Carbon&Co - Grand Est n°4;1417;0;Grand Est;"Carbon&amp;Co";26/08/2022;12/09/2023;0.00 %
13679848;Grandes Cultures;Carbon&Co - Grand Est n°13;962;0;Grand Est;"Carbon&amp;Co";26/08/2022;12/09/2023;0.00 %
13679728;Grandes Cultures;Carbon&Co - Grand Est n°12;1573;0;Grand Est;"Carbon&amp;Co";26/08/2022;11/09/2023;0.00 %
12089281;Reboisement;STOCK CO2 n°69 - Bourgogne Franche Comté (21);858;0;Bourgogne Franche Comté;;09/02/2022;11/09/2023;0.00 %
13670540;Grandes Cultures;Carbon&Co - Grand Est n°6;548;0;Grand Est;"Carbon&amp;Co";26/08/2022;11/09/2023;0.00 %
11588909;Reboisement;ONF - Reboisement du Haut Folin dép.71 n°1;1744;0;Bourgogne Franche Comté;OFFICE NATIONAL DES FORETS BOURGOGNE FRANCHE COMTE;23/02/2023;11/09/2023;98.00 %
12375393;Reboisement;Restauration de la forêt de Herrenstueck ;1667;0;Grand Est;Le Printemps des Terres S.A.S;28/04/2023;11/09/2023;100.00 %
10629730;Plantation de vergers;Carbonapp n°45 Verger Parisot (81);247;0;Occitanie;Carbonapp SAS;23/11/2022;11/09/2023;0.00 %
11506211;Reboisement;SF²x4C_NocleMaulaix_R1;9571;0;Bourgogne Franche Comté;SOCIETE FORESTIERE;28/06/2021;11/09/2023;0.00 %
10990554;Grandes Cultures;ReSoil n°24;1232;0;Hauts-de-France;ReSoil;29/12/2022;08/09/2023;0.00 %
13424050;Grandes Cultures;Carbon&Co - Grand Est n°1;624;0;Grand Est;"Carbon&amp;Co";26/08/2022;08/09/2023;0.00 %
13660817;Grandes Cultures;Carbon&Co - Grand Est n°5;1147;0;Grand Est;"Carbon&amp;Co";26/08/2022;08/09/2023;0.00 %
10671653;Vergers collectifs;Carbonapp - Dossier Collectif - Vergers n°5;2275;0;Nouvelle Aquitaine;Carbonapp SAS;23/11/2022;07/09/2023;27.00 %
10977100;Plantation de vergers;Carbonapp n°70 Verger Lansargues (34);103;0;Occitanie;Carbonapp SAS;23/11/2022;07/09/2023;0.00 %
99;Reboisement;Pierre Aussedat - Bois des Belges;3370;0;Grand Est;Fransylva Services ;22/09/2020;05/09/2023;90.00 %
12140452;Reboisement;Alliance Forêts Bois/GCF n°232 - Créon d'Armagnac (40);1529;0;Nouvelle Aquitaine;Alliance Forêts bois;11/04/2023;05/09/2023;0.00 %
12199017;Boisement;Atmosylva n°11 - Boisement Saint-Exupéry-les-Roches (19);885;0;Nouvelle Aquitaine;ATMOSYLVA;14/04/2023;04/09/2023;0.00 %
10823720;Plantation de vergers;Carbonapp n°79 Verger Allemans (24);199;0;Nouvelle Aquitaine;Carbonapp SAS;23/11/2022;01/09/2023;0.00 %
10431186;Plantation de vergers;Carbonapp n°36 Verger Saint-Félix-de-Villadeix (24);102;0;Nouvelle Aquitaine;Carbonapp SAS;23/11/2022;01/09/2023;0.00 %
10812021;Plantation de vergers;Carbonapp n°100 Verger Bardenac (16);119;0;Nouvelle Aquitaine;Carbonapp SAS;23/11/2022;01/09/2023;0.00 %
11620411;Reboisement;Alliance Forêts Bois/GCF n°202 - Louchats 3 (33);1030;0;Nouvelle Aquitaine;Alliance Forêts bois;27/02/2023;01/09/2023;100.00 %
10825856;Plantation de vergers;Carbonapp n°77 Verger Lamothe-Montravel (24);124;0;Nouvelle Aquitaine;Carbonapp SAS;23/11/2022;01/09/2023;100.00 %
11236321;Plantation de vergers;Carbonapp n°74 Verger Samadet (40);90;0;Nouvelle Aquitaine;Carbonapp SAS;23/11/2022;01/09/2023;0.00 %
10823661;Plantation de vergers;Carbonapp n°83 Verger Pays de Belvès (24);39;0;Nouvelle Aquitaine;Carbonapp SAS;23/11/2022;01/09/2023;100.00 %
10629685;Plantation de vergers;Carbonapp n°44 Verger La Celle-Guenand (37);308;0;Centre Val de Loire;Carbonapp SAS;23/11/2022;01/09/2023;0.00 %
10108539;Plantation de vergers;Carbonapp n°88 Verger Beaumontois en Périgord (24);169;0;Nouvelle Aquitaine;Carbonapp SAS;23/11/2022;01/09/2023;0.00 %
11686669;Plantation de vergers;Carbonapp n°85 Verger Corseul (22);207;0;Bretagne;Carbonapp SAS;23/11/2022;01/09/2023;0.00 %
11606171;Reboisement;Alliance Forêts Bois/GCF n°194 - Hostens 5 (33);14578;0;Nouvelle Aquitaine;Alliance Forêts bois;24/02/2023;01/09/2023;100.00 %
10913119;Plantation de vergers;Carbonapp n°66 Verger Varès (47);219;0;Nouvelle Aquitaine;Carbonapp SAS;23/11/2022;01/09/2023;0.00 %
10823503;Plantation de vergers;Carbonapp n°91 Verger Saint-Julien-Maumont (19);29;0;Nouvelle Aquitaine;Carbonapp SAS;23/11/2022;01/09/2023;0.00 %
10823885;Plantation de vergers;Carbonapp n°72 Verger Daglan (24);105;0;Nouvelle Aquitaine;Carbonapp SAS;23/11/2022;01/09/2023;0.00 %
11104046;Plantation de vergers;Carbonapp n°78 Verger Pressignac-Vicq (24);131;0;Nouvelle Aquitaine;Carbonapp SAS;23/11/2022;01/09/2023;0.00 %
13730085;Boisement;Alliance Forêts Bois/GCF n°261 - Chalais (16);2546;0;Nouvelle Aquitaine;Alliance Forêts bois;18/08/2023;30/08/2023;0.00 %
11497583;Reboisement;Reforest'Action - Massif de la Garde (71);1168;0;Bourgogne Franche Comté;REFOREST'ACTION;14/02/2023;29/08/2023;100.00 %
11872912;Boisement;Carbonapp n°87 Boisement Mouron-sur-Yonne 2 (58);8257;0;Bourgogne Franche Comté;Carbonapp SAS;20/03/2023;29/08/2023;98.00 %
11739455;Reboisement;CNPF C+for n° 113 Saint-Ulrich (Bubendorff n° 2);325;0;Grand Est;Olivier GLEIZES;08/03/2023;28/08/2023;100.00 %
11911097;Reboisement;SF²X4C_Praslin_R1;13534;0;Grand Est;SOCIETE FORESTIERE;28/06/2021;28/08/2023;82.00 %
11336902;Boisement;CNPF C+for n°151 Sauveterre-de-Guyenne (Teréga n° 1);909;0;Nouvelle Aquitaine;Océane Cornu;31/01/2023;25/08/2023;100.00 %
11533084;Boisement;Alliance Forêts Bois/GCF n°177 - Saint Sulpice de Faleyrens 2 (33);3713;0;Nouvelle Aquitaine;Alliance Forêts bois;17/02/2023;25/08/2023;0.00 %
11456105;Reboisement;Alliance Forêts Bois/GCF n°174 - Louchats (33);959;0;Nouvelle Aquitaine;Alliance Forêts bois;10/02/2023;24/08/2023;100.00 %
12512356;Reboisement;CNPF C+for n° 123 Tour de France 2023 Landiras (A.S.O. n° 19);985;0;Nouvelle Aquitaine;Océane Cornu;11/05/2023;24/08/2023;100.00 %
11595143;Boisement;Alliance Forêts Bois/GCF n°187 - Monget 2 (40);309;0;Nouvelle Aquitaine;Alliance Forêts bois;23/02/2023;24/08/2023;0.00 %
12549938;Boisement;Alliance Forêts Bois/GCF n°240 - Carcares sainte Croix (40);168;0;Nouvelle Aquitaine;Alliance Forêts bois;15/05/2023;24/08/2023;0.00 %
11606211;Reboisement;Alliance Forêts Bois/GCF n°195 - Hostens 6 (33);1004;0;Nouvelle Aquitaine;Alliance Forêts bois;24/02/2023;24/08/2023;100.00 %
12457037;Reboisement;Alliance Forêts Bois/GCF n°237 - La Roche-Chalais (24);1283;0;Nouvelle Aquitaine;Alliance Forêts bois;05/05/2023;24/08/2023;0.00 %
11603160;Reboisement;Atmosylva n°9 - Reboisement Pringy (77);1768;0;Ile de France;ATMOSYLVA;15/03/2023;23/08/2023;7.38 %
11493813;Reboisement;ONF-REBOISEMENT-FC BELLEVILLE-1;576;0;Auvergne Rhône Alpes;Office National des forêts;14/02/2023;22/08/2023;100.00 %
11496128;Reboisement;ONF-REBOISEMENT-LES ALLUES-1;515;0;Auvergne Rhône Alpes;Office National des forêts;14/02/2023;22/08/2023;100.00 %
12703364;Reboisement;SOCIETE FORESTIERE GROUPAMA x STOCK CO2 - Forêt de l'Etoile;6091;0;Grand Est;;19/11/2021;10/08/2023;0.00 %
11414085;Sobac'eco-tmm;STOCK CO2 n°205 - Grand Est (57);869;0;Grand Est;;14/02/2023;10/08/2023;79.98 %
9790448;Reboisement;Bouquet FD Moselle (57) - Saison 2022-2023;6881;0;Grand Est;Office National des Forêts;06/09/2022;10/08/2023;31.21 %
12812520;Boisement;Carbonapp n°107 Boisement Imbleville (76);1488;0;Normandie;Carbonapp SAS;05/06/2023;09/08/2023;100.00 %
10683585;Reboisement;STOCK CO2 n°187 - Normandie (61);1484;0;Normandie;;24/11/2022;09/08/2023;0.00 %
10658753;Reboisement;SF²X4C_Parc du Bouchet_R1;1727;0;Centre Val de Loire;SOCIETE FORESTIERE;22/11/2022;08/08/2023;88.25 %
12457098;Reboisement;Alliance Forêts Bois/GCF n°238 - La Roche-Chalais 2 (24);1039;0;Nouvelle Aquitaine;Alliance Forêts bois;05/05/2023;08/08/2023;0.00 %
11259070;Boisement;CNPF C+for n°130 Arveyres (Le Tour de France n°X);773;0;Nouvelle Aquitaine;Océane Cornu;24/01/2023;08/08/2023;100.00 %
11594773;Boisement;Alliance Forêts Bois/GCF n°186 - Monget (40);275;0;Nouvelle Aquitaine;Alliance Forêts bois;23/02/2023;08/08/2023;0.00 %
10682566;Boisement;CNPF C+for n°x Coirac (ENGIE Solutions n°X);467;0;Nouvelle Aquitaine;Océane Cornu;24/11/2022;08/08/2023;100.00 %
11854875;Boisement;Alliance Forêts Bois/GCF n°207 - Pontenx-les-Forges (40);471;0;Nouvelle Aquitaine;Alliance Forêts bois;17/03/2023;08/08/2023;100.00 %
12764450;Boisement;Carbonapp n°106 Boisement Eyrein (19);2329;0;Nouvelle Aquitaine;Carbonapp SAS;01/06/2023;08/08/2023;100.00 %
11767083;Boisement;CNPF C+for n° 121 Tour de France 2023 Chalosse (A.S.O. n° 17);400;0;Nouvelle Aquitaine;Olivier GLEIZES;26/04/2023;08/08/2023;100.00 %
10900741;Reboisement;MaForêt #44 Peyrat-le-Château (87);2069;0;Nouvelle Aquitaine;Actiforest;16/12/2022;08/08/2023;100.00 %
10886377;Balivage;Balivage de Drúadan;687;236;Centre Val de Loire;Kloros;21/12/2022;08/08/2023;0.00 %
11096743;Reboisement;Alliance Forêts Bois/GCF n°165 - Hostens 4 (33);9391;0;Nouvelle Aquitaine;Alliance Forêts bois;10/01/2023;08/08/2023;0.00 %
11406990;Reboisement;Alliance Forêts Bois/GCF n°170 - La Teste-de-Buch 2 (33);5553;0;Nouvelle Aquitaine;Alliance Forêts bois;06/02/2023;08/08/2023;100.00 %
11605994;Reboisement;Alliance Forêts Bois/GCF n°191 - Saint-Magne 4 (33);1166;0;Nouvelle Aquitaine;Alliance Forêts bois;24/02/2023;08/08/2023;100.00 %
10886352;Boisement;Alliance Forêts Bois/GCF n°155 - Berthez (33);428;0;Nouvelle Aquitaine;Alliance Forêts bois;15/12/2022;07/08/2023;0.00 %
11600112;Boisement;Alliance Forêts Bois/GCF n°190 - Montsoué (40);968;0;Nouvelle Aquitaine;Alliance Forêts bois;24/02/2023;07/08/2023;0.00 %
10244525;Grandes Cultures;ReSoil n°7;2044;0;Hauts-de-France;ReSoil;14/10/2022;04/08/2023;0.00 %
12407519;Grandes Cultures;SysFarm - Projet Hauts de France N°12;201;0;Hauts-de-France;SAS SYSFARM;12/10/2022;04/08/2023;100.00 %
182;Boisement;Forêt Domaniale de la MEOUGE-LBC 2021;1506;0;PACA;EPIC Office National des Forêts (ONF);18/03/2021;02/08/2023;100.00 %
10680632;Reboisement;ONF - reboisement en forêt domaniale de Saint-Michel;3122;0;Hauts-de-France;Léa BOURLHONNE;24/11/2022;01/08/2023;90.00 %
8800930;Boisement;Louvaines - Fransylva Services;2021;0;Pays de la Loire;Fransylva Services ;07/02/2022;01/08/2023;0.00 %
10469418;Boisement;Nozay - Fransylva Services ;3979;0;Pays de la Loire;Fransylva Services ;02/11/2022;01/08/2023;100.00 %
13354911;Boisement;Poiroux;2585;0;Pays de la Loire;Fransylva Services ;12/07/2023;31/07/2023;0.00 %
8212121;Boisement;STOCK CO2 n°79 - Pays de la Loire (72);925;0;Pays de la Loire;;01/07/2022;31/07/2023;0.00 %
11933859;Boisement;Alliance Forêts Bois/GCF n°214 - Vernantes (49);2342;0;Pays de la Loire;Alliance Forêts bois;24/03/2023;31/07/2023;0.00 %
12948620;Reboisement;Bois de la Blotière;3239;0;Pays de la Loire;SELARL CABINET LORNE;14/06/2023;31/07/2023;0.00 %
11276860;Plantation de vergers;Carbonapp n°76 Verger Arles (13);54;0;PACA;Carbonapp SAS;23/11/2022;31/07/2023;100.00 %
12941173;Boisement;Carbonapp n°108 Boisement Riaillé (44);3699;0;Pays de la Loire;Carbonapp SAS;14/06/2023;31/07/2023;100.00 %
11959960;Boisement;STOCK CO2 n°238 - Pays de la Loire (49);1408;0;Pays de la Loire;;27/03/2023;31/07/2023;0.71 %
13294643;Boisement;STOCK CO2 n°277 - Pays de la Loire (49);896;0;Pays de la Loire;;07/07/2023;31/07/2023;0.00 %
10765581;Plantation de vergers;AMANDES DE LA RENJARDIERE;7482;0;PACA;CO2RESPONSABLES;15/02/2021;28/07/2023;10.00 %
10244964;Grandes Cultures;ReSoil n°40;5717;0;Bourgogne Franche Comté;ReSoil;14/10/2022;28/07/2023;100.00 %
433;Boisement;Pierre Aussedat – Projet de Vacquerie (62) ;2849;0;Hauts-de-France;Pierre Aussedat SARL;24/01/2022;27/07/2023;100.00 %
12314771;Reboisement;STOCK CO2 n°74 - Bourgogne Franche Comté (58);758;0;Bourgogne Franche Comté;;14/02/2022;27/07/2023;0.00 %
11158337;Reboisement;SF²X4C-Frasse-R1;15152;0;Bourgogne Franche Comté;SOCIETE FORESTIERE;16/01/2023;27/07/2023;0.00 %
11406872;Boisement;CNPF C+for n° 119 Tour de France femmes 2023 Montirat (A.S.O. n° 15);782;0;Occitanie;Olivier GLEIZES;06/02/2023;25/07/2023;100.00 %
11627312;Boisement;CNPF C+for n° 117 Grand Départ Clermont (A.S.O. n° 13);330;0;Auvergne Rhône Alpes;Olivier GLEIZES;27/02/2023;20/07/2023;100.00 %
11192697;Reboisement;SF²X4C - Hermont;3444;0;Grand Est;SOCIETE FORESTIERE;25/04/2022;19/07/2023;90.00 %
10517369;Reboisement;MaForêt #43 - Escoutoux (63300);1166;0;Auvergne Rhône Alpes;Actiforest;10/11/2022;19/07/2023;100.00 %
10683905;Reboisement;Coopératives Forestières/CFBL n°2204 - MORNAY (71) - Tempête;2241;0;Bourgogne Franche Comté;CFBL Coopérative Forestière;24/11/2022;18/07/2023;0.00 %
10109130;Reboisement;Coopératives Forestières/CFBL n°2205 - THIL SUR ARROUX (71);436;0;Bourgogne Franche Comté;CFBL Coopérative Forestière;21/12/2022;18/07/2023;0.00 %
11057123;Reboisement;Coopératives Forestières/CFBL n°2301 - CUSSY EN MORVAN (71);248;0;Bourgogne Franche Comté;CFBL Coopérative Forestière;05/01/2023;18/07/2023;0.00 %
11929787;Boisement;Alliance Forêts Bois/GCF n°213 - Lassales (65);513;0;Occitanie;Alliance Forêts bois;24/03/2023;18/07/2023;0.00 %
11827136;Reboisement;CNPF C+for n° 103 Velesmes-Echevanne (La Poste n° 25);1255;0;Bourgogne Franche Comté;Olivier GLEIZES;15/03/2023;18/07/2023;100.00 %
10683844;Reboisement;Coopératives Forestières/CFBL n°2203 - MORNAY (71) - Sapin;639;0;Bourgogne Franche Comté;CFBL Coopérative Forestière;24/11/2022;18/07/2023;0.00 %
11063577;Reboisement;ONF - FC MAGLAND N°2;2317;0;Auvergne Rhône Alpes;Office National des forêts;06/01/2023;17/07/2023;100.00 %
12752875;Grandes Cultures;Ocealia_Lot_1_Sept_2022_GC;2034;0;Nouvelle Aquitaine;Oklima;16/06/2022;13/07/2023;0.00 %
12568894;Reboisement;Carbonapp n°104 Reboisement M. Belin-Béliet 3 (33);2682;0;Nouvelle Aquitaine;Carbonapp SAS;16/05/2023;13/07/2023;100.00 %
9552564;Plantation de vergers;Verger du Domaine Saint-Georges;2434;0;PACA;SCEA du Domaine Saint Georges;08/08/2022;13/07/2023;0.00 %
12041881;Reboisement;Alliance Forêts Bois/GCF n°225 - Balizac (33);859;0;Nouvelle Aquitaine;Alliance Forêts bois;03/04/2023;13/07/2023;100.00 %
12450563;Reboisement;Alliance Forêts Bois/GCF n°235 - La Teste de Buch 6 (33);1640;0;Nouvelle Aquitaine;Alliance Forêts bois;05/05/2023;13/07/2023;0.00 %
10702469;Reboisement;Alliance Forêts Bois/GCF n°144 - Saint Germain du Salembre (24);1218;0;Nouvelle Aquitaine;Alliance Forêts bois;28/11/2022;13/07/2023;0.00 %
11934593;Reboisement;Alliance Forêts Bois/GCF n°218 - La Teste-de-Buch 3 (33);1704;0;Nouvelle Aquitaine;Alliance Forêts bois;24/03/2023;13/07/2023;100.00 %
8885533;Boisement;Alliance Forêts Bois/GCF n°104 - Castets et Castillon (33);723;0;Nouvelle Aquitaine;Alliance Forêts bois;25/05/2022;13/07/2023;0.00 %
12568797;Reboisement;Carbonapp n°103 Reboisement F. Belin-Béliet 2 (33);815;0;Nouvelle Aquitaine;Carbonapp SAS;16/05/2023;13/07/2023;100.00 %
10702540;Reboisement;Alliance Forêts Bois/GCF n°145 - Saint Medard d'Excideuil (24);743;0;Nouvelle Aquitaine;Alliance Forêts bois;28/11/2022;13/07/2023;0.00 %
8885756;Reboisement;Alliance Forêts Bois/GCF n°107 - Auros 2 (33);640;0;Nouvelle Aquitaine;Alliance Forêts bois;25/05/2022;13/07/2023;0.00 %
9235474;Reboisement;Projet FC du Lavandou ;1147;0;PACA;EPIC;14/10/2022;13/07/2023;0.00 %
12086815;Reboisement;Alliance Forêts Bois/GCF n°231 - La Teste-de-Buch 5 (33);2779;0;Nouvelle Aquitaine;Alliance Forêts bois;05/04/2023;13/07/2023;100.00 %
11934339;Reboisement;SF²x4C_Nezer_R1;11139;0;Nouvelle Aquitaine;SOCIETE FORESTIERE;15/03/2021;13/07/2023;88.00 %
11428893;Boisement;Atmosylva n°8 Boisement Mant (40);1416;0;Nouvelle Aquitaine;ATMOSYLVA;08/02/2023;13/07/2023;0.00 %
9789868;Reboisement;Bouquet FD Meuse (55) - Saison 2022-2023;860;0;Grand Est;Office National des Forêts;06/09/2022;12/07/2023;0.00 %
12870958;Boisement;"CNPF C&#43;for n° 108 Vimarcé (CDC n° 3)";4341;0;Pays de la Loire;Olivier GLEIZES;08/06/2023;10/07/2023;100.00 %
8885811;Boisement;Alliance Forêts Bois/GCF n°108 - Uzeste (33);1242;0;Nouvelle Aquitaine;Alliance Forêts bois;25/05/2022;10/07/2023;100.00 %
12302296;Reboisement;SF²x4C_Yez_R1;7106;0;Occitanie;SOCIETE FORESTIERE;11/12/2020;10/07/2023;89.99 %
8885896;Boisement;Alliance Forêts Bois/GCF n°109 - Cudos (33);368;0;Nouvelle Aquitaine;Alliance Forêts bois;25/05/2022;10/07/2023;0.00 %
12550350;Reboisement;Alliance Forêts Bois/GCF n°243 - Lucbardez (40);389;0;Nouvelle Aquitaine;Alliance Forêts bois;15/05/2023;10/07/2023;100.00 %
11919773;Boisement;SF²X4C_Nousilliere;10797;10558;Pays de la Loire;SOCIETE FORESTIERE;23/10/2019;10/07/2023;85.00 %
9093715;Boisement;Alliance Forêts Bois/GCF n°111 - Aurice (40);644;0;Nouvelle Aquitaine;Alliance Forêts bois;17/06/2022;10/07/2023;0.00 %
10887348;Reboisement;Alliance Forêts Bois/GCF n°160 - Saumos (33);1026;0;Nouvelle Aquitaine;Alliance Forêts bois;15/12/2022;10/07/2023;0.00 %
10648083;Haies;Les haies de La Touche-Gohier;289;0;Pays de la Loire;Le Printemps des Terres S.A.S;28/07/2022;06/07/2023;92.20 %
11133481;Boisement;ONF-Boisement-FC CHAMPAGNY EN VANOISE;248;0;Auvergne Rhône Alpes;Office National des forêts;12/01/2023;06/07/2023;100.00 %
13032260;Boisement;CNPF C+for n° 138 Loiron-Ruillé (MTECT n° 2);2632;0;Pays de la Loire;Olivier GLEIZES;20/06/2023;06/07/2023;100.00 %
11145211;Reboisement;ONF-REBOISEMENT-FC SAMOENS-1;975;0;Auvergne Rhône Alpes;Office National des forêts;13/01/2023;06/07/2023;100.00 %
11354776;Boisement;STOCK CO2 n°73 - Pays de la Loire (85);545;0;Pays de la Loire;;09/02/2022;06/07/2023;0.00 %
11511371;Boisement;CNPF C+for n° 104 Saint-Léger-de-Linières (La Poste n° 26);496;0;Pays de la Loire;Olivier GLEIZES;15/02/2023;06/07/2023;100.00 %
9789874;Reboisement;Bouquet FD Marne (51) - Saison 2022-2023;5125;0;Grand Est;Office National des Forêts;06/09/2022;04/07/2023;0.00 %
11198510;Boisement;SF²X4C_Troisvaux_B;931;0;Hauts-de-France;SOCIETE FORESTIERE;18/01/2023;04/07/2023;90.00 %
10412143;Boisement;Atmosylva n°7 - Boisement Val-Couesnon (35);835;0;Bretagne;ATMOSYLVA;28/12/2022;30/06/2023;0.00 %
11382893;Sobac'eco-tmm;STOCK CO2 n°203 - Bourgogne-Franche-Comté (71);906;0;Bourgogne Franche Comté;;03/02/2023;29/06/2023;32.33 %
12568424;Reboisement;Carbonapp n°102 Reboisement R. Belin-Béliet 1 (33);1125;0;Nouvelle Aquitaine;Carbonapp SAS;16/05/2023;29/06/2023;1.00 %
12568969;Reboisement;Carbonapp n°105 Reboisement T. Belin-Béliet 4 (33);504;0;Nouvelle Aquitaine;Carbonapp SAS;16/05/2023;29/06/2023;100.00 %
10497707;Boisement;STOCK CO2 n°72 - Auvergne Rhône Alpes (26);3064;0;Auvergne Rhône Alpes;;09/02/2022;27/06/2023;79.99 %
11193555;Boisement;ONF-Boisement en forêt communale de l'Argentière la Bessée;261;0;PACA;OFFICE NATIONAL DES FORETS;03/02/2023;26/06/2023;100.00 %
11380711;Boisement;ONF-Boisement en forêt communale de Ceillac;524;0;PACA;OFFICE NATIONAL DES FORETS;21/03/2023;26/06/2023;100.00 %
10676573;Reboisement;ONF - Reboisement FD Retz;3427;0;Hauts-de-France;Léa BOURLHONNE;24/11/2022;26/06/2023;13.17 %
11184715;Reboisement;ONF - Bouquet reboisement en forêts domaniales de Picardie;3334;0;Hauts-de-France;Léa BOURLHONNE;01/02/2020;26/06/2023;18.00 %
10156892;Grandes Cultures;Du Carbone Au Cœur des Sols 2023/2027;309174;0;Bourgogne Franche Comté;AU COEUR DES SOLS;16/09/2022;26/06/2023;1.61 %
10943610;Reboisement;SF²X4C_BOENE NEUY_R1;3909;0;Grand Est;SOCIETE FORESTIERE;22/12/2022;23/06/2023;0.00 %
11455575;Boisement;Alliance Forêts Bois/GCF n°171 - Celles (24);348;0;Nouvelle Aquitaine;Alliance Forêts bois;10/02/2023;20/06/2023;0.00 %
11406666;Boisement;Alliance Forêts Bois/GCF n°168 - Morcenx la Nouvelle (40);354;0;Nouvelle Aquitaine;Alliance Forêts bois;06/02/2023;20/06/2023;0.00 %
10881791;Boisement;Boisement de Drúadan;2340;0;Centre Val de Loire;Kloros;20/12/2022;14/06/2023;22.50 %
10241527;Grandes Cultures;ReSoil n°5;2786;0;Ile de France;ReSoil;14/10/2022;12/06/2023;0.00 %
10900086;Boisement;SF²X4C_Bizou;1964;0;Normandie;SOCIETE FORESTIERE;16/12/2022;12/06/2023;90.00 %
11580349;Boisement;Alliance Forêts Bois/GCF n° 179 - Amou 2 (40);309;0;Nouvelle Aquitaine;Alliance Forêts bois;22/02/2023;12/06/2023;0.00 %
9896760;Boisement;MaForêt #4 Navailles-Angos (64);185;0;Nouvelle Aquitaine;Actiforest;20/10/2021;12/06/2023;100.00 %
11590038;Boisement;Alliance Forêts Bois/GCF n°183 - Brassempouy (40);1002;0;Nouvelle Aquitaine;Alliance Forêts bois;23/02/2023;12/06/2023;0.00 %
8885427;Boisement;Alliance Forêts Bois/GCF n°103 - Blond (87);808;0;Nouvelle Aquitaine;Alliance Forêts bois;25/05/2022;12/06/2023;100.00 %
10206077;Reboisement;Alliance Forêts Bois/GCF n°139 - Bourriot Bergonce (40);1944;0;Nouvelle Aquitaine;Alliance Forêts bois;12/10/2022;12/06/2023;0.00 %
11581636;Boisement;Alliance Forêts Bois/GCF n°180 - Amou 3 (40);302;0;Nouvelle Aquitaine;Alliance Forêts bois;22/02/2023;12/06/2023;0.00 %
8885702;Reboisement;Alliance Forêts Bois/GCF n°106 - Auros (33);881;0;Nouvelle Aquitaine;Alliance Forêts bois;25/05/2022;12/06/2023;100.00 %
10240645;Grandes Cultures;ReSoil n°3 - Lucenay-le-duc (21) - BORNOT;826;0;Bourgogne Franche Comté;ReSoil;14/10/2022;12/06/2023;88.35 %
10189200;Reboisement;Alliance Forêts Bois/GCF n°135 - Ychoux (40);2722;0;Nouvelle Aquitaine;Alliance Forêts bois;11/10/2022;12/06/2023;100.00 %
8026930;Boisement;CNPF C+for n° 57 G7 Biarritz Hergarai n° 3 (La Poste n° 22);3517;0;Nouvelle Aquitaine;Gilen Igoa Olhagaray;12/08/2021;12/06/2023;0.00 %
11758317;Reboisement;CNPF C+for n° 120 Tour de France 2023 Grand départ Pays Basque Urrugne (A.S.O. n° 16);248;0;Nouvelle Aquitaine;Olivier GLEIZES;24/03/2023;12/06/2023;100.00 %
11644150;Boisement;Alliance Forêts Bois/GCF n°203 - Fargues (40);921;0;Nouvelle Aquitaine;Alliance Forêts bois;28/02/2023;12/06/2023;0.00 %
11347172;Grandes Cultures;Coopérative Carbone - Grandes cultures N°1 - Collectif agricole N-A - LTPLC;7798;0;Nouvelle Aquitaine;COOPERATIVE CARBONE;29/07/2022;12/06/2023;0.59 %
10145935;Boisement;BOISEMENT ANCIENNES TERRES AGRICOLES _ ESCALANS (40);2948;0;Nouvelle Aquitaine;SASU SOCOGEF;07/10/2022;12/06/2023;100.00 %
10677082;Boisement;C+for n° 92 Mérignac (Bordeaux Métropole Energies n° 1);273;0;Nouvelle Aquitaine;Océane Cornu;01/12/2022;12/06/2023;100.00 %
11806202;CarbonAgri;STOCK CO2 n°237 - Bretagne (22);548;0;Bretagne;;14/03/2023;31/05/2023;36.12 %
11236940;CarbonAgri;STOCK CO2 n° 195 - Pays de la Loire;5265;0;Pays de la Loire;;23/01/2023;30/05/2023;0.00 %
10205703;Boisement;Alliance Forêts Bois/GCF n°138 - Durtal (49);931;0;Pays de la Loire;Alliance Forêts bois;12/10/2022;30/05/2023;100.00 %
10221181;Boisement;STOCK CO2 n°123 - Pays de la Loire (49);3936;0;Pays de la Loire;;13/10/2022;30/05/2023;0.00 %
10702235;Boisement;Alliance Forêts Bois/GCF n°141 - Mansigné (72);265;0;Pays de la Loire;Alliance Forêts bois;28/11/2022;30/05/2023;0.00 %
9857467;Grandes Cultures;Cavac_Lot 1_Sept 2022_GC;2795;0;Nouvelle Aquitaine;"Carbon&amp;Co";01/04/2022;26/05/2023;28.00 %
11567331;Boisement;Alliance Forêts Bois/GCF n°178 - Amou (40);684;0;Nouvelle Aquitaine;Alliance Forêts bois;22/02/2023;26/05/2023;100.00 %
10942778;Reboisement;Essart de Morteau;3587;0;Grand Est;SOCIETE FORESTIERE;22/12/2022;24/05/2023;91.00 %
10915504;Reboisement;SF²X4C_MAREILLES_R1;5854;0;Grand Est;SOCIETE FORESTIERE;19/12/2022;24/05/2023;90.00 %
9911392;Boisement;Carbonapp n°23 Boisement Mouron-sur-Yonne (58);3970;0;Bourgogne Franche Comté;Carbonapp SAS;16/09/2022;24/05/2023;100.00 %
11270024;Reboisement;Coopératives Forestières/CFBL n°2302 - ROUSSILLON EN MORVAN (71);318;0;Bourgogne Franche Comté;CFBL Coopérative Forestière;25/01/2023;23/05/2023;0.00 %
10990510;Grandes Cultures;ReSoil n°23 - May-en-Multien (77);2444;0;Ile de France;ReSoil;29/12/2022;22/05/2023;9.01 %
10245688;Grandes Cultures;ReSoil n°12;4168;0;Ile de France;ReSoil;14/10/2022;22/05/2023;0.00 %
10989958;Grandes Cultures;ReSoil n°19 - Saint-Soupplets (77);1442;0;Ile de France;ReSoil;29/12/2022;22/05/2023;5.55 %
10245434;Grandes Cultures;ReSoil n°11;2698;0;Ile de France;ReSoil;14/10/2022;17/05/2023;0.00 %
10245225;Grandes Cultures;ReSoil n°10;1939;0;Ile de France;ReSoil;14/10/2022;17/05/2023;18.37 %
9024097;Boisement;SF²X4C_Maubuisson_B1;13698;0;Ile de France;SOCIETE FORESTIERE;09/06/2022;15/05/2023;59.22 %
8937285;Reboisement;Forêt domaniale de Montmorency;7523;0;Ile de France;Léa BOURLHONNE;23/09/2021;15/05/2023;2.00 %
11619876;Reboisement;Alliance Forêts Bois/GCF n°200 - Landiras (33);443;0;Nouvelle Aquitaine;Alliance Forêts bois;27/02/2023;15/05/2023;100.00 %
10702307;Reboisement;Alliance Forêts Bois/GCF n°142 - Saint-Magne 2 (33);1883;0;Nouvelle Aquitaine;Alliance Forêts bois;28/11/2022;15/05/2023;0.00 %
10155355;Reboisement;Forêt Domaniale d'Armagnac 1;1024;0;Occitanie;EPIC;13/01/2022;12/05/2023;0.00 %
11277745;Reboisement;SF²X4C_Pierre Bois_R1;5341;0;Bourgogne Franche Comté;SOCIETE FORESTIERE;26/01/2023;11/05/2023;90.01 %
11686851;Reboisement;SF²X4C_ANNOUX_R1;1696;0;Bourgogne Franche Comté;SOCIETE FORESTIERE;25/04/2022;11/05/2023;0.00 %
9125660;Reboisement;Alliance Forêts Bois/GCF n°113 - Salvagnac (81);974;0;Occitanie;Alliance Forêts bois;21/06/2022;11/05/2023;100.00 %
11690415;Reboisement;SF²X4C_CHARLET_R2;4926;0;Bourgogne Franche Comté;SOCIETE FORESTIERE;03/03/2023;11/05/2023;0.00 %
10168118;Grandes Cultures;Projet SCEA La bergerie;667;0;Centre Val de Loire;BASF FRANCE SAS Division Agro;30/08/2022;10/05/2023;0.00 %
10763457;Boisement;Connangles-01;420;0;Auvergne Rhône Alpes;COMPENSE CARBONE;16/01/2023;10/05/2023;5.30 %
11098925;Grandes Cultures;SysFarm - Projet Centre Val de Loire N°1;1524;0;Centre Val de Loire;SAS SYSFARM;30/09/2022;09/05/2023;0.00 %
10895648;Grandes Cultures;SysFarm - Projet Centre Val de Loire N°2;873;0;Centre Val de Loire;SAS SYSFARM;12/10/2022;09/05/2023;0.00 %
9218683;Boisement;Alliance Forêts Bois/GCF n°116 - Sarbazan (40);1315;0;Nouvelle Aquitaine;Alliance Forêts bois;30/06/2022;09/05/2023;0.00 %
11602907;Reboisement;Carbonapp n°82 Reboisement Clairmarais (62);1607;0;Hauts-de-France;Carbonapp SAS;24/02/2023;05/05/2023;100.00 %
10990254;Grandes Cultures;ReSoil n°21;1635;0;Hauts-de-France;ReSoil;29/12/2022;05/05/2023;0.00 %
10545525;Reboisement;Coopératives Forestières/CFBL n°2201 - LA TOUR D'AUVERGNE (63) D'AINVAL;1223;0;Auvergne Rhône Alpes;CFBL Coopérative Forestière;09/11/2022;05/05/2023;100.00 %
10893839;Boisement;Reforest'Action - L'Épinière Château (18);1527;0;Centre Val de Loire;REFOREST'ACTION;16/12/2022;05/05/2023;93.44 %
11517555;Reboisement;MaForêt #47 Chaumeil (19);1097;0;Nouvelle Aquitaine;Actiforest;17/02/2023;04/05/2023;100.00 %
11088186;Reboisement;STOCK CO2 n°193 - Nouvelle Aquitaine (40);5881;0;Nouvelle Aquitaine;;09/01/2023;04/05/2023;0.00 %
9791704;Reboisement;Bouquet FD Ardennes (08) - Saison 2022-2023;6229;0;Grand Est;Office National des Forêts;06/09/2022;02/05/2023;0.00 %
11290089;Grandes Cultures;SCEA DU SAPIN / SCEA RIAUX / SCEA SKULY (SysFarm Normandie N°3);5219;0;Normandie;SAS SYSFARM;14/10/2022;02/05/2023;0.00 %
11414209;Sobac'eco-tmm;STOCK CO2 n°211 - Grand Est (57);1666;0;Grand Est;;14/02/2023;02/05/2023;69.98 %
10484522;Reboisement;SF²X4C_Les Forges_R1;1589;0;Grand Est;SOCIETE FORESTIERE;21/09/2021;02/05/2023;100.00 %
11416225;Sobac'eco-tmm;STOCK CO2 n°224 - Grand Est (10);580;0;Grand Est;;14/02/2023;02/05/2023;0.00 %
11395841;Reboisement;SF²X4C_CHARLET_R1;3204;0;Bourgogne Franche Comté;SOCIETE FORESTIERE;25/04/2022;28/04/2023;0.00 %
10949899;Reboisement;SF²X4C_ Mauboux_R1 ;10734;0;Bourgogne Franche Comté;SOCIETE FORESTIERE;12/03/2021;28/04/2023;0.00 %
10990323;Grandes Cultures;ReSoil n°4;5514;0;Hauts-de-France;ReSoil;14/10/2022;27/04/2023;0.02 %
10327625;Boisement;MaForêt #5 Peyre-en-Aubrac (48);943;0;Occitanie;Actiforest;16/12/2022;21/04/2023;59.91 %
8221457;Boisement;ONF - Boisement en Forêt Domaniale des Monts d’Orb n°1;1478;0;Occitanie;Office National des Forêts;23/02/2022;21/04/2023;0.00 %
9723949;Boisement;Alliance Forêts Bois/GCF n°128 - Pescadoires (46);669;0;Occitanie;Alliance Forêts bois;31/08/2022;21/04/2023;100.00 %
10546290;Reboisement;Coopératives Forestières/CFBL n°2202 - LA TOUR D'AUVERGNE (63) RANDOL;623;0;Auvergne Rhône Alpes;CFBL Coopérative Forestière;09/11/2022;19/04/2023;100.00 %
11396226;CarbonAgri;BIOCARBONE 1;3660;0;Pays de la Loire;Carbone Farmers;22/02/2023;17/04/2023;40.00 %
8868525;Boisement;Miré - Fransylva Services ;1225;0;Pays de la Loire;Fransylva Services ;07/02/2022;17/04/2023;100.00 %
10117211;Haies;Carbocage 2022;1313;0;Pays de la Loire;Solenat;20/12/2021;17/04/2023;82.10 %
10244820;Grandes Cultures;ReSoil n°8;1693;0;Bourgogne Franche Comté;ReSoil;14/10/2022;14/04/2023;88.00 %
10915356;Reboisement;SF²X4C_Hautes Vignelles_R1;886;0;Hauts-de-France;SOCIETE FORESTIERE;21/10/2021;14/04/2023;90.00 %
10979982;Reboisement;Alliance Forêts Bois/GCF n°86 - Beylongue (40);1633;0;Nouvelle Aquitaine;Alliance Forêts bois;14/03/2022;14/04/2023;0.00 %
10240320;Grandes Cultures;ReSoil n°2 - Flacy (89) - Rigaux;1242;0;Bourgogne Franche Comté;ReSoil;14/10/2022;14/04/2023;100.00 %
10889054;Reboisement;SF²X4C_SaintAndré_R1;3812;0;Bourgogne Franche Comté;SOCIETE FORESTIERE;12/03/2021;14/04/2023;0.00 %
10664837;Reboisement;CNPF C+for n° 110 Saint-Martin-de-Commune (DIM n° 7);3123;0;Bourgogne Franche Comté;Olivier GLEIZES;12/12/2022;14/04/2023;100.00 %
10546514;Plantation de vergers;STOCK CO2 n°182 - Hauts de France (60);340;0;Hauts-de-France;;09/11/2022;14/04/2023;80.00 %
10986841;Grandes Cultures;ReSoil n°14 - Sacquenay;1438;0;Bourgogne Franche Comté;ReSoil;28/12/2022;14/04/2023;100.00 %
10033266;Grandes Cultures;ReSoil n°1 - Les Sieges (89) - Rigaux ;1157;0;Bourgogne Franche Comté;ReSoil;14/10/2022;14/04/2023;100.00 %
8766611;Reboisement;Reboisement de Châtel-Censoir;1678;0;Bourgogne Franche Comté;Kloros;23/03/2021;14/04/2023;82.60 %
10004413;Reboisement;SF²X4C_La Saulnaire_R1;2777;0;Bourgogne Franche Comté;SOCIETE FORESTIERE;21/09/2021;14/04/2023;90.00 %
10989059;Grandes Cultures;ReSoil n°15 - Celle-Levescault (86);6026;0;Nouvelle Aquitaine;ReSoil;29/12/2022;13/04/2023;0.00 %
9682829;Boisement;Alliance Forêts Bois/GCF n°126 - Mérignac (17);2644;0;Nouvelle Aquitaine;Alliance Forêts bois;26/08/2022;13/04/2023;100.00 %
11705564;Boisement;CNPF C+for n° 105 Deux-Sèvres (La Poste n° 27);691;0;Nouvelle Aquitaine;Olivier GLEIZES;06/03/2023;13/04/2023;100.00 %
10516526;Reboisement;MaForêt #8 - Tauves (63);2896;0;Auvergne Rhône Alpes;Actiforest;10/11/2022;13/04/2023;100.00 %
11285837;Boisement;CNPF C+for n° 111 Charente (DIM n° 8);2076;0;Nouvelle Aquitaine;Olivier GLEIZES;26/01/2023;13/04/2023;100.00 %
9552752;Plantation de vergers;Verger Du Soleillet;1114;0;PACA;SCEA du Domaine Saint Georges;08/08/2022;06/04/2023;0.00 %
9789729;Reboisement;Bouquet FD Haute-Marne (52) - Saison 2022-2023;1546;0;Grand Est;Office National des Forêts;06/09/2022;06/04/2023;100.00 %
9997817;Reboisement;Bouquet FD Meurthe-et-Moselle (54) - Saison 2022-2023;595;0;Grand Est;Office National des Forêts;26/09/2022;06/04/2023;0.00 %
9552782;Plantation de vergers;Verger de SCEA Fongrave;835;0;Occitanie;SCEA du Domaine Saint Georges;08/08/2022;06/04/2023;0.00 %
11524786;Boisement;CNPF C+for n° 98 Oyré (Futuroscope n° 3);2374;0;Nouvelle Aquitaine;Olivier GLEIZES;20/02/2023;03/04/2023;100.00 %
8885130;Boisement;Alliance Forêts Bois/GCF n°100 - Arue (40);482;0;Nouvelle Aquitaine;Alliance Forêts bois;25/05/2022;03/04/2023;0.00 %
11249449;Boisement;CNPF C+for n°96 Mouterre-sur-Blourde (Futuroscope n° 1) ;1610;0;Nouvelle Aquitaine;Olivier GLEIZES;13/02/2023;03/04/2023;100.00 %
10080696;Boisement;Alliance Forêts Bois/GCF n°132 - Guiscriff (56);1271;0;Bretagne;Alliance Forêts bois;03/10/2022;31/03/2023;100.00 %
9804486;Boisement;Carhaix-Plouguer - Fransylva Services;2246;0;Bretagne;Fransylva Services ;07/09/2022;31/03/2023;100.00 %
9808271;Reboisement;Bouquet N° 1-Direction Territoriale  AURA ;20048;0;Auvergne Rhône Alpes;Office National des forêts;01/02/2021;28/03/2023;66.00 %
11456357;Reboisement;Alliance Forêts Bois/GCF n°175 - Belin-Béliet 2 (33);3237;0;Nouvelle Aquitaine;Alliance Forêts bois;10/02/2023;27/03/2023;0.00 %
10943861;Reboisement;SF²X4C_Donzy_R1;1509;0;Bourgogne Franche Comté;SOCIETE FORESTIERE;25/04/2022;27/03/2023;96.00 %
10207298;Boisement;Reforest'Action - La Bablon (58);3492;0;Bourgogne Franche Comté;REFOREST'ACTION;12/10/2022;24/03/2023;100.00 %
10731321;Plantation de vergers;Carbonapp n°54 Verger Aucamville (82);85;0;Occitanie;Carbonapp SAS;28/10/2022;23/03/2023;0.00 %
11087073;Reboisement;SF²X4C_L'YAUTEY_R1;3987;0;Bourgogne Franche Comté;SOCIETE FORESTIERE;09/01/2022;23/03/2023;90.00 %
10679951;Plantation de vergers;Carbonapp n°51 Verger Samaran (32);515;0;Occitanie;Carbonapp SAS;28/10/2022;23/03/2023;0.00 %
10671814;Plantation de vergers;Carbonapp n°49 Verger Campsas (82);135;0;Occitanie;Carbonapp SAS;28/10/2022;23/03/2023;100.00 %
10497332;Reboisement;Carbonapp n°37 Reboisement Lac-des-Rouges-Truites 2 (39);623;0;Bourgogne Franche Comté;Carbonapp SAS;04/11/2022;23/03/2023;100.00 %
10525762;Plantation de vergers;Carbonapp n°39 Verger Verdun-sur-Garonne (82);666;0;Occitanie;Carbonapp SAS;28/10/2022;23/03/2023;100.00 %
10012626;Reboisement;Carbonapp n°30 Reboisement Longchaumois (39);173;0;Bourgogne Franche Comté;Carbonapp SAS;03/10/2022;23/03/2023;100.00 %
10671849;Plantation de vergers;Carbonapp n°50 Verger Vidou (65);326;0;Occitanie;Carbonapp SAS;28/10/2022;23/03/2023;0.00 %
10815155;Reboisement;SF²X4C_PRENET_R1;4193;0;Bourgogne Franche Comté;SOCIETE FORESTIERE;13/07/2021;23/03/2023;90.00 %
10671775;Plantation de vergers;Carbonapp n°48 Verger Tugéras-Saint-Maurice (17);409;0;Nouvelle Aquitaine;Carbonapp SAS;28/10/2022;22/03/2023;0.00 %
10820951;Plantation de vergers;Carbonapp n°60 Verger Aubous (64);45;0;Nouvelle Aquitaine;Carbonapp SAS;28/10/2022;22/03/2023;100.00 %
10932387;Plantation de vergers;Carbonapp n°67 Verger Serres-Castet (64);102;0;Nouvelle Aquitaine;Carbonapp SAS;28/10/2022;22/03/2023;0.00 %
10908861;Plantation de vergers;Carbonapp n°63 Verger Uzein (64);50;0;Nouvelle Aquitaine;Carbonapp SAS;28/10/2022;22/03/2023;0.00 %
10521281;Plantation de vergers;Carbonapp n°41 Verger Saint-Viance (19);416;0;Nouvelle Aquitaine;Carbonapp SAS;28/10/2022;22/03/2023;0.00 %
10642029;Plantation de vergers;Carbonapp n°46 Verger Cabidos (64);92;0;Nouvelle Aquitaine;Carbonapp SAS;28/10/2022;22/03/2023;0.00 %
10723508;Plantation de vergers;Carbonapp n°53 Verger Labretonie (47);516;0;Nouvelle Aquitaine;Carbonapp SAS;28/10/2022;22/03/2023;0.00 %
10808648;Plantation de vergers;Carbonapp n°58 Verger Hagetmau (40) ;59;0;Nouvelle Aquitaine;Carbonapp SAS;28/10/2022;22/03/2023;0.00 %
10911156;Plantation de vergers;Carbonapp n°65 Verger Duhort-Bachen (40);132;0;Nouvelle Aquitaine;Carbonapp SAS;28/10/2022;22/03/2023;0.00 %
10742916;Plantation de vergers;Carbonapp n°55 Verger Gontaud-de-Nogaret (47);63;0;Nouvelle Aquitaine;Carbonapp SAS;28/10/2022;22/03/2023;0.00 %
10829946;Plantation de vergers;Carbonapp n°61 Verger Vienne-en-Val (45);371;0;Centre Val de Loire;Carbonapp SAS;28/10/2022;22/03/2023;0.00 %
10948908;Plantation de vergers;Carbonapp n°68 Verger Laugnac (47);209;0;Nouvelle Aquitaine;Carbonapp SAS;28/10/2022;22/03/2023;0.00 %
10710638;Plantation de vergers;Carbonapp n°52 Verger Cauneille (40);90;0;Nouvelle Aquitaine;Carbonapp SAS;28/10/2022;22/03/2023;0.00 %
10795290;Plantation de vergers;Carbonapp n°56 Verger Oeyregave (40);44;0;Nouvelle Aquitaine;Carbonapp SAS;28/10/2022;22/03/2023;100.00 %
10908978;Plantation de vergers;Carbonapp n°64 Verger Eyres-Moncube (40);91;0;Nouvelle Aquitaine;Carbonapp SAS;28/10/2022;22/03/2023;0.00 %
10990416;Plantation de vergers;Carbonapp n°71 Verger Coarraze (64);78;0;Nouvelle Aquitaine;Carbonapp SAS;28/10/2022;22/03/2023;0.00 %
10671728;Plantation de vergers;Carbonapp n°47 Verger Montmerac (16);221;0;Nouvelle Aquitaine;Carbonapp SAS;28/10/2022;22/03/2023;0.00 %
10810000;Plantation de vergers;Carbonapp n°59 Verger Labets-Biscay (64);67;0;Nouvelle Aquitaine;Carbonapp SAS;28/10/2022;22/03/2023;0.00 %
10430819;Vergers collectifs;Carbonapp - Dossier Collectif - Vergers n°4;5902;0;Nouvelle Aquitaine;Carbonapp SAS;28/10/2022;22/03/2023;73.32 %
10581157;Plantation de vergers;Carbonapp n°42 Verger Villiers-Le-Morhier (28);527;0;Centre Val de Loire;Carbonapp SAS;28/10/2022;22/03/2023;0.00 %
10908526;Plantation de vergers;Carbonapp n°62 Verger Piets-Plasence-Moustrou (64);81;0;Nouvelle Aquitaine;Carbonapp SAS;28/10/2022;22/03/2023;0.00 %
10958670;Plantation de vergers;Carbonapp n°69 Verger Dambron (28);409;0;Centre Val de Loire;Carbonapp SAS;28/10/2022;22/03/2023;0.00 %
10803905;Plantation de vergers;Carbonapp n°57 Verger Rivehaute (64);98;0;Nouvelle Aquitaine;Carbonapp SAS;28/10/2022;22/03/2023;0.00 %
9782128;Reboisement;STOCK CO2 n°102 - Centre Val de Loire (45);1058;0;Centre Val de Loire;;05/09/2022;20/03/2023;66.16 %
10885535;Reboisement;SF²X4C_Lancosmes_R1;375;0;Centre Val de Loire;SOCIETE FORESTIERE;12/03/2021;20/03/2023;0.00 %
9927230;Boisement;Alliance Forêts Bois/GCF n°129 - Saint Vincent Lespinasse (82);2167;0;Occitanie;Alliance Forêts bois;19/09/2022;17/03/2023;0.00 %
9466356;Reboisement;ONF-Reboisement en forêt communale de MAGLAND-N°1;1098;0;Auvergne Rhône Alpes;Office National des forêts;11/10/2021;16/03/2023;100.00 %
9955779;Plantation de vergers;Carbonapp n°25 Verger Saint-Romans/Chatte (38);413;0;Auvergne Rhône Alpes;Carbonapp SAS;19/07/2022;15/03/2023;100.00 %
9979368;Plantation de vergers;Carbonapp n°29 Verger Le Touvet (38);188;0;Auvergne Rhône Alpes;Carbonapp SAS;19/07/2022;15/03/2023;0.00 %
9497371;Plantation de vergers;Carbonapp n°26 Verger Saint-Paul-lès-Romans (26);305;0;Auvergne Rhône Alpes;Carbonapp SAS;19/07/2022;15/03/2023;0.00 %
9933442;Plantation de vergers;Carbonapp n°24 Verger Castelsarrasin (82);766;0;Occitanie;Carbonapp SAS;19/07/2022;14/03/2023;100.00 %
10080907;Reboisement;Alliance Forêts Bois/GCF n°133 - Sain-Justin 2 (40);11198;0;Nouvelle Aquitaine;Alliance Forêts bois;03/10/2022;14/03/2023;0.00 %
10527059;Plantation de vergers;Carbonapp n°40 Verger Mareuil en Périgord (24);433;0;Nouvelle Aquitaine;Carbonapp SAS;19/07/2022;14/03/2023;0.00 %
10610669;Plantation de vergers;Carbonapp n°43 Verger Brugnac (47);376;0;Nouvelle Aquitaine;Carbonapp SAS;19/07/2022;14/03/2023;0.00 %
10846124;Reboisement;SF²X4C_ Prunoy_Morisois_R1 ;1155;0;Bourgogne Franche Comté;SOCIETE FORESTIERE;13/07/2021;14/03/2023;0.00 %
9382949;Vergers collectifs;Carbonapp - Dossier Collectif - Vergers fruitiers France n°3;3244;0;Nouvelle Aquitaine;Carbonapp SAS;19/07/2022;14/03/2023;87.00 %
10273887;Plantation de vergers;Carbonapp n°34 Verger Saint-Etienne-de-Fougères (47);410;0;Nouvelle Aquitaine;Carbonapp SAS;18/10/2022;14/03/2023;0.00 %
10393282;Plantation de vergers;Carbonapp n°35 Verger Sainte-Fortunade (19);118;0;Nouvelle Aquitaine;Carbonapp SAS;19/07/2022;14/03/2023;100.00 %
10887661;Reboisement;Alliance Forêts Bois/GCF n°164 - La Teste-de-Buch (33);1950;0;Nouvelle Aquitaine;Alliance Forêts bois;15/12/2022;14/03/2023;100.00 %
10012707;Reboisement;Carbonapp n°31 Reboisement Lac des Rouges Truites (39);512;0;Bourgogne Franche Comté;Carbonapp SAS;03/10/2022;13/03/2023;100.00 %
9016373;Plantation de vergers;Amandera Savignac;3181;0;Nouvelle Aquitaine;AMANDERA SAS;19/09/2021;10/03/2023;11.70 %
10686007;Rénovation;Réhabilitation et sécurisation du bâtiment VLS 600;21;21;Nouvelle Aquitaine;COOPERATIVE CARBONE;25/11/2022;10/03/2023;100.00 %
10081049;Reboisement;Alliance Forêts Bois/GCF n°134 - Sain-Justin 3 (40);9188;0;Nouvelle Aquitaine;Alliance Forêts bois;03/10/2022;10/03/2023;100.00 %
10866471;Reboisement;SF²X4C_Saint Hubert_R1;1468;0;Normandie;SOCIETE FORESTIERE;13/12/2022;10/03/2023;90.00 %
10939245;CarbonAgri;STOCK CO2 n°83 - Bretagne (35);534;0;Bretagne;;26/04/2022;10/03/2023;16.09 %
9224960;Boisement;Alliance Forêts Bois/GCF n°123 - Huismes (37);2710;0;Centre Val de Loire;Alliance Forêts bois;30/06/2022;09/03/2023;0.00 %
9681369;Boisement;CNPF C+FOR n°98 Sauvigny-les-Bois (Festival de Cannes n°4);3719;0;Bourgogne Franche Comté;Camille STOUFF;26/08/2022;09/03/2023;100.00 %
10865821;Boisement;STOCK CO2 n°189 - Pays de la Loire (49);1678;0;Pays de la Loire;;13/10/2022;09/03/2023;0.00 %
10642085;CarbonAgri;STOCK CO2 n°94 - Pays de la Loire;11108;0;Pays de la Loire;;26/07/2022;09/03/2023;0.00 %
10651343;Boisement;Reforest'Action - Saint Martin Villenglose (53);766;0;Pays de la Loire;REFOREST'ACTION;22/11/2022;09/03/2023;100.00 %
11478857;Boisement;C+for n° 93 Briscous (Immoconstruction n° 5);1144;0;Nouvelle Aquitaine;Olivier GLEIZES;14/02/2023;07/03/2023;100.00 %
10887249;Reboisement;Alliance Forêts Bois/GCF n°159 - Sainte Hélène 2 (33);664;0;Nouvelle Aquitaine;Alliance Forêts bois;15/12/2022;07/03/2023;0.00 %
11440087;Boisement;C+for n° 97 Savigny-Lévescault (Futuroscope n° 2);1239;0;Nouvelle Aquitaine;Olivier GLEIZES;09/02/2023;07/03/2023;100.00 %
10887519;Reboisement;Alliance Forêts Bois/GCF n°162 - Belin-Béliet (33);982;0;Nouvelle Aquitaine;Alliance Forêts bois;15/12/2022;07/03/2023;100.00 %
11455886;Reboisement;Alliance Forêts Bois/GCF n°173 - Saint-Magne 3 (33);1400;0;Nouvelle Aquitaine;Alliance Forêts bois;10/02/2023;07/03/2023;100.00 %
10498162;Reboisement;Reforest'Action - La Grange Perrey (39);4847;0;Bourgogne Franche Comté;REFOREST'ACTION;04/11/2022;03/03/2023;100.00 %
11193105;Reboisement;CNPF C+for n° 102 Pargny-sous-Mureau (La Poste n° 24);695;0;Grand Est;Olivier GLEIZES;14/02/2023;03/03/2023;100.00 %
314;Reboisement;Labellisation bas carbone sur la forêt communale de Carros;273;0;PACA;;20/09/2021;01/03/2023;0.00 %
9732660;Reboisement;Reboisement de parcelles scolytées du Groupement Forestier des Combes;2446;0;Bourgogne Franche Comté;Groupement Forestier des Combes;15/02/2021;01/03/2023;0.00 %
9218730;Boisement;Alliance Forêts Bois/GCF n°117 - Saint-Julien (40);854;0;Nouvelle Aquitaine;Alliance Forêts bois;30/06/2022;28/02/2023;100.00 %
10887368;Reboisement;Alliance Forêts Bois/GCF n°161 - Saumos 2 (33);907;0;Nouvelle Aquitaine;Alliance Forêts bois;15/12/2022;28/02/2023;100.00 %
8888178;Boisement;Alliance Forêts Bois/GCF n° 19 - Preignac (33);346;0;Nouvelle Aquitaine;Alliance Forêts bois;01/06/2021;28/02/2023;100.00 %
8801300;Boisement;Alliance Forêts Bois/GCF n°94 - Saint Justin (40);2389;0;Nouvelle Aquitaine;Alliance Forêts bois;16/05/2022;28/02/2023;100.00 %
10885828;Boisement;Alliance Forêts Bois/GCF n°154 - Saint Sulpice de Faleyrens (33);6240;0;Nouvelle Aquitaine;Alliance Forêts bois;15/12/2022;28/02/2023;100.00 %
10207043;Reboisement;Reforest'Action - Bois du Boula (79);1165;0;Nouvelle Aquitaine;REFOREST'ACTION;12/10/2022;28/02/2023;100.00 %
9987521;Grandes Cultures;SysFarm N°4 - Nouvelle Aquitaine;1768;0;Nouvelle Aquitaine;SAS SYSFARM;23/09/2022;27/02/2023;100.00 %
383;Reboisement;Reboisement LBC Burdignes;500;0;Auvergne Rhône Alpes;EPIC Office National des Forêts (ONF);23/11/2021;24/02/2023;0.00 %
9699663;Reboisement;Alliance Forêts Bois/GCF n°127 - Bannalec (29);1140;0;Bretagne;Alliance Forêts bois;29/08/2022;22/02/2023;100.00 %
9984771;Reboisement;Sylvair LBC Ychoux;1253;0;Nouvelle Aquitaine;Sylvair SAS;01/10/2022;17/02/2023;0.00 %
10901436;Reboisement;SF²X4C_SaintPaul-Mimizan_R1;3474;0;Nouvelle Aquitaine;SOCIETE FORESTIERE;25/01/2022;17/02/2023;86.00 %
10875163;Boisement;SF²X4C_La Roche Posay_B1;1622;0;Nouvelle Aquitaine;SOCIETE FORESTIERE;13/12/2022;17/02/2023;90.00 %
8937042;Reboisement;Forêt domaniale de Saint Gobain Coucy-Basse;8600;0;Hauts-de-France;Léa BOURLHONNE;10/02/2020;14/02/2023;36.07 %
9119174;Reboisement;Projet Aéroports de Lyon - Reboisement Conseil départemental du Rhône n°2 - Massif de la Pyramide;943;0;Auvergne Rhône Alpes;Département du Rhône;27/06/2022;14/02/2023;100.00 %
8931216;Reboisement;Forêt domaniale d'Ourscamp-Carlepont;10235;0;Hauts-de-France;Léa BOURLHONNE;10/02/2020;14/02/2023;78.00 %
8836243;Boisement;Alliance Forêts Bois/GCF n°97 - Lacaune (81);1183;0;Occitanie;Alliance Forêts bois;19/05/2022;13/02/2023;100.00 %
8582859;Boisement;Alliance Forêts Bois/GCF n°89 - Labarthe Bleys (81);435;0;Occitanie;Alliance Forêts bois;25/04/2022;13/02/2023;100.00 %
199;Reboisement;CNPF C+for n°42 Tarn-et-Garonne (ENGIE Solutions n°2);1471;0;Occitanie;Olivier GLEIZES;27/04/2021;10/02/2023;100.00 %
11097471;Reboisement;SF²X4C_ BILOS_R1 ;962;0;Nouvelle Aquitaine;SOCIETE FORESTIERE;10/01/2023;09/02/2023;100.00 %
10146516;Boisement;Reforest'Action - Chazelles (16);1027;0;Nouvelle Aquitaine;REFOREST'ACTION;07/10/2022;09/02/2023;100.00 %
339;Boisement;CNPF C+for n°64 Mérignac (Immoconstruction n°3);359;0;Nouvelle Aquitaine;Olivier GLEIZES;06/10/2021;09/02/2023;100.00 %
11417397;Plantation de vergers;Vergers fruitiers France 2022 - Bataille ;1032;0;Nouvelle Aquitaine;Carbonapp SAS;11/01/2022;07/02/2023;100.00 %
11421062;Plantation de vergers;Vergers fruitiers France 2022 - Grandieu;23;0;Grand Est;Carbonapp SAS;11/01/2022;07/02/2023;0.00 %
11418683;Plantation de vergers;Vergers fruitiers France 2022 - Lamaratone;357;0;Nouvelle Aquitaine;Carbonapp SAS;11/01/2022;07/02/2023;0.00 %
11420247;Plantation de vergers;Vergers fruitiers France 2022 - Doré;226;0;Normandie;Carbonapp SAS;11/01/2022;07/02/2023;100.00 %
11417979;Plantation de vergers;Vergers fruitiers France 2022 - Barth;138;0;Grand Est;Carbonapp SAS;11/01/2022;07/02/2023;100.00 %
11421774;Plantation de vergers;Vergers fruitiers France 2022 - Manse ;139;0;Centre Val de Loire;Carbonapp SAS;11/01/2022;07/02/2023;100.00 %
9540419;Boisement;CNPF C+for n° 72 Saint-Saury (Andros n° 1);915;0;Auvergne Rhône Alpes;Olivier GLEIZES;05/08/2022;07/02/2023;100.00 %
11418961;Plantation de vergers;Vergers fruitiers France 2022 - La Pargade ;192;0;Nouvelle Aquitaine;Carbonapp SAS;11/01/2022;07/02/2023;100.00 %
11420466;Plantation de vergers;Vergers fruitiers France 2022 - De l'Ouchette;345;0;Hauts-de-France;Carbonapp SAS;11/01/2022;07/02/2023;100.00 %
11418399;Plantation de vergers;Vergers fruitiers France 2022 - Freyssinet;84;0;Nouvelle Aquitaine;Carbonapp SAS;11/01/2022;07/02/2023;100.00 %
11419357;Plantation de vergers;Vergers fruitiers France 2022 - Creysse (station expérimentale);68;0;Occitanie;Carbonapp SAS;11/01/2022;07/02/2023;100.00 %
10670706;Sobac'eco-tmm;STOCK CO2 n°89 - Grand Est (10);1787;0;Grand Est;;14/06/2022;06/02/2023;0.00 %
10207570;Boisement;Reforest'Action - Changé (53);687;0;Pays de la Loire;REFOREST'ACTION;12/10/2022;02/02/2023;100.00 %
9857156;Boisement;STOCK CO2 n°110 - Pays de la Loire (85);2485;0;Pays de la Loire;;12/09/2022;02/02/2023;80.00 %
8333990;Reboisement;ICI ON SEME - NIDERVILLER;919;0;Grand Est;THE PURE PROJECT;17/01/2022;02/02/2023;0.00 %
8435430;Reboisement;Projet de reboisement Post Incendie commune de La Valla en Gier (42);729;0;Auvergne Rhône Alpes;Département du Rhône;23/11/2021;31/01/2023;0.00 %
10779549;Plantation de vergers;Cueillette de Muizon;109;0;Grand Est;IMAGREEN TRANSITIONS;05/12/2022;30/01/2023;0.00 %
10722551;Plantation de vergers; Verger Cueillette de Troyes de l'Espérance;41;0;Grand Est;IMAGREEN TRANSITIONS;29/11/2022;30/01/2023;0.00 %
9949389;Boisement;Reforest'Action - Forêt de l'Hospital (19);1443;0;Nouvelle Aquitaine;REFOREST'ACTION;20/09/2022;27/01/2023;100.00 %
8048077;Boisement;Projet Néosylva - Pays de la Loire (53) - 2BRUA-122;3381;0;Pays de la Loire;NEOSYLVA INVESTISSEMENT FORESTIER;28/02/2022;26/01/2023;100.00 %
10648301;Reboisement;Bois des Bondes;4797;0;Pays de la Loire;SELARL CABINET LORNE;30/11/2022;26/01/2023;28.43 %
8666843;Boisement;STOCK CO2 n°84 - Centre Val de Loire (45);1369;0;Centre Val de Loire;;02/05/2022;26/01/2023;79.99 %
9726021;Boisement;Reforest'Action - La Touche des Près Partie 1 (53) ;3853;0;Pays de la Loire;REFOREST'ACTION;31/08/2022;26/01/2023;83.22 %
9629069;Boisement;CNPF C+FOR n°99 Jouy-le-Potier (EDF n°1);1624;0;Centre Val de Loire;Camille STOUFF;19/08/2022;26/01/2023;100.00 %
10369243;Boisement;Projet Néosylva - Pays de la Loire (49) - 2FONT-122;3279;0;Pays de la Loire;NEOSYLVA INVESTISSEMENT FORESTIER;24/10/2022;26/01/2023;0.00 %
10728700;CarbonAgri;STOCK CO2 n°106 - Pays de la Loire (85);2912;0;Pays de la Loire;;30/11/2022;26/01/2023;0.00 %
9682782;Boisement;Alliance Forêts Bois/GCF n°125 - Saint-Martin-De-Coux (17);1569;0;Nouvelle Aquitaine;Alliance Forêts bois;26/08/2022;23/01/2023;100.00 %
8235579;Boisement;GCF/CFBL n° 18 - Montilly (03);520;0;Auvergne Rhône Alpes;CFBL Coopérative Forestière;24/03/2022;23/01/2023;100.00 %
9224936;Boisement;Alliance Forêts Bois/GCF n°122 - Rigny Ussé (37);769;0;Centre Val de Loire;Alliance Forêts bois;30/06/2022;17/01/2023;100.00 %
10047599;Reboisement;CNPF C+for n° 100 Bonnefamille & Roche (ARaymond n° 1);2126;0;Auvergne Rhône Alpes;Olivier GLEIZES;29/09/2022;11/01/2023;100.00 %
10512111;Plantation de vergers;Carbonapp n°38 Verger Marlenheim (67);70;0;Grand Est;Carbonapp SAS;19/07/2022;10/01/2023;0.00 %
10412089;Grandes Cultures;EARL Bertrand Ravillion;1583;0;Grand Est;Carbone Farmers;17/06/2022;06/01/2023;0.00 %
10207973;Reboisement;Carbonapp n°33 Reboisement Valff (67);103;0;Grand Est;Carbonapp SAS;12/10/2022;04/01/2023;100.00 %
8324129;Boisement;Alliance Forêts Bois/GCF n° 77 - Malabat (32);881;0;Occitanie;Alliance Forêts bois;25/02/2022;03/01/2023;0.00 %
9496822;Plantation de vergers;Carbonapp n°28 Verger Audrieu (14);167;0;Normandie;Carbonapp SAS;19/07/2022;21/12/2022;0.00 %
10723532;Boisement;Création d'une forêt communale sur la commune de Montech dans le Tarn & Garonne;1319;0;Occitanie;EPIC;29/11/2021;16/12/2022;0.00 %
10047351;Boisement;GCF/CFBL n° 90 - Malleret (23);2491;0;Nouvelle Aquitaine;CFBL Coopérative Forestière;28/06/2022;16/12/2022;0.00 %
9662434;Reboisement;2022-Reboisement en forêt communale de Creissan;1153;0;Occitanie;Office National des Forêts;23/02/2022;16/12/2022;0.00 %
9508757;Boisement;CNPF C+for n° 77 Tour de France 2022 Colembert (A.S.O. n° 6);1030;0;Hauts-de-France;Olivier GLEIZES;14/03/2022;16/12/2022;100.00 %
8885239;Boisement;Alliance Forêts Bois/GCF n°101 - Saint Beauzeil (82);505;0;Occitanie;Alliance Forêts bois;25/05/2022;16/12/2022;100.00 %
9521360;Boisement;CNPF C+for n° 79 Tour de France 2022 Roquetoire (A.S.O. n° 8);323;0;Hauts-de-France;Olivier GLEIZES;03/08/2022;15/12/2022;100.00 %
9389111;Reboisement;C+for n° 91 La Londe-des-Maures (Château Galoupet n°1);302;0;PACA;Camille STOUFF;18/07/2022;15/12/2022;100.00 %
9523918;Reboisement;Atmosylva n°5 - Reboisement Forêt incendiée Richarville (91);686;0;Ile de France;ATMOSYLVA;03/08/2022;08/12/2022;87.32 %
8236616;Boisement;GCF/CFBL n° 65 - Dyo (71);2005;0;Bourgogne Franche Comté;CFBL Coopérative Forestière;15/12/2021;06/12/2022;100.00 %
9241475;Reboisement;Forêt de la Hazotte - reboisement d'un peuplement sinitré;4261;0;Grand Est;Le Printemps des Terres S.A.S;01/07/2022;29/11/2022;100.00 %
9241743;Boisement;Forêt de la Hazotte - Boisement (peuplements pauvres);6384;0;Grand Est;Le Printemps des Terres S.A.S;01/07/2022;29/11/2022;100.00 %
10413053;Boisement;Projet Néosylva - Pays de la Loire (49) - 2ROUS-121;1192;0;Pays de la Loire;NEOSYLVA INVESTISSEMENT FORESTIER;15/09/2021;24/11/2022;0.00 %
8675164;Boisement;Projet Néosylva - Pays de la Loire (85) - 2CHAU-121;759;0;Pays de la Loire;NEOSYLVA INVESTISSEMENT FORESTIER;01/12/2021;24/11/2022;100.00 %
8372093;Boisement;Carbonapp n°21 Saint-Pierre-des-Nids (53);2299;0;Pays de la Loire;Carbonapp SAS;05/04/2022;24/11/2022;100.00 %
9543612;Boisement;CNPF C+for n° 101 Spay (Valloire Habitat n° 1);965;0;Pays de la Loire;Olivier GLEIZES;05/08/2022;24/11/2022;100.00 %
354;Boisement;Atmosylva n°4 Boisement Presly (18);170;0;Centre Val de Loire;ATMOSYLVA;15/10/2021;22/11/2022;59.41 %
403;Boisement;Montjean – Fransylva Services;3100;0;Pays de la Loire;Fransylva Services ;13/12/2021;17/11/2022;100.00 %
294;Boisement;Foret Avenir Boisement- Conuau;654;0;Pays de la Loire;Fransylva Services ;07/09/2021;17/11/2022;100.00 %
8868542;Boisement;Scrignac - Fransylva Services ;2729;0;Bretagne;Fransylva Services ;23/05/2022;15/11/2022;100.00 %
9714554;Reboisement;CNPF C+FOR n°74 Rivière-Enverse (VIIA n°4);364;0;Auvergne Rhône Alpes;Camille STOUFF;30/08/2022;10/11/2022;100.00 %
8858833;Boisement;Segré en Anjou Bleu - Fransylva Services ;482;0;Pays de la Loire;Fransylva Services ;04/10/2022;10/11/2022;100.00 %
10117999;CarbonAgri;STOCK CO2 n°92 - Pays de la Loire;6791;0;Pays de la Loire;;10/07/2022;09/11/2022;69.92 %
9224895;Boisement;Alliance Forêts Bois/GCF n°121 - Migny (36);1648;0;Centre Val de Loire;Alliance Forêts bois;30/06/2022;09/11/2022;100.00 %
10133677;CarbonAgri;Stock CO2 n°91 - Pays de la Loire (85);10570;0;Pays de la Loire;;10/07/2022;09/11/2022;63.49 %
8135670;Reboisement;Forêt domaniale d'Agre (82) - parcelles 45 - 46 - 111 - 134 - 35,15 hectares;5534;0;Occitanie;EPIC;16/03/2022;09/11/2022;0.00 %
155;Reboisement;"Le bois des Minières ""Le Printemps des Terres – Restauration Forestière""";2390;0;Bourgogne Franche Comté;Le Printemps des Terres S.A.S;22/01/2021;08/11/2022;0.00 %
391;Reboisement;Le bois des Mille Etangs;4123;0;Bourgogne Franche Comté;Le Printemps des Terres S.A.S;01/12/2021;08/11/2022;32.38 %
9504097;Reboisement;STOCK CO2 n°95 - Grand Est (55);2521;0;Grand Est;;01/08/2022;08/11/2022;39.95 %
9194562;Reboisement;Projet groupé Agence Herault Gard FD de l'Espinouse et des Avant-Monts;3755;0;Occitanie;OFFICE NATIONAL DES FORETS;28/06/2022;07/11/2022;0.00 %
9050912;Reboisement;Agence Hérault-Gard - 2022 - Bouquet de projets n°1;5067;0;Occitanie;OFFICE NATIONAL DES FORETS;01/09/2021;07/11/2022;22.00 %
8986236;Plantation de vergers;Implantation verger amandier -1ha;53;0;Occitanie;scea terragnere;14/01/2022;07/11/2022;0.00 %
9362246;Reboisement;ONF – Bouquet reboisement en Lozère n°1;3512;0;Occitanie;Karine BURTIN;30/07/2021;07/11/2022;0.00 %
9240506;Boisement;STOCK CO2 n°61 - Normandie (50);3086;0;Normandie;;17/12/2021;07/11/2022;79.97 %
9410587;Boisement;GCF/COFORET n° 74 - Saint-Nizier-de-Fornas (42)/Rozier-Côtes-d'Aurec (42);717;0;Auvergne Rhône Alpes;COFORET;11/01/2022;03/11/2022;0.00 %
9023678;Boisement;STOCK CO2 n°88 - Normandie (61);752;0;Normandie;;09/06/2022;02/11/2022;19.14 %
7932721;Boisement;Alliance Forêts Bois - Forêts & Bois de l'Est/GCF n°80 - Fournets-luisans (25) ;1467;0;Bourgogne Franche Comté;Alliance Forêts bois;03/03/2022;27/10/2022;100.00 %
392;Reboisement;"Le Bois du Champs des roches - Le Printemps des Terres - Restauration forestière""";6190;0;Grand Est;Le Printemps des Terres S.A.S;01/12/2021;27/10/2022;0.00 %
10027941;CarbonAgri;FCAA_N°2;558989;0;Pays de la Loire;FCAA;30/01/2021;24/10/2022;27.46 %
8744853;Reboisement;Alliance Forêts Bois/GCF n°92 - Mainxe-Gondeville (16);1163;0;Nouvelle Aquitaine;Alliance Forêts bois;10/05/2022;21/10/2022;100.00 %
10080536;Boisement;Alliance Forêts Bois/GCF n°131 - Beaumont-Pied-de-Boeuf (72);1993;0;Pays de la Loire;Alliance Forêts bois;03/10/2022;20/10/2022;100.00 %
9796319;Boisement;Carbonapp n°22 Boisement Mansigné (72);7225;0;Pays de la Loire;Carbonapp SAS;12/09/2022;20/10/2022;100.00 %
296;Boisement;Forêt Avenir Boisement - Letourneux;2022;0;Pays de la Loire;Fransylva Services ;07/09/2021;19/10/2022;100.00 %
9331945;Boisement;CNPF C+for n° 86 Cantal (Banque Neuflize n°3);602;0;Auvergne Rhône Alpes;Camille STOUFF;11/07/2022;13/10/2022;100.00 %
8307955;Boisement;Alliance Forêts Bois/GCF n°72 - Estang (32);3535;0;Occitanie;Alliance Forêts bois;13/01/2022;11/10/2022;100.00 %
7968352;Boisement;GCF/CFBL n° 62 - Montboucher (23);702;0;Nouvelle Aquitaine;CFBL Coopérative Forestière;07/03/2022;11/10/2022;0.00 %
9093045;Boisement;Alliance Forêts Bois/GCF n°110 - Monheurt (47);1495;0;Nouvelle Aquitaine;Alliance Forêts bois;17/06/2022;11/10/2022;100.00 %
8306794;Boisement;GCF/CFBL n° 57 - Saint-Martin-Sepert (19);720;0;Nouvelle Aquitaine;CFBL Coopérative Forestière;30/03/2022;11/10/2022;13.89 %
243;Boisement;Reforest'Action - Pont Briouey;5536;0;Nouvelle Aquitaine;REFOREST'ACTION;12/07/2021;10/10/2022;100.00 %
251;Boisement;Boisement Sanilhac résineux;546;0;Nouvelle Aquitaine;Carbonapp SAS;19/07/2021;30/09/2022;100.00 %
8582959;Boisement;Alliance Forêts Bois/GCF n°90 - Gramond (12);665;0;Occitanie;Alliance Forêts bois;25/04/2022;23/09/2022;100.00 %
8798156;Boisement;STOCK CO2 n°85 - Hauts de France (80);515;0;Hauts-de-France;;16/05/2022;23/09/2022;0.00 %
8517467;Reboisement;STOCK CO2 n°45 - Occitanie (34);1132;0;Occitanie;;06/09/2021;23/09/2022;0.00 %
8658777;Boisement;Reforest'Action - Aizenay partie 2 (85);5436;0;Pays de la Loire;REFOREST'ACTION;21/12/2021;22/09/2022;99.97 %
8759322;Boisement;CNPF C+for n°43 Avessac (BIC n°2);2313;0;Pays de la Loire;Camille STOUFF;11/05/2022;22/09/2022;100.00 %
9224982;Boisement;Alliance Forêts Bois/GCF n°124 - Sèvremont (85);4081;0;Pays de la Loire;Alliance Forêts bois;30/06/2022;22/09/2022;100.00 %
9653471;Boisement;STOCK CO2 n°96 - Pays de la Loire (72);4110;0;Pays de la Loire;;23/08/2022;22/09/2022;60.82 %
8868397;Reboisement;CNPF C+for n°88 Vulbens (Galeries Lafayette n°2);173;0;Auvergne Rhône Alpes;Camille STOUFF;23/05/2022;20/09/2022;100.00 %
226;Boisement;Bois du Saule;9670;0;Pays de la Loire;Forestry France;14/06/2021;15/09/2022;50.20 %
9534197;Rénovation;STOCK CO2 n°65 x GROUPAMA IMMOBILIER - Île de France (75);549;0;Ile de France;;10/01/2022;14/09/2022;0.00 %
8937956;Reboisement;CNPF C+for n°90 Bormes-les-Mimosas (DIAM Bouchage n°1);93;0;PACA;Camille STOUFF;12/11/2021;08/09/2022;84.00 %
8823582;Reboisement;CNPF C+for n° 78 Tour de France 2022 Ardennes (A.S.O. n° 7);413;0;Grand Est;Olivier GLEIZES;18/05/2022;06/09/2022;100.00 %
9566488;Reboisement;CNPF C+for n° 83 Tour de France femmes 2022 Hautes Vosges (A.S.O. n° 12);312;0;Grand Est;Olivier GLEIZES;09/08/2022;06/09/2022;100.00 %
7908218;Boisement;CNPF C+for n°56 Meurthe-et-Moselle (La Poste n°21);813;0;Grand Est;Camille STOUFF;01/03/2022;06/09/2022;100.00 %
8881400;Reboisement;BOUQUET n°3 Grand Est  ;6037;0;Grand Est;Office National des Forêts;07/09/2021;06/09/2022;10.00 %
9063592;Boisement;CNPF C+for n° 82 Tour de France femmes 2022 (A.S.O. n° 11);1577;0;Grand Est;Olivier GLEIZES;14/06/2022;01/09/2022;100.00 %
8995375;Boisement;STOCK CO2 n°76 x UNISYlLVA - Auvergne Rhône Alpes (03);144;0;Auvergne Rhône Alpes;;15/02/2022;25/08/2022;0.00 %
9124478;Reboisement;GCF/Unisylva n° 89 - Vienne-en-Val (45);2714;0;Centre Val de Loire;Groupe Coopération Forestière;21/06/2022;24/08/2022;100.00 %
8295602;Boisement;STOCK CO2 n°57 - Normandie (50);664;0;Normandie;;15/12/2021;16/08/2022;48.50 %
8338230;Reboisement;STOCK CO2 n°80 - Normandie (27);951;0;Normandie;;01/04/2022;16/08/2022;0.00 %
8000765;Boisement;Alliance Forêts Bois/GCF n°33 - Scaër (29);1739;0;Bretagne;Alliance Forêts bois;30/08/2021;09/08/2022;0.00 %
8204233;Vergers collectifs;Vergers fruitiers France 2022;2603;0;Nouvelle Aquitaine;Carbonapp SAS;11/01/2022;08/08/2022;94.00 %
371;Boisement;Alliance Forêts Bois/GCF n° 56 - Bretteville-sur-Ay/Saint-Germain-sur-Ay (50);1568;0;Normandie;Alliance Forêts bois;02/11/2021;02/08/2022;100.00 %
349;Boisement;STOCK CO2 n°53 – Normandie (61);4350;0;Normandie;;14/10/2021;02/08/2022;80.00 %
7952296;Boisement;Alliance Forêts Bois/GCF n°83 - Santeuil (95);3225;0;Ile de France;Alliance Forêts bois;04/03/2022;29/07/2022;100.00 %
7952231;Boisement;Alliance Forêts Bois/GCF n°82 - Sonchamp (78);776;0;Ile de France;Alliance Forêts bois;04/03/2022;27/07/2022;100.00 %
8431936;Boisement;Alliance Forêts Bois - Forêts & Bois de l'Est/GCF n°87 - Hombourg-Budange (57);639;0;Grand Est;Alliance Forêts bois;11/04/2022;26/07/2022;100.00 %
8002350;Boisement;Alliance Forêts Bois - Forêts & Bois de l'Est/GCF n°85 - Sailly-Achatêl (57) ;1697;0;Grand Est;Alliance Forêts bois;09/03/2022;26/07/2022;100.00 %
360;Boisement;MAFORÊT – Boisement dans les Pyrénées-Atlantiques (64 450) #2;174;0;Nouvelle Aquitaine;Actiforest;20/10/2021;25/07/2022;100.00 %
8930646;Boisement;CNPF C+for n°87 Loire-Atlantique (Banque Neuflize n°4);1953;0;Pays de la Loire;Camille STOUFF;31/05/2022;21/07/2022;100.00 %
8517198;Boisement;STOCK CO2 n°54 - Pays de la Loire (44);1094;0;Pays de la Loire;;29/10/2021;21/07/2022;27.42 %
8999937;Boisement;STOCK CO2 n°86 - Pays de la Loire (53);698;0;Pays de la Loire;;07/06/2022;21/07/2022;44.98 %
9162069;Boisement;STOCK CO2 n°90 - Pays de la Loire (85);854;0;Pays de la Loire;;24/09/2022;21/07/2022;79.98 %
419;Boisement;STOCK CO2 n°63 x UNISYLVA - Centre-Val de Loire (41);3175;0;Centre Val de Loire;;22/12/2021;08/07/2022;80.00 %
283;Boisement;Alliance Forêts Bois/GCF n° 38 -Saint-Pierre-de-Maillé (86);1218;0;Nouvelle Aquitaine;Alliance Forêts bois;01/09/2021;07/07/2022;100.00 %
8431852;Reboisement;PFUE Grand Est;7797;0;Grand Est;Office National des Forêts;01/09/2020;07/07/2022;0.00 %
406;Reboisement;Alliance Forêts Bois/GCF n° 66 - Villenave (40);190;0;Nouvelle Aquitaine;Alliance Forêts bois;15/12/2021;07/07/2022;0.00 %
355;Vergers collectifs;Vergers fruits à coques du sud-ouest;1944;0;Nouvelle Aquitaine;Carbonapp SAS;15/10/2021;07/07/2022;100.00 %
8708799;Reboisement;BOUQUET n°2 Grand Est;9416;0;Grand Est;Office National des Forêts;01/09/2020;07/07/2022;45.00 %
288;Boisement;STOCK CO2 n°41 – Bourgogne Franche Comté (71);1319;0;Bourgogne Franche Comté;;06/09/2021;07/07/2022;0.00 %
388;Boisement;Landerneau Carbonapp;518;0;Bretagne;Carbonapp SAS;29/11/2021;07/07/2022;100.00 %
235;Reboisement;Reboisement Sanilhac résineux;233;0;Nouvelle Aquitaine;Carbonapp SAS;01/07/2021;07/07/2022;100.00 %
295;Boisement;Foret Avenir Boisement - de la Rivière;1027;0;Pays de la Loire;Fransylva Services ;07/09/2021;06/07/2022;94.00 %
297;Boisement;Foret Avenir Boisement - de Langle;1999;0;Bretagne;Fransylva Services ;07/09/2021;05/07/2022;100.00 %
8196165;Reboisement;Bois Magnin;2163;0;Bourgogne Franche Comté;Le Printemps des Terres S.A.S;22/01/2022;05/07/2022;0.00 %
8407232;Reboisement;GCF/CFBL n° 75 - Château-Chinon (58);477;0;Bourgogne Franche Comté;CFBL Coopérative Forestière;17/01/2022;05/07/2022;100.00 %
8745172;Reboisement;Alliance Forêts Bois/GCF n°93 - Montmoreau (16);2344;0;Nouvelle Aquitaine;Alliance Forêts bois;10/05/2022;05/07/2022;100.00 %
8582729;Boisement;Alliance Forêts Bois n°88 - Aillas (33);2219;0;Nouvelle Aquitaine;Alliance Forêts bois;25/04/2022;05/07/2022;100.00 %
8193593;Reboisement;Mont aux Pies;9267;0;Bourgogne Franche Comté;Le Printemps des Terres S.A.S;01/12/2021;05/07/2022;0.00 %
184;Boisement;Projet Néosylva - Bretagne (56) - 2BOTH-121;1404;0;Bretagne;NEOSYLVA INVESTISSEMENT FORESTIER;19/03/2021;05/07/2022;0.00 %
364;Boisement;CNPF C+for n° 67 Bouvines (Kiloutou n° 1);521;0;Hauts-de-France;Olivier GLEIZES;21/10/2021;04/07/2022;100.00 %
423;Boisement;CNPF C+for n° 73 Savy-Berlette (VIIA n° 3);757;0;Hauts-de-France;Olivier GLEIZES;04/01/2022;04/07/2022;100.00 %
262;Boisement;CNPF C+for no 54 Eperlecques (La Poste n°19);1054;0;Hauts-de-France;Olivier GLEIZES;12/08/2021;04/07/2022;100.00 %
432;Boisement;STOCK CO2 n°66 – Hauts de France (80);2313;0;Hauts-de-France;;21/01/2022;04/07/2022;79.98 %
412;Boisement;STOCK CO2 n°59 – Hauts de France (80);852;0;Hauts-de-France;;16/12/2021;04/07/2022;80.52 %
8745911;Boisement;CNPF C+for n° 80 Tour de France 2022 Jonquières (A.S.O. n° 9);346;0;Occitanie;Olivier GLEIZES;10/05/2022;01/07/2022;100.00 %
93;Reboisement;Contadour;7181;0;PACA;;11/09/2020;01/07/2022;0.00 %
8135803;Reboisement;Forêt domaniale de la Montagne noire (81) - parcelles incendiées 168 et 169 parties;3171;0;Occitanie;EPIC Office National des Forêts (ONF);16/03/2022;01/07/2022;0.00 %
8596390;Boisement;CNPF C+for n° 81 Tour de France Auch (A.S.O. n° 10);324;0;Occitanie;Olivier GLEIZES;26/04/2022;01/07/2022;100.00 %
8277389;Reboisement;Alliance Forêts Bois/GCF n° 76 -Verreries-de-Moussans (34);367;0;Occitanie;Alliance Forêts bois;07/02/2022;01/07/2022;0.00 %
244;Reboisement;SF²4C_Morvan 1;9143;0;Bourgogne Franche Comté;SOCIETE FORESTIERE;12/07/2021;30/06/2022;80.00 %
7950653;Boisement;Alliance Forêts Bois/GCF n° 73 - Baugé (49)/Bazouges Cré sur Loir (72);5970;0;Pays de la Loire;Alliance Forêts bois;13/01/2022;28/06/2022;100.00 %
7917348;Boisement;Atmosylva n°3 Boisement Torcé-Viviers-en-Charnie (53);1227;0;Pays de la Loire;ATMOSYLVA;15/10/2021;28/06/2022;98.78 %
8515920;Boisement;STOCK CO2 n°60 - Pays de la Loire (53);1264;0;Pays de la Loire;;16/12/2021;28/06/2022;41.45 %
8792329;Reboisement;Atmosylva n°6 - Reboisement de forêt incendiée Saint-Mars d'Outillé (72);3038;0;Pays de la Loire;ATMOSYLVA;16/05/2022;28/06/2022;40.79 %
7984747;Boisement;CNPF C+for n°70 Eps (GT2i n°2);367;0;Hauts-de-France;Camille STOUFF;08/03/2022;28/06/2022;100.00 %
7975843;Boisement;STOCK CO2 n°78 - Hauts de France (80);985;0;Hauts-de-France;;08/03/2022;27/06/2022;80.00 %
306;Reboisement;Projet Néosylva – Pays de la Loire (44) – 2CHAV-120;758;0;Pays de la Loire;NEOSYLVA INVESTISSEMENT FORESTIER;14/09/2021;22/06/2022;0.00 %
8469619;Reboisement;PFUE NOUVELLE-AQUITAINE (Lagnereau);7951;0;Nouvelle Aquitaine;EPIC Office National des Forêts (ONF);28/09/2020;22/06/2022;0.00 %
382;Boisement;Coopérative Carbone - Aquitaine Carbone - CRPF n°2 / Boisement (16);1312;0;Nouvelle Aquitaine;COOPERATIVE CARBONE;23/11/2021;20/06/2022;0.00 %
373;Reboisement;Alliance Forêts Bois/GCF n° 54 - Saint-Jean-d'Illac (33);408;0;Nouvelle Aquitaine;Alliance Forêts bois;02/11/2021;20/06/2022;74.00 %
284;Reboisement;Alliance Forêts Bois/GCF n° 42 - Saint-Pierre-de-Côle (24);312;0;Nouvelle Aquitaine;Alliance Forêts bois;01/09/2021;16/06/2022;100.00 %
8485392;Reboisement;PFUE Seine Nord (Haye d'aubenton);4459;0;Hauts-de-France;Léa BOURLHONNE;23/09/2021;15/06/2022;0.00 %
305;Boisement;Projet Néosylva - Pays de la Loire (44) - 2PAYR-121;1249;0;Pays de la Loire;NEOSYLVA INVESTISSEMENT FORESTIER;14/09/2021;15/06/2022;100.00 %
8282580;Reboisement;STOCK CO2 n°67 - Nouvelle Aquitaine (19);516;0;Nouvelle Aquitaine;;28/01/2022;15/06/2022;0.00 %
8352814;Boisement;Alliance Forêts Bois/GCF n°70 - Meilhan (40);969;0;Nouvelle Aquitaine;Alliance Forêts bois;15/12/2021;15/06/2022;100.00 %
8279326;Boisement;Alliance Forêts Bois/GCF n° 59 - Oyré (86);2341;0;Nouvelle Aquitaine;Alliance Forêts bois;10/11/2021;15/06/2022;100.00 %
359;Boisement;CNPF C+for n°68 Lavaur (Pierre Fabre n°1);1933;0;Occitanie;Olivier GLEIZES;20/10/2021;14/06/2022;100.00 %
7932286;Boisement;Alliance Forêts Bois/GCF n°78 - Cassaniouze (15);982;0;Auvergne Rhône Alpes;Alliance Forêts bois;03/03/2022;10/06/2022;100.00 %
346;Reboisement;STOCK CO2 n°52 – Bourgogne Franche Comté (58);14362;0;Bourgogne Franche Comté;;11/10/2021;07/06/2022;79.99 %
390;Reboisement;GCF/CFBL n° 64 - Foncegrive (21);3485;0;Bourgogne Franche Comté;CFBL Coopérative Forestière;01/12/2021;07/06/2022;100.00 %
401;Boisement;CNPF C+for n°71 Chiché (Union Sociale pour l’Habitat);683;0;Nouvelle Aquitaine;Olivier GLEIZES;06/12/2021;07/06/2022;100.00 %
411;Boisement;STOCK CO2 n°58 – Bourgogne Franche Comté (89);491;0;Bourgogne Franche Comté;;16/12/2021;07/06/2022;0.00 %
289;Boisement;STOCK CO2 n°40 – Bourgogne Franche Comté (71);1450;0;Bourgogne Franche Comté;;06/09/2021;03/06/2022;0.00 %
287;Boisement;STOCK CO2 n°42 - Bourgogne Franche Comté (21);784;0;Bourgogne Franche Comté;;03/09/2021;03/06/2022;0.00 %
8470325;Reboisement;PFUE Seine-Nord (Samoussy);3946;0;Hauts-de-France;Léa BOURLHONNE;10/02/2021;01/06/2022;0.00 %
408;Boisement;Alliance Forêts Bois/GCF n° 68 - Calmels-et-le-Viala (12);201;0;Occitanie;Alliance Forêts bois;15/12/2021;19/05/2022;100.00 %
8468912;Boisement;Alliance Forêts Bois/GCF n° 50 - Prayssas (47);5985;0;Nouvelle Aquitaine;Alliance Forêts bois;23/09/2021;19/05/2022;100.00 %
413;Boisement;Alliance Forêts Bois/GCF n° 67 - Châtenay-Malabry (92);259;0;Ile de France;Alliance Forêts bois;16/12/2021;19/05/2022;100.00 %
301;Boisement;Boisement d’une parcelle en Forêt Domaniale de l’Aigoual – Le Serre du Cayla;799;0;Occitanie;OFFICE NATIONAL DES FORETS;08/09/2021;19/05/2022;0.00 %
381;Boisement;Alliance Forêts Bois/GCF n° 60 - Masclat (46);653;0;Occitanie;Alliance Forêts bois;22/11/2021;19/05/2022;100.00 %
407;Boisement;Alliance Forêts Bois/GCF n° 69 - Busque (81);1134;0;Occitanie;Alliance Forêts bois;15/12/2021;19/05/2022;100.00 %
285;Boisement;Alliance Forêts Bois/GCF n° 43 - Maurens-Scopont (81);603;0;Occitanie;Alliance Forêts bois;01/09/2021;19/05/2022;100.00 %
374;Boisement;Alliance Forêts Bois/GCF n° 55 - Fourcès (32);2668;0;Occitanie;Alliance Forêts bois;02/11/2021;19/05/2022;100.00 %
365;Boisement;CNPF C+for n°69 Bourgs-sur-Colagne (GT2i n° 1);521;0;Occitanie;Olivier GLEIZES;21/10/2021;18/05/2022;100.00 %
7980460;Boisement;Alliance Forêts Bois/GCF n° 58 - Gabarnac (33);1275;0;Nouvelle Aquitaine;Alliance Forêts bois;10/11/2021;17/05/2022;79.00 %
446;Boisement;Coopérative Carbone - Aquitaine Carbone - CNPF n°3 / Boisement Saint-Martin-le-Pin (24);412;0;Nouvelle Aquitaine;COOPERATIVE CARBONE;11/02/2022;16/05/2022;0.76 %
220;Reboisement;STOCK CO2 n°48 – Centre Val de Loire (18);991;0;Centre Val de Loire;;27/05/2021;13/05/2022;0.00 %
421;Boisement;STOCK CO2 n°64 – Pays de la Loire (53);1009;0;Pays de la Loire;;03/01/2022;12/05/2022;0.00 %
348;Boisement;Alliance Forêts Bois/GCF n° 53 - Lombron (72);1816;0;Pays de la Loire;Alliance Forêts bois;13/10/2021;12/05/2022;100.00 %
98;Boisement;STOCK CO2 n°47 – Pays de la Loire (44);881;0;Pays de la Loire;;21/09/2020;12/05/2022;1.93 %
101;Boisement;STOCK CO2 n°10 - Pays de la Loire (85);3358;0;Pays de la Loire;;25/09/2020;12/05/2022;60.00 %
282;Boisement;Alliance Forêts Bois/GCF n° 40 - La Flèche/Villaines-sous-Malicorne (72);753;0;Pays de la Loire;Alliance Forêts bois;31/08/2021;12/05/2022;100.00 %
366;Boisement;CNPF C+for n° 32 Tour de France n° 32 Laval contre-la-montre (A.S.O. n° 2);1050;0;Pays de la Loire;Olivier GLEIZES;21/10/2021;12/05/2022;100.00 %
307;Boisement;Projet Néosylva – Pays de la Loire (49) – 2BROS-121;2597;0;Pays de la Loire;NEOSYLVA INVESTISSEMENT FORESTIER;14/09/2021;12/05/2022;100.00 %
309;Reboisement;Alliance Forêts Bois/GCF n° 48 le Masnau-Massuguiès;632;0;Occitanie;Alliance Forêts bois;22/09/2021;04/05/2022;100.00 %
205;Reboisement;CNPF C+for n°61 Bonnefond (Silab n°1);295;0;Nouvelle Aquitaine;Olivier GLEIZES;27/04/2021;22/04/2022;100.00 %
151;Plantation de vergers;STOCK CO2 n°23 - Auvergne Rhône Alpes (26);566;0;Auvergne Rhône Alpes;;15/01/2021;22/04/2022;0.00 %
200;Boisement;"CNPF C+for n° 45 Frontignan ""ESPERENSE"" (La Poste n°18)";895;0;Occitanie;Olivier GLEIZES;27/04/2021;22/04/2022;100.00 %
405;Reboisement;Alliance Forêts Bois/GCF n° 61 - Cercoux (17);2883;0;Nouvelle Aquitaine;Alliance Forêts bois;14/12/2021;15/04/2022;100.00 %
292;Reboisement;Alliance Forêts Bois/GCF n° 44 - Gaillères (40);758;0;Nouvelle Aquitaine;Alliance Forêts bois;06/09/2021;15/04/2022;100.00 %
330;Boisement;Alliance Forêts Bois/GCF n° 45 - Saint-Magne (33);420;0;Nouvelle Aquitaine;Alliance Forêts bois;23/09/2021;15/04/2022;100.00 %
278;Reboisement;Alliance Forêts Bois/GCF n° 31 - Le Tuzan/Saint-Symphorien (33);3310;0;Nouvelle Aquitaine;Alliance Forêts bois;27/08/2021;15/04/2022;100.00 %
281;Boisement;Alliance Forêts Bois/GCF n° 28 - Aubiac (33);1548;0;Nouvelle Aquitaine;Alliance Forêts bois;30/08/2021;15/04/2022;100.00 %
318;Reboisement;Alliance Forêts Bois/GCF n° 47 - Saucats (33);1740;0;Nouvelle Aquitaine;Alliance Forêts bois;22/09/2021;15/04/2022;100.00 %
279;Reboisement;Alliance Forêts Bois/GCF n° 39 - Saint-Front-sur-Nizonne (24);374;0;Nouvelle Aquitaine;Alliance Forêts bois;27/08/2021;15/04/2022;100.00 %
319;Reboisement;Alliance Forêts Bois/GCF n° 49 - Trensacq (40);675;0;Nouvelle Aquitaine;Alliance Forêts bois;22/09/2021;15/04/2022;100.00 %
277;Reboisement;Alliance Forêts Bois/GCF n° 41 - Le Tuzan (33);1636;0;Nouvelle Aquitaine;Alliance Forêts bois;27/08/2021;15/04/2022;0.00 %
343;Boisement;CNPF C+for n°63 Roquebrune n°2 (Immoconstruction n°2);482;0;Nouvelle Aquitaine;Olivier GLEIZES;06/10/2021;15/04/2022;100.00 %
211;Reboisement;CNPF C+for n° 33 Tour de France 2021 Sallanches (A.S.O n°3);860;0;Auvergne Rhône Alpes;Olivier GLEIZES;27/04/2021;01/04/2022;100.00 %
338;Boisement;GCF/Unisylva n° 30 - Rilhac-Rancon (87);156;0;Nouvelle Aquitaine;Groupe Coopération Forestière;05/10/2021;28/03/2022;0.00 %
174;Reboisement;Theveniau;1027;0;Pays de la Loire;SELARL;11/03/2021;11/03/2022;0.00 %
280;Boisement;Alliance Forêts Bois/GCF n° 37 - Beaupuy (82);1047;0;Occitanie;Alliance Forêts bois;30/08/2021;23/02/2022;100.00 %
341;Boisement;CNPF C+for n°36 Sainte-Eulalie (Aquitanis n°1);283;0;Nouvelle Aquitaine;Olivier GLEIZES;06/10/2021;23/02/2022;100.00 %
344;Boisement;STOCK CO2 n°51 – Hauts de France (62);5757;0;Hauts-de-France;;06/10/2021;23/02/2022;50.37 %
376;Reboisement;STOCK CO2 n°55 – Pays de la Loire (49);667;0;Pays de la Loire;;12/11/2021;23/02/2022;0.00 %
120;Boisement;GCF/CFBL n°26 - Vidaillat (23);297;297;Nouvelle Aquitaine;CFBL Coopérative Forestière;10/11/2020;23/02/2022;0.00 %
169;Boisement;SF²x4C_PerouEtBasseFoule_B1;1829;0;Centre Val de Loire;SOCIETE FORESTIERE;04/03/2021;23/02/2022;100.00 %
310;Reboisement;GCF/CFBL n° 46 - Bagnols (63);667;0;Auvergne Rhône Alpes;CFBL Coopérative Forestière;15/09/2021;23/02/2022;61.23 %
362;Boisement;CNPF C+for n°66 Fleuré (ENGIE Solutions n°4);1801;0;Nouvelle Aquitaine;Olivier GLEIZES;20/10/2021;23/02/2022;100.00 %
304;Reboisement;CNPF C+for n°60 Vaucluse (L’Occitane n°1);240;0;PACA;Olivier GLEIZES;13/09/2021;23/02/2022;100.00 %
252;Reboisement;STOCK CO2 n°37 – Centre-Val de Loire (41);245;0;Centre Val de Loire;;23/07/2021;28/01/2022;0.00 %
173;Reboisement;SF²x4C_La Veuge_R1;33934;0;Bourgogne Franche Comté;SOCIETE FORESTIERE;10/03/2021;28/01/2022;82.00 %
336;Boisement;Boisement WeNow x Charier à Herbignac (44);178;0;Pays de la Loire;;04/10/2021;28/01/2022;0.00 %
293;Reboisement;STOCK CO2 n°44 – Grand Est (51);4632;0;Grand Est;;06/09/2021;28/01/2022;79.90 %
333;Boisement;STOCK CO2 n°49 – Pays de la Loire (49);2511;0;Pays de la Loire;;28/09/2021;28/01/2022;68.32 %
342;Boisement;CNPF C+for n°65 Firbeix (Immoconstruction n°4);1288;0;Nouvelle Aquitaine;Olivier GLEIZES;06/10/2021;28/01/2022;100.00 %
345;Boisement;Alliance Forêts Bois/GCF n° 52 - Labarthe-Bleys (81);672;0;Occitanie;Alliance Forêts bois;08/10/2021;28/01/2022;100.00 %
291;Boisement;STOCK CO2 n°46 – Pays de la Loire (44);1427;0;Pays de la Loire;;06/09/2021;28/01/2022;0.00 %
335;Boisement;STOCK CO2 n°50 – Pays de la Loire (44);981;0;Pays de la Loire;;30/09/2021;28/01/2022;9.58 %
206;Reboisement;CNPF C+for n° 35 Tour de France 2021 Pau (A.S.O. n° 5);263;0;Nouvelle Aquitaine;Olivier GLEIZES;27/04/2021;25/01/2022;100.00 %
267;Boisement;CNPF C+for n°55 Vendée (La Poste n°20);2112;0;Pays de la Loire;Olivier GLEIZES;12/08/2021;25/01/2022;100.00 %
265;Boisement;CNPF C+for n°47 Tour de France 2021 (Deceuninck Quick-Step n°1);754;0;Bretagne;Olivier GLEIZES;12/08/2021;25/01/2022;100.00 %
290;Boisement;STOCK CO2 n°43 – Pays de la Loire (85);1053;0;Pays de la Loire;;06/09/2021;25/01/2022;79.94 %
268;Boisement;CNPF C+for n°46 Riaillé (Galeries Lafayette n°1);890;0;Pays de la Loire;Olivier GLEIZES;12/08/2021;25/01/2022;68.00 %
227;Plantation de vergers;La Granja;4575;0;Occitanie;La Granja;14/06/2021;25/01/2022;35.30 %
241;Boisement;SF²X4C_Pouligny_B;3110;0;Centre Val de Loire;SOCIETE FORESTIERE;09/07/2021;25/01/2022;100.00 %
266;Boisement;CNPF C+for n°59 Saint-Cyr-des-Gâts (ENGIE Solutions n°3);1150;0;Pays de la Loire;Olivier GLEIZES;12/08/2021;25/01/2022;100.00 %
340;Boisement;CNPF C+for n°62 Roquebrune n°1 (Immoconstruction n°1);1281;0;Nouvelle Aquitaine;Olivier GLEIZES;06/10/2021;25/01/2022;100.00 %
275;Boisement;STOCK CO2 n°39 - Nouvelle Aquitaine (40);4463;0;Nouvelle Aquitaine;;24/08/2021;25/11/2021;73.79 %
201;Boisement;CNPF C+for n°38 Vendée (IAE Paris n°4);2038;0;Pays de la Loire;Olivier GLEIZES;27/04/2021;25/11/2021;100.00 %
148;Plantation de vergers;STOCK CO2 n°22 - Auvergne Rhône Alpes (26);133;0;Auvergne Rhône Alpes;;14/01/2021;25/11/2021;69.92 %
215;Boisement;Pierre Aussedat - Projet de Faye (58);1788;0;Bourgogne Franche Comté;Pierre Aussedat SARL;06/05/2021;25/11/2021;98.00 %
337;Plantation de vergers;Verger du SUFFOLK;557;0;Normandie;;04/10/2021;25/11/2021;0.00 %
274;Boisement;STOCK CO2 n°38 - Nouvelle Aquitaine (17);12305;0;Nouvelle Aquitaine;;23/08/2021;25/11/2021;80.00 %
142;Reboisement;CNPF C+for n° 37 Vayres-sur-Essonne (VIIA n° 2);218;0;Ile de France;Olivier GLEIZES;17/12/2020;27/10/2021;100.00 %
272;Reboisement;CNPF C+for n°51 Saint-Cézaire-sur-Siagne n°1 (Festival de Cannes n°1);176;0;PACA;Olivier GLEIZES;12/08/2021;27/10/2021;100.00 %
258;Boisement;Alliance Forêts Bois/GCF n° 36 - Herré (40);1894;0;Nouvelle Aquitaine;Alliance Forêts bois;30/07/2021;27/10/2021;100.00 %
270;Reboisement;CNPF C+for n°49 Azy-le-Vif (Hanes France n°5);2413;0;Bourgogne Franche Comté;Olivier GLEIZES;12/08/2021;27/10/2021;100.00 %
240;Reboisement;Alliance Forêts Bois/GCF n° 29 - Chantérac (24);593;0;Nouvelle Aquitaine;Alliance Forêts bois;08/07/2021;27/10/2021;100.00 %
273;Reboisement;CNPF C+for n°48 Montsauche-les-Settons (Hanes France n°4);3865;0;Bourgogne Franche Comté;Olivier GLEIZES;12/08/2021;27/10/2021;100.00 %
253;Boisement;Atmosylva n°2 - Boisement Batilly-en-Puisaye (Loiret);338;0;Centre Val de Loire;ATMOSYLVA;26/07/2021;27/10/2021;92.99 %
191;Reboisement;Parcelle forestière 146 - Forêt Domanial de Moyeuvre Grande (57);2030;0;Grand Est;EPIC Office National des Forêts (ONF);07/04/2021;27/10/2021;0.00 %
210;Reboisement;CNPF C+for n°44 Langon (BIC n°2);429;0;Bretagne;Olivier GLEIZES;27/04/2021;27/10/2021;100.00 %
248;Boisement;STOCK CO2 n°26 – Centre-Val de Loire (41);979;0;Centre Val de Loire;;13/07/2021;27/10/2021;4.07 %
271;Reboisement;CNPF C+for n°52 Saint-cézaire-sur-Siagne n°2 (Festival de Cannes n°2);213;0;PACA;Olivier GLEIZES;12/08/2021;27/10/2021;100.00 %
254;Boisement;Alliance Forêts Bois/GCF n° 32 - Labarthe-Bleys (81);1094;0;Occitanie;Alliance Forêts bois;28/07/2021;27/10/2021;100.00 %
269;Boisement;CNPF C+for n°50 Pierreclos (Hanes France n°6);1153;0;Bourgogne Franche Comté;Olivier GLEIZES;12/08/2021;27/10/2021;100.00 %
162;Boisement;SF²x4C_Bois région Cambrai;428;0;Hauts-de-France;SOCIETE FORESTIERE;10/02/2021;24/09/2021;100.00 %
225;Boisement;Alliance Forêts Bois/GCF n° 17 – Saint-Aubin-le-Monial (03);1800;0;Auvergne Rhône Alpes;Alliance Forêts bois;11/06/2021;24/09/2021;100.00 %
239;Reboisement;STOCK CO2 n°33 - Centre Val de Loire (45);2495;0;Centre Val de Loire;;07/07/2021;24/09/2021;0.00 %
249;Reboisement;STOCK CO2 n°35 - Centre-Val de Loire (45);1098;0;Centre Val de Loire;;15/07/2021;24/09/2021;41.34 %
242;Boisement;STOCK CO2 n°34 – Pays de la Loire (85);10312;0;Pays de la Loire;;09/07/2021;24/09/2021;79.99 %
237;Reboisement;STOCK CO2 n°31 - Normandie (34);741;0;Normandie;;05/07/2021;24/09/2021;0.00 %
245;Boisement;STOCK CO2 n°28 – Centre-Val de Loire (41);1152;0;Centre Val de Loire;;12/07/2021;24/09/2021;0.00 %
250;Reboisement;STOCK CO2 n°36 - Centre-Val de Loire (45);616;0;Centre Val de Loire;;17/07/2021;24/09/2021;0.00 %
230;Reboisement;Aéroports de Lyon / Conseil départemental du Rhône : Projet n°1 – Reboisement Cantinière;583;0;Auvergne Rhône Alpes;Département du Rhône;23/06/2021;24/09/2021;100.00 %
202;Boisement;CNPF C+for n°41 Tarn (Banque Neuflize n°2);1343;0;Occitanie;Olivier GLEIZES;27/04/2021;24/09/2021;100.00 %
213;Reboisement;Forêt Domaniale de Drunsenheim (67);2386;0;Grand Est;EPIC Office National des Forêts (ONF);30/04/2021;24/09/2021;0.00 %
203;Boisement;CNPF C+for n°40 Sarthe (Banque Neuflize n°1);2516;0;Pays de la Loire;Olivier GLEIZES;27/04/2021;13/08/2021;100.00 %
60;Reboisement;CNPF C+for n°27 Biarritz Hergarai n°2 (La Poste n°17);666;0;Nouvelle Aquitaine;Olivier GLEIZES;10/06/2020;13/08/2021;100.00 %
207;Reboisement;CNPF C+for n°39 Mollkrich (Internationaux de Strasbourg n°1);369;0;Grand Est;Olivier GLEIZES;27/04/2021;13/08/2021;100.00 %
59;Boisement;CNPF C+for n°26 Biarritz Hergarai n°1 (La Poste n°16);1536;0;Nouvelle Aquitaine;Olivier GLEIZES;10/06/2020;13/08/2021;100.00 %
190;Reboisement;STOCK CO2 n°25 – Bourgogne Franche Comté (21);2093;0;Bourgogne Franche Comté;;05/04/2021;11/08/2021;79.98 %
183;Reboisement;"Reforest&#039;Action - Massif des Landes de Gascogne (40)";5741;0;Nouvelle Aquitaine;REFOREST'ACTION;18/03/2021;11/08/2021;90.00 %
195;Boisement;STOCK CO2 n°29 – Bourgogne Franche Comté (58);2381;0;Bourgogne Franche Comté;;21/04/2021;11/08/2021;42.00 %
187;Boisement;CNPF C+for n°28 Vienne (WO2 n°1);1221;0;Nouvelle Aquitaine;Olivier GLEIZES;25/03/2021;11/08/2021;0.00 %
238;Boisement;STOCK CO2 n°32 - Centre Val de Loire (37);7291;0;Centre Val de Loire;;06/07/2021;11/08/2021;0.00 %
196;Boisement;Alliance Forêts Bois/GCF n° 22 – Mazières-de-Touraine (37);1163;0;Centre Val de Loire;Alliance Forêts bois;22/04/2021;11/08/2021;100.00 %
188;Boisement;Reforest'Action - La bonne Foussie (24);2058;0;Nouvelle Aquitaine;REFOREST'ACTION;01/04/2021;11/08/2021;0.00 %
216;Boisement;Reforest'Action - La Motte (79);2534;0;Nouvelle Aquitaine;REFOREST'ACTION;06/05/2021;11/08/2021;0.00 %
197;Boisement;Alliance Forêts Bois/GCF n° 25 – Le Frêche (40);2073;0;Nouvelle Aquitaine;Alliance Forêts bois;22/04/2021;13/07/2021;100.00 %
214;Reboisement;Alliance Forêts Bois/GCF n° 24 – Mareuil en Périgord (24);1483;0;Nouvelle Aquitaine;Alliance Forêts bois;04/05/2021;13/07/2021;100.00 %
229;Boisement;STOCK CO2 n°27 – Nouvelle Aquitaine (33);534;0;Nouvelle Aquitaine;;16/06/2021;13/07/2021;0.00 %
204;Boisement;CNPF C+for n°29 Sarthe (La Poste n°14);1360;0;Pays de la Loire;Olivier GLEIZES;27/04/2021;13/07/2021;100.00 %
212;Reboisement;Reboisement de parcelles en Forêt Domaniale du Toulourenc;849;0;PACA;EPIC Office National des Forêts (ONF);27/04/2021;13/07/2021;0.00 %
138;Reboisement;STOCK CO2 n°16 - Normandie (27);1318;0;Normandie;;16/12/2020;13/07/2021;79.97 %
224;Boisement;Alliance Forêts Bois/GCF n° 21 – Aureilhan (40);411;0;Nouvelle Aquitaine;Alliance Forêts bois;11/06/2021;13/07/2021;100.00 %
140;Boisement;Reforest'Action - Aizenay partie 1 (85);4106;0;Pays de la Loire;REFOREST'ACTION;17/12/2020;22/06/2021;0.00 %
192;Boisement;Reforest'Action - Le bois renard (85);4996;0;Pays de la Loire;REFOREST'ACTION;13/04/2021;17/06/2021;0.00 %
167;Boisement;GCF/CFBL n°15 - Billy-sur-Oisy (58);973;0;Bourgogne Franche Comté;CFBL Coopérative Forestière;25/02/2021;17/06/2021;0.00 %
185;Boisement;Atmosylva - Boisement Chars (95);2487;0;Ile de France;ATMOSYLVA;23/03/2021;17/06/2021;22.90 %
209;Reboisement;CNPF C+for n°31 Tour de France 2021 Golfe du Morbihan (A.S.O n°1);130;0;Bretagne;Olivier GLEIZES;27/04/2021;17/06/2021;100.00 %
208;Reboisement;CNPF C+for n°34 Tour de France 2021 Col de Montségur (A.S.O n°4);1661;0;Occitanie;Olivier GLEIZES;27/04/2021;17/06/2021;100.00 %
263;Boisement;CNPF C+for n°53 Cantal (Festival de Cannes n°3);5780;0;Auvergne Rhône Alpes;Olivier GLEIZES;12/08/2021;02/06/2021;100.00 %
137;Reboisement;GCF/COFORET n°6 - Saint Marcel-l'Eclairé (69);718;0;Auvergne Rhône Alpes;COFORET;16/12/2020;11/05/2021;100.00 %
163;Reboisement;GCF/CFBL n°8 - La Motte-Ternant (21);843;843;Bourgogne Franche Comté;CFBL Coopérative Forestière;10/02/2021;11/05/2021;100.00 %
69;Boisement;Reforest'Action - L'Epine Josse (76);3139;0;Normandie;REFOREST'ACTION;29/06/2020;11/05/2021;0.00 %
145;Boisement;"Reforest&#039;Action - Le bois des Lesques (76)";6946;0;Normandie;REFOREST'ACTION;07/01/2021;11/05/2021;90.03 %
70;Reboisement;Reforest'Action - Massif de Laforestière (76);983;0;Normandie;REFOREST'ACTION;29/06/2020;11/05/2021;0.00 %
171;Boisement;Alliance Forêts Bois/GCF n° 16 - Gramat (46);142;0;Occitanie;Alliance Forêts bois;10/03/2021;11/05/2021;0.00 %
106;Boisement;Alliance Forêts Bois/GCF n° 12 - Saint-Calais-du-Désert (53);312;0;Pays de la Loire;Alliance Forêts bois;05/10/2020;31/03/2021;100.00 %
119;Boisement;GCF/CFBL n°10 - Presly (18);545;505;Centre Val de Loire;CFBL Coopérative Forestière;03/11/2020;30/03/2021;100.00 %
147;Reboisement;Alliance Forêts Bois/GCF n° 7 - Nieul-le-Virouil (17);294;0;Nouvelle Aquitaine;Alliance Forêts bois;08/01/2021;30/03/2021;100.00 %
128;Boisement;CNPF C+for n°24 G7 Affaires étrangères (Ministère de l'Europe et des Affaires étrangères n°1);916;0;Bretagne;Olivier GLEIZES;24/11/2020;30/03/2021;100.00 %
43;CarbonAgri;Fermes bas carbone-1;138766;115697;Bretagne;FRANCE CARBON AGRI ASSOCIATION;17/02/2020;30/03/2021;54.59 %
141;Reboisement;CNPF C+for n°30 Barby & Curienne (VIIA n°1);649;0;Auvergne Rhône Alpes;Olivier GLEIZES;17/12/2020;30/03/2021;100.00 %
159;Boisement;Alliance Forêts Bois/GCF n° 13 - Herré (40);4235;0;Nouvelle Aquitaine;Alliance Forêts bois;03/02/2021;30/03/2021;100.00 %
165;Reboisement;Alliance Forêts Bois/GCF n° 9 - Hostens (33);856;0;Nouvelle Aquitaine;Alliance Forêts bois;17/02/2021;30/03/2021;100.00 %
139;Boisement;CNPF C+for n°25 Tayac (EthicDrinks n°1);304;0;Nouvelle Aquitaine;Olivier GLEIZES;17/12/2020;30/03/2021;100.00 %
130;Boisement;Alliance Forêts Bois/GCF n° 11 - Nieul-lès-Saintes (17);708;1005;Nouvelle Aquitaine;Alliance Forêts bois;04/12/2020;09/02/2021;100.00 %
110;Reboisement;FD Cousson - LBC 2020;1143;0;PACA;EPIC Office National des Forêts (ONF);12/10/2020;09/02/2021;100.00 %
114;Reboisement;STOCK CO2 n°17 - Bourgogne Franche Comté (58);3694;0;Bourgogne Franche Comté;;14/10/2020;09/02/2021;79.99 %
129;Reboisement;GCF/CFBL n°5 - Anost (17);1288;1288;Bourgogne Franche Comté;CFBL Coopérative Forestière;30/11/2020;09/02/2021;100.00 %
134;Reboisement;STOCK CO2 n°19 - Bourgogne Franche Comté (58);1842;1842;Bourgogne Franche Comté;;11/12/2020;09/02/2021;32.57 %
115;Reboisement;STOCK CO2 n°18 - Bourgogne Franche Comté (58);6045;0;Bourgogne Franche Comté;;14/10/2020;09/02/2021;80.00 %
123;Reboisement;Brepson;1126;0;Pays de la Loire;SELARL;17/11/2020;26/01/2021;100.00 %
96;Boisement;STOCK CO2 n°8 - Grand Est (08);2088;0;Grand Est;;15/09/2020;26/01/2021;54.74 %
74;Boisement;STOCK CO2 n°3 - Bourgogne-Franche-Comté (58);1746;1551;Bourgogne Franche Comté;;23/07/2020;26/01/2021;0.00 %
100;Reboisement;Compensation carbone forestier du Ménil Mitry;3806;0;Grand Est;Pierre Aussedat SARL;22/09/2020;26/01/2021;0.00 %
133;Reboisement;STOCK CO2 n°20 - Grand Est (08);983;0;Grand Est;;11/12/2020;26/01/2021;0.00 %
144;Boisement;STOCK CO2 n°21 - Grand Est (52);1801;0;Grand Est;;06/01/2021;26/01/2021;18.10 %
94;Boisement;Brepson;630;0;Pays de la Loire;SELARL;11/09/2020;26/01/2021;100.00 %
122;Reboisement;Bardoul;2265;0;Pays de la Loire;SELARL;17/11/2020;26/01/2021;100.00 %
79;Reboisement;Forêt domaniale de Ternes (88);3078;0;Grand Est;EPIC Office National des Forêts (ONF);30/07/2020;26/01/2021;0.00 %
84;Reboisement;CNPF C+ for n°17 Générac Valcombe (La Poste n°11);344;0;Occitanie;Olivier GLEIZES;12/08/2020;17/12/2020;100.00 %
109;Reboisement;STOCK CO2 n°12 - Grand Est (57);1361;0;Grand Est;;09/10/2020;17/12/2020;0.00 %
113;Reboisement;STOCK CO2 n°15 - Bourgogne France Comté (21);2301;0;Bourgogne Franche Comté;;13/10/2020;17/12/2020;79.97 %
80;Reboisement;Projet de reboisement à Orches;672;0;Nouvelle Aquitaine;Actiforest;03/08/2020;17/12/2020;100.00 %
107;Reboisement;SF²x4C_Bois Boudran;3135;0;Ile de France;SOCIETE FORESTIERE;08/10/2020;17/12/2020;100.00 %
116;Reboisement;Alliance Forêts Bois/GCF n° 4 - Saint-Césaire (17);220;0;Nouvelle Aquitaine;Alliance Forêts bois;16/10/2020;17/12/2020;100.00 %
103;Boisement;STOCK CO2 n°11 - Nouvelle-Aquitaine (33);2754;0;Nouvelle Aquitaine;;26/09/2020;17/12/2020;0.00 %
126;Boisement;CNPF C+for n°19 Vallée de l'Authie (La Poste n° 13);416;0;Hauts-de-France;Olivier GLEIZES;23/11/2020;17/12/2020;100.00 %
83;Reboisement;CNPF C+ for n°18 Générac Aigues Vives (La Poste n°12);344;0;Occitanie;Olivier GLEIZES;12/08/2020;17/12/2020;100.00 %
108;Boisement;STOCK CO2 n°13 - Normandie (61);2177;0;Normandie;;09/10/2020;17/12/2020;0.00 %
117;Boisement;CNPF C+for n°20 Saint-Etienne-de-Montluc;1783;0;Pays de la Loire;Olivier GLEIZES;23/10/2020;17/12/2020;100.00 %
92;Boisement;STOCK CO2 n°5 - Centre-Val de Loire (45);1576;0;Centre Val de Loire;;09/09/2020;17/12/2020;79.95 %
112;Reboisement;STOCK CO2 n°14 - Bourgogne France Comté (21);3026;0;Bourgogne Franche Comté;;13/10/2020;17/12/2020;79.97 %
127;Reboisement;CNPF C+for n°12 G7 Environnement (Ministère de la Transition Ecologique n°1);109;0;Grand Est;Olivier GLEIZES;23/11/2020;17/12/2020;100.00 %
28;Boisement;Boisement Buxy;246;246;Bourgogne Franche Comté;Fransylva Services ;06/11/2019;16/11/2020;100.00 %
65;Balivage;Balivage GF de la Rouquette;1069;0;Occitanie;;23/06/2020;16/11/2020;0.00 %
102;Reboisement;STOCK CO2 n°9 - Hauts-de-France (59);2590;0;Hauts-de-France;;25/09/2020;16/11/2020;19.00 %
55;Boisement;Finnegan par Sylvair - reboisement parcelle abandonnée à Vaux en Beaujolais;187;0;Auvergne Rhône Alpes;Sylvair SAS;25/05/2020;16/11/2020;0.00 %
86;Reboisement;Compensation carbone de la forêt d'Ormes;1116;0;Grand Est;Pierre Aussedat SARL;28/08/2020;16/11/2020;0.00 %
51;Reboisement;Reboisement parcelles FD Somail;1555;0;Occitanie;EPIC Office National des Forêts (ONF);06/04/2020;16/11/2020;0.00 %
73;Boisement;STOCK CO2 n°2 - Centre-Val de Loire (41);1157;0;Centre Val de Loire;;21/07/2020;30/10/2020;57.27 %
68;Boisement;STOCK CO2 n°1 - Pays de la Loire;4903;0;Pays de la Loire;;28/06/2020;30/10/2020;0.00 %
72;Boisement;Carvallo;1157;0;Centre Val de Loire;;07/07/2020;30/10/2020;100.00 %
95;Reboisement;STOCK CO2 n°6 - Normandie (61);538;0;Normandie;;11/09/2020;30/10/2020;0.00 %
64;Reboisement;Alliance Forêts Bois/GCF n° 2 - La Roche-Chalais (24);5268;0;Nouvelle Aquitaine;Alliance Forêts bois;22/06/2020;15/10/2020;100.00 %
67;Reboisement;Alliance Forêts Bois/GCF n° 3 - Issac (24);1377;0;Nouvelle Aquitaine;Alliance Forêts bois;24/06/2020;15/10/2020;100.00 %
76;Reboisement;"CNPF C+for n°23 Magland ""Le Planey"" (Hanes France n° 3)";765;0;Auvergne Rhône Alpes;Olivier GLEIZES;23/07/2020;12/10/2020;100.00 %
77;Reboisement;CNPF C+for n°21 Amont-et-Effreney (Hanes France n° 1);2321;0;Bourgogne Franche Comté;Olivier GLEIZES;23/07/2020;12/10/2020;100.00 %
75;Reboisement;CNPF C+for n°22 Champlost (Hanes France n° 2);5482;0;Bourgogne Franche Comté;Olivier GLEIZES;23/07/2020;12/10/2020;100.00 %
40;Reboisement;Reboisement Forêt de la Haute Doller;7350;0;Grand Est;GROUPEMENT FORESTIER DES CIMES;08/01/2020;24/07/2020;0.00 %
57;Boisement;Gaschignard;668;0;Pays de la Loire;;02/06/2020;24/07/2020;0.00 %
38;Reboisement;Valombré, 2019;721;0;Occitanie;THE PURE PROJECT;03/01/2020;24/07/2020;0.00 %
63;Boisement;Boisement du Pas Durand;2909;0;Pays de la Loire;SELARL;18/06/2020;24/07/2020;0.00 %
71;Reboisement;"CNPF C+for n°16 Magland ""Sous l'Orgère"" et ""Plaine Joux"" (ENGIE Solutions n°1)";1279;0;Auvergne Rhône Alpes;Olivier GLEIZES;03/07/2020;24/07/2020;100.00 %
7;Boisement;CNPF C+for n°8 Nord Aveyron (La Poste n° 7);1807;0;Occitanie;Olivier GLEIZES;01/10/2018;24/07/2020;100.00 %
58;Reboisement;Orsetti;504;0;Pays de la Loire;;02/06/2020;24/07/2020;100.00 %
49;Reboisement;Stockage de carbone La Voivre;1156;0;Grand Est;Pierre Aussedat SARL;23/03/2020;24/07/2020;0.00 %
61;Reboisement;Alliance Forêts Bois/GCF n° 1 - Vaunac (24);1428;0;Nouvelle Aquitaine;Alliance Forêts bois;12/06/2020;24/07/2020;100.00 %
56;Boisement;Guillier;562;0;Pays de la Loire;;28/05/2020;24/07/2020;53.00 %
62;Reboisement;Projet WeNow (N°1) - CD69;727;0;Auvergne Rhône Alpes;;16/06/2020;24/07/2020;0.00 %
5;Reboisement;CNPF C+for n°5 Cévennes ardéchoises (La Poste n° 4);697;0;Auvergne Rhône Alpes;Olivier GLEIZES;01/12/2015;18/05/2020;100.00 %
25;Balivage;CNPF C+for n°9 Sud Aveyron (La Poste n° 8);53;0;Occitanie;Olivier GLEIZES;01/10/2019;18/05/2020;100.00 %
39;Reboisement;Indivision Destroyat;468;0;Pays de la Loire;;04/01/2020;18/05/2020;0.00 %
276;Boisement;Alliance Forêts Bois/GCF n° 27 - Viellenave-de-Navarrenx (64);3241;0;Nouvelle Aquitaine;Alliance Forêts bois;27/08/2021;16/05/2020;100.00 %
1;Boisement;CNPF C+for n°1 Terre de Peyre (La Poste n° 1);631;0;Occitanie;Olivier GLEIZES;01/07/2015;12/05/2020;100.00 %
47;Reboisement;Forêt communale de Belvédère;80;0;PACA;Office national des forêts;20/02/2020;12/05/2020;0.00 %
66;Boisement;Projet Néosylva – Pays de la Loire (44) – 2KERO-118 (2);1054;858;Pays de la Loire;NEOSYLVA INVESTISSEMENT FORESTIER;24/06/2020;12/05/2020;82.50 %
29;Boisement;Kerougas (1);229;229;Pays de la Loire;NEOSYLVA INVESTISSEMENT FORESTIER;07/11/2019;18/02/2020;0.00 %
44;Boisement;CNPF C+for n°14 Saint-Michel-de-Rieufret (IAE Paris n°2);140;0;Nouvelle Aquitaine;Olivier GLEIZES;18/02/2020;18/02/2020;100.00 %
45;Reboisement;CNPF C+for n°15 Landiras (IAE Paris n°3);656;0;Nouvelle Aquitaine;Olivier GLEIZES;18/02/2020;18/02/2020;100.00 %
4;Boisement;CNPF C+for n°4 Périgord-Limousin (La Poste n° 3);947;947;Nouvelle Aquitaine;Olivier GLEIZES;01/10/2015;13/01/2020;100.00 %
2;Balivage;CNPF C+for n°3 Périgord-Limousin (La Poste n° 3);514;387;Nouvelle Aquitaine;Olivier GLEIZES;01/10/2015;13/01/2020;100.00 %
8;Reboisement;CNPF C+for n°6 Dordogne (La Poste n° 5);2434;0;Nouvelle Aquitaine;Olivier GLEIZES;01/06/2019;09/01/2020;100.00 %
18;Reboisement;Reconstitution en forêt communale d'Haux;1423;0;Nouvelle Aquitaine;;06/08/2019;07/01/2020;0.00 %
3;Boisement;CNPF C+for n°2 Combrailles (La Poste n° 2);1147;1147;Auvergne Rhône Alpes;Olivier GLEIZES;01/10/2015;07/01/2020;100.00 %
17;Reboisement;Reconstitution de la forêt communale de Jaxtou;384;0;Nouvelle Aquitaine;;06/08/2019;07/01/2020;0.00 %
14;Boisement;Reforest'Action - Bois de la Côte de Rogerville (76);3831;0;Normandie;REFOREST'ACTION;26/07/2019;23/12/2019;76.01 %
16;Boisement;Boisement St Geyrac;306;306;Nouvelle Aquitaine;Groupement Forestier de Guichégu;06/08/2019;23/12/2019;100.00 %
30;Reboisement;Reboisement St Geyrac;474;474;Nouvelle Aquitaine;Groupement Forestier de Guichégu;21/11/2019;23/12/2019;100.00 %
33;Boisement;CNPF C+for n°10 Brasparts (La Poste n° 9);1046;0;Bretagne;Olivier GLEIZES;04/12/2019;04/12/2019;100.00 %
34;Boisement;CNPF C+for n°13 Donnezac (IAE Paris n° 1);509;0;Nouvelle Aquitaine;Olivier GLEIZES;04/12/2019;04/12/2019;100.00 %
35;Boisement;CNPF C+for n°11 Tarn (La Poste n° 10);324;0;Occitanie;Olivier GLEIZES;04/12/2019;04/12/2019;100.00 %
6;Boisement;CNPF C+for n°7 Ancy (La Poste n° 6);702;0;Auvergne Rhône Alpes;Olivier GLEIZES;01/10/2018;22/11/2019;100.00 %
